solid OpenSCAD_Model
  facet normal -0.803204 -0.595703 0
    outer loop
      vertex -1.81903 -1.40318 -7.6
      vertex -1.99441 -1.16671 6
      vertex -1.99441 -1.16671 -7.6
    endloop
  endfacet
  facet normal -0.803204 -0.595703 0
    outer loop
      vertex -1.99441 -1.16671 6
      vertex -1.81903 -1.40318 -7.6
      vertex -1.81903 -1.40318 6
    endloop
  endfacet
  facet normal -0 0 1
    outer loop
      vertex 0.5 62.5 6
      vertex 13.9 60.5 6
      vertex 13.9 62.5 6
    endloop
  endfacet
  facet normal 0 0 1
    outer loop
      vertex 0.5 62.5 6
      vertex 0.5 60.5 6
      vertex 13.9 60.5 6
    endloop
  endfacet
  facet normal 0 0 1
    outer loop
      vertex 0.5 62.5 6
      vertex 0.401982 60.4952 6
      vertex 0.5 60.5 6
    endloop
  endfacet
  facet normal -0 0 1
    outer loop
      vertex 0.205948 62.4856 6
      vertex 0.401982 60.4952 6
      vertex 0.5 62.5 6
    endloop
  endfacet
  facet normal 0 0 1
    outer loop
      vertex 0.401982 60.4952 6
      vertex 0.205948 62.4856 6
      vertex 0.304909 60.4808 6
    endloop
  endfacet
  facet normal -0 0 1
    outer loop
      vertex -0.0852709 62.4424 6
      vertex 0.304909 60.4808 6
      vertex 0.205948 62.4856 6
    endloop
  endfacet
  facet normal 0 0 1
    outer loop
      vertex 0.304909 60.4808 6
      vertex -0.0852709 62.4424 6
      vertex 0.209715 60.4569 6
    endloop
  endfacet
  facet normal -0 0 1
    outer loop
      vertex -0.370853 62.3708 6
      vertex 0.209715 60.4569 6
      vertex -0.0852709 62.4424 6
    endloop
  endfacet
  facet normal 0 0 1
    outer loop
      vertex 0.209715 60.4569 6
      vertex -0.370853 62.3708 6
      vertex 0.117316 60.4239 6
    endloop
  endfacet
  facet normal -0 0 1
    outer loop
      vertex -0.648049 62.2716 6
      vertex 0.117316 60.4239 6
      vertex -0.370853 62.3708 6
    endloop
  endfacet
  facet normal 0 0 1
    outer loop
      vertex 0.117316 60.4239 6
      vertex -0.648049 62.2716 6
      vertex 0.0286026 60.3819 6
    endloop
  endfacet
  facet normal -0 0 1
    outer loop
      vertex -0.914189 62.1458 6
      vertex 0.0286026 60.3819 6
      vertex -0.648049 62.2716 6
    endloop
  endfacet
  facet normal 0 0 1
    outer loop
      vertex 0.0286026 60.3819 6
      vertex -0.914189 62.1458 6
      vertex -0.0555696 60.3315 6
    endloop
  endfacet
  facet normal -0 0 1
    outer loop
      vertex -1.16671 61.9944 6
      vertex -0.0555696 60.3315 6
      vertex -0.914189 62.1458 6
    endloop
  endfacet
  facet normal 0 0 1
    outer loop
      vertex -0.0555696 60.3315 6
      vertex -1.16671 61.9944 6
      vertex -0.134393 60.273 6
    endloop
  endfacet
  facet normal -0 0 1
    outer loop
      vertex -1.40318 61.819 6
      vertex -0.134393 60.273 6
      vertex -1.16671 61.9944 6
    endloop
  endfacet
  facet normal 0 0 1
    outer loop
      vertex -0.134393 60.273 6
      vertex -1.40318 61.819 6
      vertex -0.207107 60.2071 6
    endloop
  endfacet
  facet normal -0 0 1
    outer loop
      vertex -1.62132 61.6213 6
      vertex -0.207107 60.2071 6
      vertex -1.40318 61.819 6
    endloop
  endfacet
  facet normal 0 0 1
    outer loop
      vertex -0.207107 60.2071 6
      vertex -1.62132 61.6213 6
      vertex -0.27301 60.1344 6
    endloop
  endfacet
  facet normal -0 0 1
    outer loop
      vertex -1.81903 61.4032 6
      vertex -0.27301 60.1344 6
      vertex -1.62132 61.6213 6
    endloop
  endfacet
  facet normal 0 0 1
    outer loop
      vertex -0.27301 60.1344 6
      vertex -1.81903 61.4032 6
      vertex -0.33147 60.0556 6
    endloop
  endfacet
  facet normal 0 0 1
    outer loop
      vertex -0.33147 60.0556 6
      vertex -1.99441 61.1667 6
      vertex -0.381921 59.9714 6
    endloop
  endfacet
  facet normal -0 0 1
    outer loop
      vertex -1.99441 61.1667 6
      vertex -0.33147 60.0556 6
      vertex -1.81903 61.4032 6
    endloop
  endfacet
  facet normal 0 0 1
    outer loop
      vertex 70.5 59.5 6
      vertex 72.5 59.5 6
      vertex 72.4855 59.7941 6
    endloop
  endfacet
  facet normal 0 0 1
    outer loop
      vertex 72.5 59.5 6
      vertex 70.5 59.5 6
      vertex 72.5 0.5 6
    endloop
  endfacet
  facet normal 0 0 1
    outer loop
      vertex 70.4952 59.598 6
      vertex 72.4855 59.7941 6
      vertex 72.4424 60.0853 6
    endloop
  endfacet
  facet normal 0 0 1
    outer loop
      vertex 70.5 0.5 6
      vertex 72.5 0.5 6
      vertex 70.5 59.5 6
    endloop
  endfacet
  facet normal 0 0 1
    outer loop
      vertex 70.4808 59.6951 6
      vertex 72.4424 60.0853 6
      vertex 72.3708 60.3709 6
    endloop
  endfacet
  facet normal 0 0 1
    outer loop
      vertex 72.5 0.5 6
      vertex 70.5 0.5 6
      vertex 72.4855 0.205948 6
    endloop
  endfacet
  facet normal 0 0 1
    outer loop
      vertex 70.4569 59.7903 6
      vertex 72.3708 60.3709 6
      vertex 72.2716 60.648 6
    endloop
  endfacet
  facet normal -0 0 1
    outer loop
      vertex 70.4952 0.401982 6
      vertex 72.4855 0.205948 6
      vertex 70.5 0.5 6
    endloop
  endfacet
  facet normal 0 0 1
    outer loop
      vertex 70.4239 59.8827 6
      vertex 72.2716 60.648 6
      vertex 72.1458 60.9142 6
    endloop
  endfacet
  facet normal 0 0 1
    outer loop
      vertex 72.4855 0.205948 6
      vertex 70.4952 0.401982 6
      vertex 72.4424 -0.0852709 6
    endloop
  endfacet
  facet normal 0 0 1
    outer loop
      vertex 70.3819 59.9714 6
      vertex 72.1458 60.9142 6
      vertex 71.9944 61.1667 6
    endloop
  endfacet
  facet normal -0 0 1
    outer loop
      vertex 70.4808 0.304909 6
      vertex 72.4424 -0.0852709 6
      vertex 70.4952 0.401982 6
    endloop
  endfacet
  facet normal 0 0 1
    outer loop
      vertex 70.3315 60.0556 6
      vertex 71.9944 61.1667 6
      vertex 71.819 61.4032 6
    endloop
  endfacet
  facet normal 0 0 1
    outer loop
      vertex 72.4424 -0.0852709 6
      vertex 70.4808 0.304909 6
      vertex 72.3708 -0.370853 6
    endloop
  endfacet
  facet normal 0 0 1
    outer loop
      vertex 70.273 60.1344 6
      vertex 71.819 61.4032 6
      vertex 71.6213 61.6213 6
    endloop
  endfacet
  facet normal -0 0 1
    outer loop
      vertex 70.4569 0.209715 6
      vertex 72.3708 -0.370853 6
      vertex 70.4808 0.304909 6
    endloop
  endfacet
  facet normal 0 0 1
    outer loop
      vertex 70.2071 60.2071 6
      vertex 71.6213 61.6213 6
      vertex 71.4032 61.819 6
    endloop
  endfacet
  facet normal 0 0 1
    outer loop
      vertex 72.3708 -0.370853 6
      vertex 70.4569 0.209715 6
      vertex 72.2716 -0.648049 6
    endloop
  endfacet
  facet normal 0 0 1
    outer loop
      vertex 70.1344 60.273 6
      vertex 71.4032 61.819 6
      vertex 71.1667 61.9944 6
    endloop
  endfacet
  facet normal -0 0 1
    outer loop
      vertex 70.4239 0.117316 6
      vertex 72.2716 -0.648049 6
      vertex 70.4569 0.209715 6
    endloop
  endfacet
  facet normal 0 0 1
    outer loop
      vertex 70.0556 60.3315 6
      vertex 71.1667 61.9944 6
      vertex 70.9142 62.1458 6
    endloop
  endfacet
  facet normal 0 0 1
    outer loop
      vertex 72.2716 -0.648049 6
      vertex 70.4239 0.117316 6
      vertex 72.1458 -0.914189 6
    endloop
  endfacet
  facet normal 0 0 1
    outer loop
      vertex 69.9714 60.3819 6
      vertex 70.9142 62.1458 6
      vertex 70.648 62.2716 6
    endloop
  endfacet
  facet normal -0 0 1
    outer loop
      vertex 70.3819 0.0286026 6
      vertex 72.1458 -0.914189 6
      vertex 70.4239 0.117316 6
    endloop
  endfacet
  facet normal 0 0 1
    outer loop
      vertex 72.1458 -0.914189 6
      vertex 70.3819 0.0286026 6
      vertex 71.9944 -1.16671 6
    endloop
  endfacet
  facet normal 0 0 1
    outer loop
      vertex 72.4855 59.7941 6
      vertex 70.4952 59.598 6
      vertex 70.5 59.5 6
    endloop
  endfacet
  facet normal 0 0 1
    outer loop
      vertex 72.4424 60.0853 6
      vertex 70.4808 59.6951 6
      vertex 70.4952 59.598 6
    endloop
  endfacet
  facet normal 0 0 1
    outer loop
      vertex 72.3708 60.3709 6
      vertex 70.4569 59.7903 6
      vertex 70.4808 59.6951 6
    endloop
  endfacet
  facet normal 0 0 1
    outer loop
      vertex 72.2716 60.648 6
      vertex 70.4239 59.8827 6
      vertex 70.4569 59.7903 6
    endloop
  endfacet
  facet normal 0 0 1
    outer loop
      vertex 72.1458 60.9142 6
      vertex 70.3819 59.9714 6
      vertex 70.4239 59.8827 6
    endloop
  endfacet
  facet normal 0 0 1
    outer loop
      vertex 69.8827 60.4239 6
      vertex 70.648 62.2716 6
      vertex 70.3708 62.3708 6
    endloop
  endfacet
  facet normal 0 0 1
    outer loop
      vertex 71.9944 61.1667 6
      vertex 70.3315 60.0556 6
      vertex 70.3819 59.9714 6
    endloop
  endfacet
  facet normal 0 0 1
    outer loop
      vertex 71.819 61.4032 6
      vertex 70.273 60.1344 6
      vertex 70.3315 60.0556 6
    endloop
  endfacet
  facet normal 0 0 1
    outer loop
      vertex 71.6213 61.6213 6
      vertex 70.2071 60.2071 6
      vertex 70.273 60.1344 6
    endloop
  endfacet
  facet normal 0 0 1
    outer loop
      vertex 71.4032 61.819 6
      vertex 70.1344 60.273 6
      vertex 70.2071 60.2071 6
    endloop
  endfacet
  facet normal 0 0 1
    outer loop
      vertex 69.7903 60.4569 6
      vertex 70.3708 62.3708 6
      vertex 70.0853 62.4424 6
    endloop
  endfacet
  facet normal 0 0 1
    outer loop
      vertex 71.1667 61.9944 6
      vertex 70.0556 60.3315 6
      vertex 70.1344 60.273 6
    endloop
  endfacet
  facet normal 0 0 1
    outer loop
      vertex 70.9142 62.1458 6
      vertex 69.9714 60.3819 6
      vertex 70.0556 60.3315 6
    endloop
  endfacet
  facet normal 0 0 1
    outer loop
      vertex 70.648 62.2716 6
      vertex 69.8827 60.4239 6
      vertex 69.9714 60.3819 6
    endloop
  endfacet
  facet normal 0 0 1
    outer loop
      vertex 69.6951 60.4808 6
      vertex 70.0853 62.4424 6
      vertex 69.7941 62.4856 6
    endloop
  endfacet
  facet normal 0 0 1
    outer loop
      vertex 70.3708 62.3708 6
      vertex 69.7903 60.4569 6
      vertex 69.8827 60.4239 6
    endloop
  endfacet
  facet normal 0 0 1
    outer loop
      vertex 70.0853 62.4424 6
      vertex 69.6951 60.4808 6
      vertex 69.7903 60.4569 6
    endloop
  endfacet
  facet normal 0 0 1
    outer loop
      vertex 69.7941 62.4856 6
      vertex 69.598 60.4952 6
      vertex 69.6951 60.4808 6
    endloop
  endfacet
  facet normal 0 0 1
    outer loop
      vertex 69.5 62.5 6
      vertex 69.598 60.4952 6
      vertex 69.7941 62.4856 6
    endloop
  endfacet
  facet normal 0 0 1
    outer loop
      vertex 69.5 62.5 6
      vertex 69.5 60.5 6
      vertex 69.598 60.4952 6
    endloop
  endfacet
  facet normal -0 0 1
    outer loop
      vertex 67.7 62.5 6
      vertex 69.5 60.5 6
      vertex 69.5 62.5 6
    endloop
  endfacet
  facet normal 0 0 1
    outer loop
      vertex 69.5 60.5 6
      vertex 67.7 62.5 6
      vertex 67.7 60.5 6
    endloop
  endfacet
  facet normal -0 0 1
    outer loop
      vertex 70.3315 -0.0555696 6
      vertex 71.9944 -1.16671 6
      vertex 70.3819 0.0286026 6
    endloop
  endfacet
  facet normal 0 0 1
    outer loop
      vertex 71.9944 -1.16671 6
      vertex 70.3315 -0.0555696 6
      vertex 71.819 -1.40318 6
    endloop
  endfacet
  facet normal -0 0 1
    outer loop
      vertex 70.273 -0.134393 6
      vertex 71.819 -1.40318 6
      vertex 70.3315 -0.0555696 6
    endloop
  endfacet
  facet normal 0 0 1
    outer loop
      vertex 71.819 -1.40318 6
      vertex 70.273 -0.134393 6
      vertex 71.6213 -1.62132 6
    endloop
  endfacet
  facet normal -0 0 1
    outer loop
      vertex 70.2071 -0.207107 6
      vertex 71.6213 -1.62132 6
      vertex 70.273 -0.134393 6
    endloop
  endfacet
  facet normal 0 0 1
    outer loop
      vertex 71.6213 -1.62132 6
      vertex 70.2071 -0.207107 6
      vertex 71.4032 -1.81903 6
    endloop
  endfacet
  facet normal -0 0 1
    outer loop
      vertex 70.1344 -0.27301 6
      vertex 71.4032 -1.81903 6
      vertex 70.2071 -0.207107 6
    endloop
  endfacet
  facet normal 0 0 1
    outer loop
      vertex 71.4032 -1.81903 6
      vertex 70.1344 -0.27301 6
      vertex 71.1667 -1.99441 6
    endloop
  endfacet
  facet normal -0 0 1
    outer loop
      vertex 70.0556 -0.33147 6
      vertex 71.1667 -1.99441 6
      vertex 70.1344 -0.27301 6
    endloop
  endfacet
  facet normal 0 0 1
    outer loop
      vertex 71.1667 -1.99441 6
      vertex 70.0556 -0.33147 6
      vertex 70.9142 -2.14576 6
    endloop
  endfacet
  facet normal -0 0 1
    outer loop
      vertex 69.9714 -0.381921 6
      vertex 70.9142 -2.14576 6
      vertex 70.0556 -0.33147 6
    endloop
  endfacet
  facet normal 0 0 1
    outer loop
      vertex 70.9142 -2.14576 6
      vertex 69.9714 -0.381921 6
      vertex 70.648 -2.27164 6
    endloop
  endfacet
  facet normal -0 0 1
    outer loop
      vertex 69.8827 -0.423879 6
      vertex 70.648 -2.27164 6
      vertex 69.9714 -0.381921 6
    endloop
  endfacet
  facet normal 0 0 1
    outer loop
      vertex 70.648 -2.27164 6
      vertex 69.8827 -0.423879 6
      vertex 70.3708 -2.37082 6
    endloop
  endfacet
  facet normal -0 0 1
    outer loop
      vertex 69.7903 -0.45694 6
      vertex 70.3708 -2.37082 6
      vertex 69.8827 -0.423879 6
    endloop
  endfacet
  facet normal 0 0 1
    outer loop
      vertex 70.3708 -2.37082 6
      vertex 69.7903 -0.45694 6
      vertex 70.0853 -2.44236 6
    endloop
  endfacet
  facet normal -0 0 1
    outer loop
      vertex 69.6951 -0.480784 6
      vertex 70.0853 -2.44236 6
      vertex 69.7903 -0.45694 6
    endloop
  endfacet
  facet normal 0 0 1
    outer loop
      vertex 70.0853 -2.44236 6
      vertex 69.6951 -0.480784 6
      vertex 69.7941 -2.48555 6
    endloop
  endfacet
  facet normal -0 0 1
    outer loop
      vertex 69.598 -0.495184 6
      vertex 69.7941 -2.48555 6
      vertex 69.6951 -0.480784 6
    endloop
  endfacet
  facet normal -0 0 1
    outer loop
      vertex 69.5 -0.5 6
      vertex 69.7941 -2.48555 6
      vertex 69.598 -0.495184 6
    endloop
  endfacet
  facet normal 0 0 1
    outer loop
      vertex 69.5 -0.5 6
      vertex 69.5 -2.5 6
      vertex 69.7941 -2.48555 6
    endloop
  endfacet
  facet normal -0 0 1
    outer loop
      vertex 0.5 -0.5 6
      vertex 69.5 -2.5 6
      vertex 69.5 -0.5 6
    endloop
  endfacet
  facet normal 0 0 1
    outer loop
      vertex 0.5 -0.5 6
      vertex 0.5 -2.5 6
      vertex 69.5 -2.5 6
    endloop
  endfacet
  facet normal 0 0 1
    outer loop
      vertex 0.401982 -0.495184 6
      vertex 0.5 -2.5 6
      vertex 0.5 -0.5 6
    endloop
  endfacet
  facet normal 0 0 1
    outer loop
      vertex 0.205948 -2.48555 6
      vertex 0.401982 -0.495184 6
      vertex 0.304909 -0.480784 6
    endloop
  endfacet
  facet normal 0 0 1
    outer loop
      vertex -0.0852709 -2.44236 6
      vertex 0.304909 -0.480784 6
      vertex 0.209715 -0.45694 6
    endloop
  endfacet
  facet normal 0 0 1
    outer loop
      vertex 0.401982 -0.495184 6
      vertex 0.205948 -2.48555 6
      vertex 0.5 -2.5 6
    endloop
  endfacet
  facet normal 0 0 1
    outer loop
      vertex -0.370853 -2.37082 6
      vertex 0.209715 -0.45694 6
      vertex 0.117316 -0.423879 6
    endloop
  endfacet
  facet normal 0 0 1
    outer loop
      vertex -0.648049 -2.27164 6
      vertex 0.117316 -0.423879 6
      vertex 0.0286026 -0.381921 6
    endloop
  endfacet
  facet normal 0 0 1
    outer loop
      vertex -0.914189 -2.14576 6
      vertex 0.0286026 -0.381921 6
      vertex -0.0555696 -0.33147 6
    endloop
  endfacet
  facet normal 0 0 1
    outer loop
      vertex 0.304909 -0.480784 6
      vertex -0.0852709 -2.44236 6
      vertex 0.205948 -2.48555 6
    endloop
  endfacet
  facet normal 0 0 1
    outer loop
      vertex -1.16671 -1.99441 6
      vertex -0.0555696 -0.33147 6
      vertex -0.134393 -0.27301 6
    endloop
  endfacet
  facet normal 0 0 1
    outer loop
      vertex -1.40318 -1.81903 6
      vertex -0.134393 -0.27301 6
      vertex -0.207107 -0.207107 6
    endloop
  endfacet
  facet normal 0 0 1
    outer loop
      vertex -1.62132 -1.62132 6
      vertex -0.207107 -0.207107 6
      vertex -0.27301 -0.134393 6
    endloop
  endfacet
  facet normal 0 0 1
    outer loop
      vertex -1.81903 -1.40318 6
      vertex -0.27301 -0.134393 6
      vertex -0.33147 -0.0555696 6
    endloop
  endfacet
  facet normal 0 0 1
    outer loop
      vertex 0.209715 -0.45694 6
      vertex -0.370853 -2.37082 6
      vertex -0.0852709 -2.44236 6
    endloop
  endfacet
  facet normal 0 0 1
    outer loop
      vertex -1.99441 -1.16671 6
      vertex -0.33147 -0.0555696 6
      vertex -0.381921 0.0286026 6
    endloop
  endfacet
  facet normal 0 0 1
    outer loop
      vertex -2.14576 -0.914189 6
      vertex -0.381921 0.0286026 6
      vertex -0.423879 0.117316 6
    endloop
  endfacet
  facet normal 0 0 1
    outer loop
      vertex -2.27164 -0.648049 6
      vertex -0.423879 0.117316 6
      vertex -0.45694 0.209715 6
    endloop
  endfacet
  facet normal 0 0 1
    outer loop
      vertex -2.37082 -0.370853 6
      vertex -0.45694 0.209715 6
      vertex -0.480784 0.304909 6
    endloop
  endfacet
  facet normal 0 0 1
    outer loop
      vertex -2.44236 -0.0852709 6
      vertex -0.480784 0.304909 6
      vertex -0.495184 0.401982 6
    endloop
  endfacet
  facet normal 0 0 1
    outer loop
      vertex -2.48555 0.205948 6
      vertex -0.495184 0.401982 6
      vertex -0.5 0.5 6
    endloop
  endfacet
  facet normal 0 0 1
    outer loop
      vertex 0.117316 -0.423879 6
      vertex -0.648049 -2.27164 6
      vertex -0.370853 -2.37082 6
    endloop
  endfacet
  facet normal 0 0 1
    outer loop
      vertex -0.5 59.5 6
      vertex -2.5 59.5 6
      vertex -0.5 0.5 6
    endloop
  endfacet
  facet normal -0 0 1
    outer loop
      vertex -2.14576 60.9142 6
      vertex -0.381921 59.9714 6
      vertex -1.99441 61.1667 6
    endloop
  endfacet
  facet normal 0 0 1
    outer loop
      vertex -2.5 0.5 6
      vertex -0.5 0.5 6
      vertex -2.5 59.5 6
    endloop
  endfacet
  facet normal 0 0 1
    outer loop
      vertex -0.381921 59.9714 6
      vertex -2.14576 60.9142 6
      vertex -0.423879 59.8827 6
    endloop
  endfacet
  facet normal 0 -0 1
    outer loop
      vertex -2.48555 0.205948 6
      vertex -0.5 0.5 6
      vertex -2.5 0.5 6
    endloop
  endfacet
  facet normal -0 0 1
    outer loop
      vertex -2.27164 60.648 6
      vertex -0.423879 59.8827 6
      vertex -2.14576 60.9142 6
    endloop
  endfacet
  facet normal 0 0 1
    outer loop
      vertex 0.0286026 -0.381921 6
      vertex -0.914189 -2.14576 6
      vertex -0.648049 -2.27164 6
    endloop
  endfacet
  facet normal 0 0 1
    outer loop
      vertex -0.423879 59.8827 6
      vertex -2.27164 60.648 6
      vertex -0.45694 59.7903 6
    endloop
  endfacet
  facet normal 0 0 1
    outer loop
      vertex -0.0555696 -0.33147 6
      vertex -1.16671 -1.99441 6
      vertex -0.914189 -2.14576 6
    endloop
  endfacet
  facet normal -0 0 1
    outer loop
      vertex -2.37082 60.3709 6
      vertex -0.45694 59.7903 6
      vertex -2.27164 60.648 6
    endloop
  endfacet
  facet normal 0 0 1
    outer loop
      vertex -0.134393 -0.27301 6
      vertex -1.40318 -1.81903 6
      vertex -1.16671 -1.99441 6
    endloop
  endfacet
  facet normal 0 0 1
    outer loop
      vertex -0.45694 59.7903 6
      vertex -2.37082 60.3709 6
      vertex -0.480784 59.6951 6
    endloop
  endfacet
  facet normal 0 0 1
    outer loop
      vertex -0.207107 -0.207107 6
      vertex -1.62132 -1.62132 6
      vertex -1.40318 -1.81903 6
    endloop
  endfacet
  facet normal -0 0 1
    outer loop
      vertex -2.44236 60.0853 6
      vertex -0.480784 59.6951 6
      vertex -2.37082 60.3709 6
    endloop
  endfacet
  facet normal 0 0 1
    outer loop
      vertex -0.27301 -0.134393 6
      vertex -1.81903 -1.40318 6
      vertex -1.62132 -1.62132 6
    endloop
  endfacet
  facet normal 0 0 1
    outer loop
      vertex -0.480784 59.6951 6
      vertex -2.44236 60.0853 6
      vertex -0.495184 59.598 6
    endloop
  endfacet
  facet normal 0 0 1
    outer loop
      vertex -0.33147 -0.0555696 6
      vertex -1.99441 -1.16671 6
      vertex -1.81903 -1.40318 6
    endloop
  endfacet
  facet normal -0 0 1
    outer loop
      vertex -2.48555 59.7941 6
      vertex -0.495184 59.598 6
      vertex -2.44236 60.0853 6
    endloop
  endfacet
  facet normal 0 0 1
    outer loop
      vertex -0.381921 0.0286026 6
      vertex -2.14576 -0.914189 6
      vertex -1.99441 -1.16671 6
    endloop
  endfacet
  facet normal 0 0 1
    outer loop
      vertex -0.495184 59.598 6
      vertex -2.48555 59.7941 6
      vertex -0.5 59.5 6
    endloop
  endfacet
  facet normal 0 0 1
    outer loop
      vertex -0.423879 0.117316 6
      vertex -2.27164 -0.648049 6
      vertex -2.14576 -0.914189 6
    endloop
  endfacet
  facet normal 0 0 1
    outer loop
      vertex -0.5 59.5 6
      vertex -2.48555 59.7941 6
      vertex -2.5 59.5 6
    endloop
  endfacet
  facet normal 0 0 1
    outer loop
      vertex -0.45694 0.209715 6
      vertex -2.37082 -0.370853 6
      vertex -2.27164 -0.648049 6
    endloop
  endfacet
  facet normal 0 0 1
    outer loop
      vertex -0.480784 0.304909 6
      vertex -2.44236 -0.0852709 6
      vertex -2.37082 -0.370853 6
    endloop
  endfacet
  facet normal 0 0 1
    outer loop
      vertex -0.495184 0.401982 6
      vertex -2.48555 0.205948 6
      vertex -2.44236 -0.0852709 6
    endloop
  endfacet
  facet normal -0 0 1
    outer loop
      vertex 21.3 62.5 6
      vertex 37.1 60.5 6
      vertex 37.1 62.5 6
    endloop
  endfacet
  facet normal 0 0 1
    outer loop
      vertex 37.1 60.5 6
      vertex 21.3 62.5 6
      vertex 21.3 60.5 6
    endloop
  endfacet
  facet normal -0 0 1
    outer loop
      vertex 44.5 62.5 6
      vertex 60.3 60.5 6
      vertex 60.3 62.5 6
    endloop
  endfacet
  facet normal 0 0 1
    outer loop
      vertex 60.3 60.5 6
      vertex 44.5 62.5 6
      vertex 44.5 60.5 6
    endloop
  endfacet
  facet normal 0.998787 0.0492431 0
    outer loop
      vertex 72.5 59.5 6
      vertex 72.4855 59.7941 -7.6
      vertex 72.4855 59.7941 6
    endloop
  endfacet
  facet normal 0.998787 0.0492431 0
    outer loop
      vertex 72.4855 59.7941 -7.6
      vertex 72.5 59.5 6
      vertex 72.5 59.5 -7.6
    endloop
  endfacet
  facet normal 1 -0 0
    outer loop
      vertex 72.5 0.5 6
      vertex 72.5 59.5 -7.6
      vertex 72.5 59.5 6
    endloop
  endfacet
  facet normal 1 0 0
    outer loop
      vertex 72.5 59.5 -7.6
      vertex 72.5 0.5 6
      vertex 72.5 0.5 -7.6
    endloop
  endfacet
  facet normal 0 -1 0
    outer loop
      vertex 0.5 -2.5 6
      vertex 31.4 -2.5 4.43
      vertex 69.5 -2.5 6
    endloop
  endfacet
  facet normal 0 -1 0
    outer loop
      vertex 0.5 -2.5 6
      vertex 31.1942 -2.5 4.41989
      vertex 31.4 -2.5 4.43
    endloop
  endfacet
  facet normal 0 -1 0
    outer loop
      vertex 0.5 -2.5 6
      vertex 30.9903 -2.5 4.38964
      vertex 31.1942 -2.5 4.41989
    endloop
  endfacet
  facet normal 0 -1 0
    outer loop
      vertex 0.5 -2.5 6
      vertex 30.7904 -2.5 4.33956
      vertex 30.9903 -2.5 4.38964
    endloop
  endfacet
  facet normal 0 -1 0
    outer loop
      vertex 0.5 -2.5 6
      vertex 30.5964 -2.5 4.27014
      vertex 30.7904 -2.5 4.33956
    endloop
  endfacet
  facet normal 0 -1 0
    outer loop
      vertex 0.5 -2.5 6
      vertex 30.4101 -2.5 4.18203
      vertex 30.5964 -2.5 4.27014
    endloop
  endfacet
  facet normal 0 -1 0
    outer loop
      vertex 0.5 -2.5 6
      vertex 30.2333 -2.5 4.07609
      vertex 30.4101 -2.5 4.18203
    endloop
  endfacet
  facet normal 0 -1 0
    outer loop
      vertex 0.5 -2.5 6
      vertex 30.0678 -2.5 3.95332
      vertex 30.2333 -2.5 4.07609
    endloop
  endfacet
  facet normal 0 -1 0
    outer loop
      vertex 0.5 -2.5 6
      vertex 29.9151 -2.5 3.81492
      vertex 30.0678 -2.5 3.95332
    endloop
  endfacet
  facet normal 0 -1 0
    outer loop
      vertex 0.5 -2.5 6
      vertex 29.7767 -2.5 3.66223
      vertex 29.9151 -2.5 3.81492
    endloop
  endfacet
  facet normal 0 -1 0
    outer loop
      vertex 0.5 -2.5 6
      vertex 29.6539 -2.5 3.4967
      vertex 29.7767 -2.5 3.66223
    endloop
  endfacet
  facet normal 0 -1 0
    outer loop
      vertex 0.5 -2.5 6
      vertex 29.548 -2.5 3.31993
      vertex 29.6539 -2.5 3.4967
    endloop
  endfacet
  facet normal 0 -1 0
    outer loop
      vertex 0.5 -2.5 6
      vertex 29.4599 -2.5 3.13363
      vertex 29.548 -2.5 3.31993
    endloop
  endfacet
  facet normal 0 -1 0
    outer loop
      vertex 0.5 -2.5 6
      vertex 29.3904 -2.5 2.9396
      vertex 29.4599 -2.5 3.13363
    endloop
  endfacet
  facet normal 0 -1 0
    outer loop
      vertex 0.5 -2.5 6
      vertex 29.3404 -2.5 2.73968
      vertex 29.3904 -2.5 2.9396
    endloop
  endfacet
  facet normal 0 -1 0
    outer loop
      vertex 0.5 -2.5 6
      vertex 29.3101 -2.5 2.53584
      vertex 29.3404 -2.5 2.73968
    endloop
  endfacet
  facet normal 0 -1 0
    outer loop
      vertex 0.5 -2.5 6
      vertex 29.3 -2.5 2.33
      vertex 29.3101 -2.5 2.53584
    endloop
  endfacet
  facet normal 0 -1 0
    outer loop
      vertex 0.5 -2.5 6
      vertex 29.3 -2.5 0.930003
      vertex 29.3 -2.5 2.33
    endloop
  endfacet
  facet normal 0 -1 0
    outer loop
      vertex 0.5 -2.5 6
      vertex 29.3101 -2.5 0.724162
      vertex 29.3 -2.5 0.930003
    endloop
  endfacet
  facet normal 0 -1 0
    outer loop
      vertex 0.5 -2.5 -7.6
      vertex 29.3101 -2.5 0.724162
      vertex 0.5 -2.5 6
    endloop
  endfacet
  facet normal 0 -1 -0
    outer loop
      vertex 29.3101 -2.5 0.724162
      vertex 0.5 -2.5 -7.6
      vertex 29.3404 -2.5 0.52032
    endloop
  endfacet
  facet normal 0 -1 -0
    outer loop
      vertex 29.3404 -2.5 0.52032
      vertex 0.5 -2.5 -7.6
      vertex 29.3904 -2.5 0.320399
    endloop
  endfacet
  facet normal 0 -1 -0
    outer loop
      vertex 29.3904 -2.5 0.320399
      vertex 0.5 -2.5 -7.6
      vertex 29.4599 -2.5 0.126368
    endloop
  endfacet
  facet normal 0 -1 -0
    outer loop
      vertex 29.4599 -2.5 0.126368
      vertex 0.5 -2.5 -7.6
      vertex 29.548 -2.5 -0.0599261
    endloop
  endfacet
  facet normal 0 -1 -0
    outer loop
      vertex 29.548 -2.5 -0.0599261
      vertex 0.5 -2.5 -7.6
      vertex 29.6539 -2.5 -0.236699
    endloop
  endfacet
  facet normal 0 -1 -0
    outer loop
      vertex 29.6539 -2.5 -0.236699
      vertex 0.5 -2.5 -7.6
      vertex 29.7767 -2.5 -0.402227
    endloop
  endfacet
  facet normal 0 -1 -0
    outer loop
      vertex 29.7767 -2.5 -0.402227
      vertex 0.5 -2.5 -7.6
      vertex 29.9151 -2.5 -0.554921
    endloop
  endfacet
  facet normal 0 -1 -0
    outer loop
      vertex 29.9151 -2.5 -0.554921
      vertex 0.5 -2.5 -7.6
      vertex 30.0678 -2.5 -0.693318
    endloop
  endfacet
  facet normal 0 -1 -0
    outer loop
      vertex 30.0678 -2.5 -0.693318
      vertex 0.5 -2.5 -7.6
      vertex 30.2333 -2.5 -0.816091
    endloop
  endfacet
  facet normal 0 -1 -0
    outer loop
      vertex 30.2333 -2.5 -0.816091
      vertex 0.5 -2.5 -7.6
      vertex 30.4101 -2.5 -0.922032
    endloop
  endfacet
  facet normal 0 -1 -0
    outer loop
      vertex 30.4101 -2.5 -0.922032
      vertex 0.5 -2.5 -7.6
      vertex 30.5964 -2.5 -1.01014
    endloop
  endfacet
  facet normal 0 -1 -0
    outer loop
      vertex 30.5964 -2.5 -1.01014
      vertex 0.5 -2.5 -7.6
      vertex 30.7904 -2.5 -1.07956
    endloop
  endfacet
  facet normal 0 -1 -0
    outer loop
      vertex 31.4 -2.5 -1.17
      vertex 0.5 -2.5 -7.6
      vertex 38.6 -2.5 -1.17
    endloop
  endfacet
  facet normal 0 -1 -0
    outer loop
      vertex 31.1942 -2.5 -1.15989
      vertex 0.5 -2.5 -7.6
      vertex 31.4 -2.5 -1.17
    endloop
  endfacet
  facet normal 0 -1 -0
    outer loop
      vertex 30.9903 -2.5 -1.12964
      vertex 0.5 -2.5 -7.6
      vertex 31.1942 -2.5 -1.15989
    endloop
  endfacet
  facet normal 0 -1 -0
    outer loop
      vertex 30.7904 -2.5 -1.07956
      vertex 0.5 -2.5 -7.6
      vertex 30.9903 -2.5 -1.12964
    endloop
  endfacet
  facet normal 0 -1 0
    outer loop
      vertex 38.6 -2.5 4.43
      vertex 69.5 -2.5 6
      vertex 31.4 -2.5 4.43
    endloop
  endfacet
  facet normal 0 -1 0
    outer loop
      vertex 38.8058 -2.5 4.41989
      vertex 69.5 -2.5 6
      vertex 38.6 -2.5 4.43
    endloop
  endfacet
  facet normal 0 -1 0
    outer loop
      vertex 39.0097 -2.5 4.38964
      vertex 69.5 -2.5 6
      vertex 38.8058 -2.5 4.41989
    endloop
  endfacet
  facet normal 0 -1 0
    outer loop
      vertex 39.2096 -2.5 4.33956
      vertex 69.5 -2.5 6
      vertex 39.0097 -2.5 4.38964
    endloop
  endfacet
  facet normal 0 -1 0
    outer loop
      vertex 39.4036 -2.5 4.27014
      vertex 69.5 -2.5 6
      vertex 39.2096 -2.5 4.33956
    endloop
  endfacet
  facet normal 0 -1 0
    outer loop
      vertex 39.5899 -2.5 4.18203
      vertex 69.5 -2.5 6
      vertex 39.4036 -2.5 4.27014
    endloop
  endfacet
  facet normal 0 -1 0
    outer loop
      vertex 39.7667 -2.5 4.07609
      vertex 69.5 -2.5 6
      vertex 39.5899 -2.5 4.18203
    endloop
  endfacet
  facet normal 0 -1 0
    outer loop
      vertex 39.9322 -2.5 3.95332
      vertex 69.5 -2.5 6
      vertex 39.7667 -2.5 4.07609
    endloop
  endfacet
  facet normal 0 -1 0
    outer loop
      vertex 40.0849 -2.5 3.81492
      vertex 69.5 -2.5 6
      vertex 39.9322 -2.5 3.95332
    endloop
  endfacet
  facet normal 0 -1 0
    outer loop
      vertex 40.2233 -2.5 3.66223
      vertex 69.5 -2.5 6
      vertex 40.0849 -2.5 3.81492
    endloop
  endfacet
  facet normal 0 -1 0
    outer loop
      vertex 40.3461 -2.5 3.4967
      vertex 69.5 -2.5 6
      vertex 40.2233 -2.5 3.66223
    endloop
  endfacet
  facet normal 0 -1 0
    outer loop
      vertex 40.452 -2.5 3.31993
      vertex 69.5 -2.5 6
      vertex 40.3461 -2.5 3.4967
    endloop
  endfacet
  facet normal 0 -1 0
    outer loop
      vertex 40.5401 -2.5 3.13363
      vertex 69.5 -2.5 6
      vertex 40.452 -2.5 3.31993
    endloop
  endfacet
  facet normal 0 -1 0
    outer loop
      vertex 40.6096 -2.5 2.9396
      vertex 69.5 -2.5 6
      vertex 40.5401 -2.5 3.13363
    endloop
  endfacet
  facet normal 0 -1 0
    outer loop
      vertex 40.6596 -2.5 2.73968
      vertex 69.5 -2.5 6
      vertex 40.6096 -2.5 2.9396
    endloop
  endfacet
  facet normal 0 -1 0
    outer loop
      vertex 40.6899 -2.5 2.53584
      vertex 69.5 -2.5 6
      vertex 40.6596 -2.5 2.73968
    endloop
  endfacet
  facet normal 0 -1 0
    outer loop
      vertex 40.7 -2.5 2.33
      vertex 69.5 -2.5 6
      vertex 40.6899 -2.5 2.53584
    endloop
  endfacet
  facet normal 0 -1 0
    outer loop
      vertex 40.7 -2.5 0.930003
      vertex 69.5 -2.5 6
      vertex 40.7 -2.5 2.33
    endloop
  endfacet
  facet normal 0 -1 0
    outer loop
      vertex 40.6899 -2.5 0.724162
      vertex 69.5 -2.5 6
      vertex 40.7 -2.5 0.930003
    endloop
  endfacet
  facet normal 0 -1 0
    outer loop
      vertex 69.5 -2.5 -7.6
      vertex 40.6899 -2.5 0.724162
      vertex 40.6596 -2.5 0.52032
    endloop
  endfacet
  facet normal 0 -1 0
    outer loop
      vertex 69.5 -2.5 -7.6
      vertex 40.6596 -2.5 0.52032
      vertex 40.6096 -2.5 0.320399
    endloop
  endfacet
  facet normal 0 -1 0
    outer loop
      vertex 69.5 -2.5 -7.6
      vertex 40.6096 -2.5 0.320399
      vertex 40.5401 -2.5 0.126368
    endloop
  endfacet
  facet normal 0 -1 0
    outer loop
      vertex 69.5 -2.5 -7.6
      vertex 40.5401 -2.5 0.126368
      vertex 40.452 -2.5 -0.0599261
    endloop
  endfacet
  facet normal 0 -1 0
    outer loop
      vertex 69.5 -2.5 -7.6
      vertex 40.452 -2.5 -0.0599261
      vertex 40.3461 -2.5 -0.236699
    endloop
  endfacet
  facet normal 0 -1 0
    outer loop
      vertex 69.5 -2.5 -7.6
      vertex 40.3461 -2.5 -0.236699
      vertex 40.2233 -2.5 -0.402227
    endloop
  endfacet
  facet normal 0 -1 0
    outer loop
      vertex 69.5 -2.5 -7.6
      vertex 40.2233 -2.5 -0.402227
      vertex 40.0849 -2.5 -0.554921
    endloop
  endfacet
  facet normal 0 -1 0
    outer loop
      vertex 69.5 -2.5 -7.6
      vertex 40.0849 -2.5 -0.554921
      vertex 39.9322 -2.5 -0.693318
    endloop
  endfacet
  facet normal 0 -1 0
    outer loop
      vertex 69.5 -2.5 -7.6
      vertex 39.9322 -2.5 -0.693318
      vertex 39.7667 -2.5 -0.816091
    endloop
  endfacet
  facet normal 0 -1 0
    outer loop
      vertex 69.5 -2.5 -7.6
      vertex 39.7667 -2.5 -0.816091
      vertex 39.5899 -2.5 -0.922032
    endloop
  endfacet
  facet normal 0 -1 0
    outer loop
      vertex 69.5 -2.5 -7.6
      vertex 39.5899 -2.5 -0.922032
      vertex 39.4036 -2.5 -1.01014
    endloop
  endfacet
  facet normal 0 -1 0
    outer loop
      vertex 69.5 -2.5 -7.6
      vertex 39.4036 -2.5 -1.01014
      vertex 39.2096 -2.5 -1.07956
    endloop
  endfacet
  facet normal 0 -1 0
    outer loop
      vertex 69.5 -2.5 -7.6
      vertex 39.2096 -2.5 -1.07956
      vertex 39.0097 -2.5 -1.12964
    endloop
  endfacet
  facet normal 0 -1 0
    outer loop
      vertex 69.5 -2.5 -7.6
      vertex 38.6 -2.5 -1.17
      vertex 0.5 -2.5 -7.6
    endloop
  endfacet
  facet normal 0 -1 0
    outer loop
      vertex 38.6 -2.5 -1.17
      vertex 69.5 -2.5 -7.6
      vertex 38.8058 -2.5 -1.15989
    endloop
  endfacet
  facet normal 0 -1 0
    outer loop
      vertex 40.6899 -2.5 0.724162
      vertex 69.5 -2.5 -7.6
      vertex 69.5 -2.5 6
    endloop
  endfacet
  facet normal 0 -1 0
    outer loop
      vertex 38.8058 -2.5 -1.15989
      vertex 69.5 -2.5 -7.6
      vertex 39.0097 -2.5 -1.12964
    endloop
  endfacet
  facet normal -0.998795 0.0490738 0
    outer loop
      vertex -2.5 59.5 -7.6
      vertex -2.48555 59.7941 6
      vertex -2.48555 59.7941 -7.6
    endloop
  endfacet
  facet normal -0.998795 0.0490738 0
    outer loop
      vertex -2.48555 59.7941 6
      vertex -2.5 59.5 -7.6
      vertex -2.5 59.5 6
    endloop
  endfacet
  facet normal -1 0 0
    outer loop
      vertex -2.5 0.5 -7.6
      vertex -2.5 59.5 6
      vertex -2.5 59.5 -7.6
    endloop
  endfacet
  facet normal -1 -0 0
    outer loop
      vertex -2.5 59.5 6
      vertex -2.5 0.5 -7.6
      vertex -2.5 0.5 6
    endloop
  endfacet
  facet normal -0.857718 0.514121 0
    outer loop
      vertex -2.14576 60.9142 -7.6
      vertex -1.99441 61.1667 6
      vertex -1.99441 61.1667 -7.6
    endloop
  endfacet
  facet normal -0.857718 0.514121 0
    outer loop
      vertex -1.99441 61.1667 6
      vertex -2.14576 60.9142 -7.6
      vertex -2.14576 60.9142 6
    endloop
  endfacet
  facet normal 0.969982 0.243175 0
    outer loop
      vertex 72.4424 60.0853 6
      vertex 72.3708 60.3709 -7.6
      vertex 72.3708 60.3709 6
    endloop
  endfacet
  facet normal 0.969982 0.243175 0
    outer loop
      vertex 72.3708 60.3709 -7.6
      vertex 72.4424 60.0853 6
      vertex 72.4424 60.0853 -7.6
    endloop
  endfacet
  facet normal 0.803172 -0.595747 0
    outer loop
      vertex 71.819 -1.40318 6
      vertex 71.9944 -1.16671 -7.6
      vertex 71.9944 -1.16671 6
    endloop
  endfacet
  facet normal 0.803172 -0.595747 0
    outer loop
      vertex 71.9944 -1.16671 -7.6
      vertex 71.819 -1.40318 6
      vertex 71.819 -1.40318 -7.6
    endloop
  endfacet
  facet normal 0.998786 -0.0492512 0
    outer loop
      vertex 72.4855 0.205948 6
      vertex 72.5 0.5 -7.6
      vertex 72.5 0.5 6
    endloop
  endfacet
  facet normal 0.998786 -0.0492512 0
    outer loop
      vertex 72.5 0.5 -7.6
      vertex 72.4855 0.205948 6
      vertex 72.4855 0.205948 -7.6
    endloop
  endfacet
  facet normal -0.671558 -0.740952 0
    outer loop
      vertex -1.62132 -1.62132 -7.6
      vertex -1.40318 -1.81903 6
      vertex -1.62132 -1.62132 6
    endloop
  endfacet
  facet normal -0.671558 -0.740952 -0
    outer loop
      vertex -1.40318 -1.81903 6
      vertex -1.62132 -1.62132 -7.6
      vertex -1.40318 -1.81903 -7.6
    endloop
  endfacet
  facet normal -0.0490817 -0.998795 0
    outer loop
      vertex 0.205948 -2.48555 -7.6
      vertex 0.5 -2.5 6
      vertex 0.205948 -2.48555 6
    endloop
  endfacet
  facet normal -0.0490817 -0.998795 -0
    outer loop
      vertex 0.5 -2.5 6
      vertex 0.205948 -2.48555 -7.6
      vertex 0.5 -2.5 -7.6
    endloop
  endfacet
  facet normal 0.514121 -0.857718 0
    outer loop
      vertex 70.9142 -2.14576 -7.6
      vertex 71.1667 -1.99441 6
      vertex 70.9142 -2.14576 6
    endloop
  endfacet
  facet normal 0.514121 -0.857718 0
    outer loop
      vertex 71.1667 -1.99441 6
      vertex 70.9142 -2.14576 -7.6
      vertex 71.1667 -1.99441 -7.6
    endloop
  endfacet
  facet normal -0.941547 -0.336883 0
    outer loop
      vertex -2.27164 -0.648049 -7.6
      vertex -2.37082 -0.370853 6
      vertex -2.37082 -0.370853 -7.6
    endloop
  endfacet
  facet normal -0.941547 -0.336883 0
    outer loop
      vertex -2.37082 -0.370853 6
      vertex -2.27164 -0.648049 -7.6
      vertex -2.27164 -0.648049 6
    endloop
  endfacet
  facet normal 0.427269 0.904125 -0
    outer loop
      vertex 70.9142 62.1458 -7.6
      vertex 70.648 62.2716 6
      vertex 70.9142 62.1458 6
    endloop
  endfacet
  facet normal 0.427269 0.904125 0
    outer loop
      vertex 70.648 62.2716 6
      vertex 70.9142 62.1458 -7.6
      vertex 70.648 62.2716 -7.6
    endloop
  endfacet
  facet normal 0 1 0
    outer loop
      vertex 69.5 62.5 6
      vertex 67.6822 62.5 5.63734
      vertex 67.7 62.5 6
    endloop
  endfacet
  facet normal 0 1 0
    outer loop
      vertex 69.5 62.5 6
      vertex 67.6289 62.5 5.27816
      vertex 67.6822 62.5 5.63734
    endloop
  endfacet
  facet normal 0 1 0
    outer loop
      vertex 69.5 62.5 6
      vertex 67.5407 62.5 4.92595
      vertex 67.6289 62.5 5.27816
    endloop
  endfacet
  facet normal 0 1 0
    outer loop
      vertex 69.5 62.5 6
      vertex 67.4184 62.5 4.58407
      vertex 67.5407 62.5 4.92595
    endloop
  endfacet
  facet normal 0 1 0
    outer loop
      vertex 69.5 62.5 6
      vertex 67.2631 62.5 4.25583
      vertex 67.4184 62.5 4.58407
    endloop
  endfacet
  facet normal 0 1 0
    outer loop
      vertex 69.5 62.5 6
      vertex 67.0764 62.5 3.94439
      vertex 67.2631 62.5 4.25583
    endloop
  endfacet
  facet normal 0 1 0
    outer loop
      vertex 69.5 62.5 6
      vertex 66.8601 62.5 3.65274
      vertex 67.0764 62.5 3.94439
    endloop
  endfacet
  facet normal 0 1 -0
    outer loop
      vertex 69.5 62.5 -7.6
      vertex 66.8601 62.5 3.65274
      vertex 69.5 62.5 6
    endloop
  endfacet
  facet normal 0 1 0
    outer loop
      vertex 41.1627 62.5 2.31782
      vertex 69.5 62.5 -7.6
      vertex 40.8 62.5 2.3
    endloop
  endfacet
  facet normal 0 1 0
    outer loop
      vertex 0.5 62.5 -7.6
      vertex 40.8 62.5 2.3
      vertex 69.5 62.5 -7.6
    endloop
  endfacet
  facet normal 0 1 0
    outer loop
      vertex 64.3627 62.5 2.31782
      vertex 69.5 62.5 -7.6
      vertex 64 62.5 2.3
    endloop
  endfacet
  facet normal 0 1 0
    outer loop
      vertex 64.7218 62.5 2.37109
      vertex 69.5 62.5 -7.6
      vertex 64.3627 62.5 2.31782
    endloop
  endfacet
  facet normal 0 1 0
    outer loop
      vertex 65.0741 62.5 2.45932
      vertex 69.5 62.5 -7.6
      vertex 64.7218 62.5 2.37109
    endloop
  endfacet
  facet normal 0 1 0
    outer loop
      vertex 65.4159 62.5 2.58165
      vertex 69.5 62.5 -7.6
      vertex 65.0741 62.5 2.45932
    endloop
  endfacet
  facet normal 0 1 0
    outer loop
      vertex 65.7442 62.5 2.73689
      vertex 69.5 62.5 -7.6
      vertex 65.4159 62.5 2.58165
    endloop
  endfacet
  facet normal 0 1 0
    outer loop
      vertex 66.0556 62.5 2.92356
      vertex 69.5 62.5 -7.6
      vertex 65.7442 62.5 2.73689
    endloop
  endfacet
  facet normal 0 1 0
    outer loop
      vertex 66.3473 62.5 3.13986
      vertex 69.5 62.5 -7.6
      vertex 66.0556 62.5 2.92356
    endloop
  endfacet
  facet normal 0 1 0
    outer loop
      vertex 66.6163 62.5 3.3837
      vertex 69.5 62.5 -7.6
      vertex 66.3473 62.5 3.13986
    endloop
  endfacet
  facet normal 0 1 0
    outer loop
      vertex 66.8601 62.5 3.65274
      vertex 69.5 62.5 -7.6
      vertex 66.6163 62.5 3.3837
    endloop
  endfacet
  facet normal 0 1 0
    outer loop
      vertex 60.3178 62.5 5.63734
      vertex 44.5 62.5 6
      vertex 60.3 62.5 6
    endloop
  endfacet
  facet normal 0 1 0
    outer loop
      vertex 60.3178 62.5 5.63734
      vertex 44.4822 62.5 5.63734
      vertex 44.5 62.5 6
    endloop
  endfacet
  facet normal 0 1 0
    outer loop
      vertex 60.3711 62.5 5.27816
      vertex 44.4822 62.5 5.63734
      vertex 60.3178 62.5 5.63734
    endloop
  endfacet
  facet normal 0 1 0
    outer loop
      vertex 60.3711 62.5 5.27816
      vertex 44.4289 62.5 5.27816
      vertex 44.4822 62.5 5.63734
    endloop
  endfacet
  facet normal 0 1 0
    outer loop
      vertex 60.4593 62.5 4.92595
      vertex 44.4289 62.5 5.27816
      vertex 60.3711 62.5 5.27816
    endloop
  endfacet
  facet normal 0 1 0
    outer loop
      vertex 60.4593 62.5 4.92595
      vertex 44.3407 62.5 4.92595
      vertex 44.4289 62.5 5.27816
    endloop
  endfacet
  facet normal 0 1 0
    outer loop
      vertex 60.5816 62.5 4.58407
      vertex 44.3407 62.5 4.92595
      vertex 60.4593 62.5 4.92595
    endloop
  endfacet
  facet normal 0 1 0
    outer loop
      vertex 60.5816 62.5 4.58407
      vertex 44.2184 62.5 4.58407
      vertex 44.3407 62.5 4.92595
    endloop
  endfacet
  facet normal 0 1 0
    outer loop
      vertex 60.7369 62.5 4.25583
      vertex 44.2184 62.5 4.58407
      vertex 60.5816 62.5 4.58407
    endloop
  endfacet
  facet normal 0 1 0
    outer loop
      vertex 60.7369 62.5 4.25583
      vertex 44.0631 62.5 4.25583
      vertex 44.2184 62.5 4.58407
    endloop
  endfacet
  facet normal 0 1 0
    outer loop
      vertex 60.9236 62.5 3.94439
      vertex 44.0631 62.5 4.25583
      vertex 60.7369 62.5 4.25583
    endloop
  endfacet
  facet normal 0 1 0
    outer loop
      vertex 60.9236 62.5 3.94439
      vertex 43.8764 62.5 3.94439
      vertex 44.0631 62.5 4.25583
    endloop
  endfacet
  facet normal 0 1 0
    outer loop
      vertex 61.1399 62.5 3.65274
      vertex 43.8764 62.5 3.94439
      vertex 60.9236 62.5 3.94439
    endloop
  endfacet
  facet normal 0 1 0
    outer loop
      vertex 61.1399 62.5 3.65274
      vertex 43.6601 62.5 3.65274
      vertex 43.8764 62.5 3.94439
    endloop
  endfacet
  facet normal 0 1 0
    outer loop
      vertex 61.3837 62.5 3.3837
      vertex 43.6601 62.5 3.65274
      vertex 61.1399 62.5 3.65274
    endloop
  endfacet
  facet normal 0 1 0
    outer loop
      vertex 61.3837 62.5 3.3837
      vertex 43.4163 62.5 3.3837
      vertex 43.6601 62.5 3.65274
    endloop
  endfacet
  facet normal 0 1 0
    outer loop
      vertex 61.6527 62.5 3.13986
      vertex 43.4163 62.5 3.3837
      vertex 61.3837 62.5 3.3837
    endloop
  endfacet
  facet normal 0 1 0
    outer loop
      vertex 61.6527 62.5 3.13986
      vertex 43.1473 62.5 3.13986
      vertex 43.4163 62.5 3.3837
    endloop
  endfacet
  facet normal 0 1 0
    outer loop
      vertex 61.9444 62.5 2.92356
      vertex 43.1473 62.5 3.13986
      vertex 61.6527 62.5 3.13986
    endloop
  endfacet
  facet normal 0 1 0
    outer loop
      vertex 61.9444 62.5 2.92356
      vertex 42.8556 62.5 2.92356
      vertex 43.1473 62.5 3.13986
    endloop
  endfacet
  facet normal 0 1 0
    outer loop
      vertex 69.5 62.5 -7.6
      vertex 61.9444 62.5 2.92356
      vertex 62.2558 62.5 2.73689
    endloop
  endfacet
  facet normal 0 1 0
    outer loop
      vertex 61.9444 62.5 2.92356
      vertex 69.5 62.5 -7.6
      vertex 42.8556 62.5 2.92356
    endloop
  endfacet
  facet normal 0 1 0
    outer loop
      vertex 69.5 62.5 -7.6
      vertex 62.2558 62.5 2.73689
      vertex 62.5841 62.5 2.58165
    endloop
  endfacet
  facet normal 0 1 0
    outer loop
      vertex 42.8556 62.5 2.92356
      vertex 69.5 62.5 -7.6
      vertex 42.5442 62.5 2.73689
    endloop
  endfacet
  facet normal 0 1 0
    outer loop
      vertex 69.5 62.5 -7.6
      vertex 62.5841 62.5 2.58165
      vertex 62.9259 62.5 2.45932
    endloop
  endfacet
  facet normal 0 1 0
    outer loop
      vertex 42.5442 62.5 2.73689
      vertex 69.5 62.5 -7.6
      vertex 42.2159 62.5 2.58165
    endloop
  endfacet
  facet normal 0 1 0
    outer loop
      vertex 69.5 62.5 -7.6
      vertex 62.9259 62.5 2.45932
      vertex 63.2782 62.5 2.37109
    endloop
  endfacet
  facet normal 0 1 0
    outer loop
      vertex 42.2159 62.5 2.58165
      vertex 69.5 62.5 -7.6
      vertex 41.8741 62.5 2.45932
    endloop
  endfacet
  facet normal 0 1 0
    outer loop
      vertex 69.5 62.5 -7.6
      vertex 63.2782 62.5 2.37109
      vertex 63.6373 62.5 2.31782
    endloop
  endfacet
  facet normal 0 1 0
    outer loop
      vertex 41.8741 62.5 2.45932
      vertex 69.5 62.5 -7.6
      vertex 41.5218 62.5 2.37109
    endloop
  endfacet
  facet normal 0 1 0
    outer loop
      vertex 69.5 62.5 -7.6
      vertex 63.6373 62.5 2.31782
      vertex 64 62.5 2.3
    endloop
  endfacet
  facet normal 0 1 0
    outer loop
      vertex 41.5218 62.5 2.37109
      vertex 69.5 62.5 -7.6
      vertex 41.1627 62.5 2.31782
    endloop
  endfacet
  facet normal 0 1 0
    outer loop
      vertex 37.1178 62.5 5.63734
      vertex 21.3 62.5 6
      vertex 37.1 62.5 6
    endloop
  endfacet
  facet normal 0 1 0
    outer loop
      vertex 37.1178 62.5 5.63734
      vertex 21.2822 62.5 5.63734
      vertex 21.3 62.5 6
    endloop
  endfacet
  facet normal 0 1 0
    outer loop
      vertex 37.1711 62.5 5.27816
      vertex 21.2822 62.5 5.63734
      vertex 37.1178 62.5 5.63734
    endloop
  endfacet
  facet normal 0 1 0
    outer loop
      vertex 37.1711 62.5 5.27816
      vertex 21.2289 62.5 5.27816
      vertex 21.2822 62.5 5.63734
    endloop
  endfacet
  facet normal 0 1 0
    outer loop
      vertex 37.2593 62.5 4.92595
      vertex 21.2289 62.5 5.27816
      vertex 37.1711 62.5 5.27816
    endloop
  endfacet
  facet normal 0 1 0
    outer loop
      vertex 37.2593 62.5 4.92595
      vertex 21.1407 62.5 4.92595
      vertex 21.2289 62.5 5.27816
    endloop
  endfacet
  facet normal 0 1 0
    outer loop
      vertex 37.3816 62.5 4.58407
      vertex 21.1407 62.5 4.92595
      vertex 37.2593 62.5 4.92595
    endloop
  endfacet
  facet normal 0 1 0
    outer loop
      vertex 37.3816 62.5 4.58407
      vertex 21.0184 62.5 4.58407
      vertex 21.1407 62.5 4.92595
    endloop
  endfacet
  facet normal 0 1 0
    outer loop
      vertex 37.5369 62.5 4.25583
      vertex 21.0184 62.5 4.58407
      vertex 37.3816 62.5 4.58407
    endloop
  endfacet
  facet normal 0 1 0
    outer loop
      vertex 37.5369 62.5 4.25583
      vertex 20.8631 62.5 4.25583
      vertex 21.0184 62.5 4.58407
    endloop
  endfacet
  facet normal 0 1 0
    outer loop
      vertex 37.7236 62.5 3.94439
      vertex 20.8631 62.5 4.25583
      vertex 37.5369 62.5 4.25583
    endloop
  endfacet
  facet normal 0 1 0
    outer loop
      vertex 37.7236 62.5 3.94439
      vertex 20.6764 62.5 3.94439
      vertex 20.8631 62.5 4.25583
    endloop
  endfacet
  facet normal 0 1 0
    outer loop
      vertex 37.9399 62.5 3.65274
      vertex 20.6764 62.5 3.94439
      vertex 37.7236 62.5 3.94439
    endloop
  endfacet
  facet normal 0 1 0
    outer loop
      vertex 37.9399 62.5 3.65274
      vertex 20.4601 62.5 3.65274
      vertex 20.6764 62.5 3.94439
    endloop
  endfacet
  facet normal 0 1 0
    outer loop
      vertex 38.1837 62.5 3.3837
      vertex 20.4601 62.5 3.65274
      vertex 37.9399 62.5 3.65274
    endloop
  endfacet
  facet normal 0 1 0
    outer loop
      vertex 38.1837 62.5 3.3837
      vertex 20.2163 62.5 3.3837
      vertex 20.4601 62.5 3.65274
    endloop
  endfacet
  facet normal 0 1 0
    outer loop
      vertex 38.4527 62.5 3.13986
      vertex 20.2163 62.5 3.3837
      vertex 38.1837 62.5 3.3837
    endloop
  endfacet
  facet normal 0 1 0
    outer loop
      vertex 38.4527 62.5 3.13986
      vertex 19.9473 62.5 3.13986
      vertex 20.2163 62.5 3.3837
    endloop
  endfacet
  facet normal 0 1 0
    outer loop
      vertex 38.7444 62.5 2.92356
      vertex 19.9473 62.5 3.13986
      vertex 38.4527 62.5 3.13986
    endloop
  endfacet
  facet normal 0 1 0
    outer loop
      vertex 38.7444 62.5 2.92356
      vertex 19.6556 62.5 2.92356
      vertex 19.9473 62.5 3.13986
    endloop
  endfacet
  facet normal 0 1 0
    outer loop
      vertex 39.0558 62.5 2.73689
      vertex 19.6556 62.5 2.92356
      vertex 38.7444 62.5 2.92356
    endloop
  endfacet
  facet normal 0 1 0
    outer loop
      vertex 39.0558 62.5 2.73689
      vertex 19.3442 62.5 2.73689
      vertex 19.6556 62.5 2.92356
    endloop
  endfacet
  facet normal 0 1 0
    outer loop
      vertex 39.3841 62.5 2.58165
      vertex 19.3442 62.5 2.73689
      vertex 39.0558 62.5 2.73689
    endloop
  endfacet
  facet normal 0 1 0
    outer loop
      vertex 39.3841 62.5 2.58165
      vertex 19.0159 62.5 2.58165
      vertex 19.3442 62.5 2.73689
    endloop
  endfacet
  facet normal 0 1 0
    outer loop
      vertex 39.7259 62.5 2.45932
      vertex 19.0159 62.5 2.58165
      vertex 39.3841 62.5 2.58165
    endloop
  endfacet
  facet normal 0 1 0
    outer loop
      vertex 39.7259 62.5 2.45932
      vertex 18.6741 62.5 2.45932
      vertex 19.0159 62.5 2.58165
    endloop
  endfacet
  facet normal 0 1 0
    outer loop
      vertex 40.0782 62.5 2.37109
      vertex 18.6741 62.5 2.45932
      vertex 39.7259 62.5 2.45932
    endloop
  endfacet
  facet normal 0 1 0
    outer loop
      vertex 40.0782 62.5 2.37109
      vertex 18.3218 62.5 2.37109
      vertex 18.6741 62.5 2.45932
    endloop
  endfacet
  facet normal 0 1 0
    outer loop
      vertex 40.4373 62.5 2.31782
      vertex 18.3218 62.5 2.37109
      vertex 40.0782 62.5 2.37109
    endloop
  endfacet
  facet normal 0 1 0
    outer loop
      vertex 40.4373 62.5 2.31782
      vertex 17.9627 62.5 2.31782
      vertex 18.3218 62.5 2.37109
    endloop
  endfacet
  facet normal 0 1 0
    outer loop
      vertex 40.8 62.5 2.3
      vertex 17.9627 62.5 2.31782
      vertex 40.4373 62.5 2.31782
    endloop
  endfacet
  facet normal 0 1 0
    outer loop
      vertex 17.9627 62.5 2.31782
      vertex 40.8 62.5 2.3
      vertex 17.6 62.5 2.3
    endloop
  endfacet
  facet normal 0 1 0
    outer loop
      vertex 13.9178 62.5 5.63734
      vertex 0.5 62.5 6
      vertex 13.9 62.5 6
    endloop
  endfacet
  facet normal 0 1 0
    outer loop
      vertex 13.9711 62.5 5.27816
      vertex 0.5 62.5 6
      vertex 13.9178 62.5 5.63734
    endloop
  endfacet
  facet normal 0 1 0
    outer loop
      vertex 14.0593 62.5 4.92595
      vertex 0.5 62.5 6
      vertex 13.9711 62.5 5.27816
    endloop
  endfacet
  facet normal 0 1 0
    outer loop
      vertex 14.1816 62.5 4.58407
      vertex 0.5 62.5 6
      vertex 14.0593 62.5 4.92595
    endloop
  endfacet
  facet normal 0 1 0
    outer loop
      vertex 14.3369 62.5 4.25583
      vertex 0.5 62.5 6
      vertex 14.1816 62.5 4.58407
    endloop
  endfacet
  facet normal 0 1 0
    outer loop
      vertex 14.5236 62.5 3.94439
      vertex 0.5 62.5 6
      vertex 14.3369 62.5 4.25583
    endloop
  endfacet
  facet normal 0 1 0
    outer loop
      vertex 0.5 62.5 -7.6
      vertex 14.5236 62.5 3.94439
      vertex 14.7399 62.5 3.65274
    endloop
  endfacet
  facet normal 0 1 0
    outer loop
      vertex 0.5 62.5 -7.6
      vertex 14.7399 62.5 3.65274
      vertex 14.9837 62.5 3.3837
    endloop
  endfacet
  facet normal 0 1 0
    outer loop
      vertex 0.5 62.5 -7.6
      vertex 14.9837 62.5 3.3837
      vertex 15.2527 62.5 3.13986
    endloop
  endfacet
  facet normal 0 1 0
    outer loop
      vertex 0.5 62.5 -7.6
      vertex 15.2527 62.5 3.13986
      vertex 15.5444 62.5 2.92356
    endloop
  endfacet
  facet normal 0 1 0
    outer loop
      vertex 0.5 62.5 -7.6
      vertex 15.5444 62.5 2.92356
      vertex 15.8558 62.5 2.73689
    endloop
  endfacet
  facet normal 0 1 0
    outer loop
      vertex 0.5 62.5 -7.6
      vertex 15.8558 62.5 2.73689
      vertex 16.1841 62.5 2.58165
    endloop
  endfacet
  facet normal 0 1 0
    outer loop
      vertex 0.5 62.5 -7.6
      vertex 16.1841 62.5 2.58165
      vertex 16.5259 62.5 2.45932
    endloop
  endfacet
  facet normal 0 1 0
    outer loop
      vertex 0.5 62.5 -7.6
      vertex 16.5259 62.5 2.45932
      vertex 16.8782 62.5 2.37109
    endloop
  endfacet
  facet normal 0 1 0
    outer loop
      vertex 40.8 62.5 2.3
      vertex 0.5 62.5 -7.6
      vertex 17.6 62.5 2.3
    endloop
  endfacet
  facet normal 0 1 0
    outer loop
      vertex 17.6 62.5 2.3
      vertex 0.5 62.5 -7.6
      vertex 17.2373 62.5 2.31782
    endloop
  endfacet
  facet normal 0 1 0
    outer loop
      vertex 14.5236 62.5 3.94439
      vertex 0.5 62.5 -7.6
      vertex 0.5 62.5 6
    endloop
  endfacet
  facet normal 0 1 0
    outer loop
      vertex 17.2373 62.5 2.31782
      vertex 0.5 62.5 -7.6
      vertex 16.8782 62.5 2.37109
    endloop
  endfacet
  facet normal 0.671625 -0.740891 0
    outer loop
      vertex 71.4032 -1.81903 -7.6
      vertex 71.6213 -1.62132 6
      vertex 71.4032 -1.81903 6
    endloop
  endfacet
  facet normal 0.671625 -0.740891 0
    outer loop
      vertex 71.6213 -1.62132 6
      vertex 71.4032 -1.81903 -7.6
      vertex 71.6213 -1.62132 -7.6
    endloop
  endfacet
  facet normal 0.740969 -0.671539 0
    outer loop
      vertex 71.6213 -1.62132 6
      vertex 71.819 -1.40318 -7.6
      vertex 71.819 -1.40318 6
    endloop
  endfacet
  facet normal 0.740969 -0.671539 0
    outer loop
      vertex 71.819 -1.40318 -7.6
      vertex 71.6213 -1.62132 6
      vertex 71.6213 -1.62132 -7.6
    endloop
  endfacet
  facet normal 0.904088 -0.427347 0
    outer loop
      vertex 72.1458 -0.914189 6
      vertex 72.2716 -0.648049 -7.6
      vertex 72.2716 -0.648049 6
    endloop
  endfacet
  facet normal 0.904088 -0.427347 0
    outer loop
      vertex 72.2716 -0.648049 -7.6
      vertex 72.1458 -0.914189 6
      vertex 72.1458 -0.914189 -7.6
    endloop
  endfacet
  facet normal -0.740952 -0.671558 0
    outer loop
      vertex -1.62132 -1.62132 -7.6
      vertex -1.81903 -1.40318 6
      vertex -1.81903 -1.40318 -7.6
    endloop
  endfacet
  facet normal -0.740952 -0.671558 0
    outer loop
      vertex -1.81903 -1.40318 6
      vertex -1.62132 -1.62132 -7.6
      vertex -1.62132 -1.62132 6
    endloop
  endfacet
  facet normal -0.427569 -0.903983 0
    outer loop
      vertex -0.914189 -2.14576 -7.6
      vertex -0.648049 -2.27164 6
      vertex -0.914189 -2.14576 6
    endloop
  endfacet
  facet normal -0.427569 -0.903983 -0
    outer loop
      vertex -0.648049 -2.27164 6
      vertex -0.914189 -2.14576 -7.6
      vertex -0.648049 -2.27164 -7.6
    endloop
  endfacet
  facet normal 0.0490738 -0.998795 0
    outer loop
      vertex 69.5 -2.5 -7.6
      vertex 69.7941 -2.48555 6
      vertex 69.5 -2.5 6
    endloop
  endfacet
  facet normal 0.0490738 -0.998795 0
    outer loop
      vertex 69.7941 -2.48555 6
      vertex 69.5 -2.5 -7.6
      vertex 69.7941 -2.48555 -7.6
    endloop
  endfacet
  facet normal 0.146712 -0.989179 0
    outer loop
      vertex 69.7941 -2.48555 -7.6
      vertex 70.0853 -2.44236 6
      vertex 69.7941 -2.48555 6
    endloop
  endfacet
  facet normal 0.146712 -0.989179 0
    outer loop
      vertex 70.0853 -2.44236 6
      vertex 69.7941 -2.48555 -7.6
      vertex 70.0853 -2.44236 -7.6
    endloop
  endfacet
  facet normal -0.94151 0.336986 0
    outer loop
      vertex -2.37082 60.3709 -7.6
      vertex -2.27164 60.648 6
      vertex -2.27164 60.648 -7.6
    endloop
  endfacet
  facet normal -0.94151 0.336986 0
    outer loop
      vertex -2.27164 60.648 6
      vertex -2.37082 60.3709 -7.6
      vertex -2.37082 60.3709 6
    endloop
  endfacet
  facet normal -0.671539 0.740969 0
    outer loop
      vertex -1.40318 61.819 -7.6
      vertex -1.62132 61.6213 6
      vertex -1.40318 61.819 6
    endloop
  endfacet
  facet normal -0.671539 0.740969 0
    outer loop
      vertex -1.62132 61.6213 6
      vertex -1.40318 61.819 -7.6
      vertex -1.62132 61.6213 -7.6
    endloop
  endfacet
  facet normal -0.740891 0.671625 0
    outer loop
      vertex -1.81903 61.4032 -7.6
      vertex -1.62132 61.6213 6
      vertex -1.62132 61.6213 -7.6
    endloop
  endfacet
  facet normal -0.740891 0.671625 0
    outer loop
      vertex -1.62132 61.6213 6
      vertex -1.81903 61.4032 -7.6
      vertex -1.81903 61.4032 6
    endloop
  endfacet
  facet normal -0.998795 -0.0490817 0
    outer loop
      vertex -2.48555 0.205948 -7.6
      vertex -2.5 0.5 6
      vertex -2.5 0.5 -7.6
    endloop
  endfacet
  facet normal -0.998795 -0.0490817 0
    outer loop
      vertex -2.5 0.5 6
      vertex -2.48555 0.205948 -7.6
      vertex -2.48555 0.205948 6
    endloop
  endfacet
  facet normal 0 0 -1
    outer loop
      vertex 6.65296 5.77131 -7.6
      vertex 8.90796 7.46243 -7.6
      vertex 6.81333 5.50375 -7.6
    endloop
  endfacet
  facet normal 0 0 -1
    outer loop
      vertex 8.01926 40.6079 -7.6
      vertex 7.17469 46.7834 -7.6
      vertex 7.19 47.095 -7.6
    endloop
  endfacet
  facet normal 0 0 -1
    outer loop
      vertex 6.65239 5.77227 -7.6
      vertex 8.90796 7.46243 -7.6
      vertex 6.65296 5.77131 -7.6
    endloop
  endfacet
  facet normal 0 0 -1
    outer loop
      vertex 8.01926 40.6079 -7.6
      vertex 7.17464 46.7823 -7.6
      vertex 7.17469 46.7834 -7.6
    endloop
  endfacet
  facet normal 0 0 -1
    outer loop
      vertex 6.65173 5.77316 -7.6
      vertex 8.90796 7.46243 -7.6
      vertex 6.65239 5.77227 -7.6
    endloop
  endfacet
  facet normal 0 0 -1
    outer loop
      vertex 8.01926 40.6079 -7.6
      vertex 7.12887 46.4738 -7.6
      vertex 7.17464 46.7823 -7.6
    endloop
  endfacet
  facet normal 0 0 -1
    outer loop
      vertex 6.4659 6.02371 -7.6
      vertex 8.90796 7.46243 -7.6
      vertex 6.65173 5.77316 -7.6
    endloop
  endfacet
  facet normal 0 0 -1
    outer loop
      vertex 8.01926 40.6079 -7.6
      vertex 7.1287 46.4727 -7.6
      vertex 7.12887 46.4738 -7.6
    endloop
  endfacet
  facet normal -0 0 -1
    outer loop
      vertex 8.90796 7.46243 -7.6
      vertex 6.4659 6.02371 -7.6
      vertex 8.67412 7.77772 -7.6
    endloop
  endfacet
  facet normal 0 0 -1
    outer loop
      vertex 8.01926 40.6079 -7.6
      vertex 7.12843 46.4716 -7.6
      vertex 7.1287 46.4727 -7.6
    endloop
  endfacet
  facet normal 0 0 -1
    outer loop
      vertex 6.25642 6.25485 -7.6
      vertex 8.67412 7.77772 -7.6
      vertex 6.4659 6.02371 -7.6
    endloop
  endfacet
  facet normal 0 0 -1
    outer loop
      vertex 8.01926 40.6079 -7.6
      vertex 7.05264 46.169 -7.6
      vertex 7.12843 46.4716 -7.6
    endloop
  endfacet
  facet normal -0 0 -1
    outer loop
      vertex 8.67412 7.77772 -7.6
      vertex 6.25642 6.25485 -7.6
      vertex 8.47231 8.11441 -7.6
    endloop
  endfacet
  facet normal 0 0 -1
    outer loop
      vertex 8.01926 40.6079 -7.6
      vertex 7.05226 46.1679 -7.6
      vertex 7.05264 46.169 -7.6
    endloop
  endfacet
  facet normal 0 0 -1
    outer loop
      vertex 6.25567 6.25567 -7.6
      vertex 8.47231 8.11441 -7.6
      vertex 6.25642 6.25485 -7.6
    endloop
  endfacet
  facet normal 0 0 -1
    outer loop
      vertex 8.01926 40.6079 -7.6
      vertex 6.94718 45.8742 -7.6
      vertex 7.05226 46.1679 -7.6
    endloop
  endfacet
  facet normal 0 0 -1
    outer loop
      vertex 6.25485 6.25642 -7.6
      vertex 8.47231 8.11441 -7.6
      vertex 6.25567 6.25567 -7.6
    endloop
  endfacet
  facet normal 0 0 -1
    outer loop
      vertex 8.01926 40.6079 -7.6
      vertex 6.9467 45.8732 -7.6
      vertex 6.94718 45.8742 -7.6
    endloop
  endfacet
  facet normal 0 0 -1
    outer loop
      vertex 6.02371 6.4659 -7.6
      vertex 8.47231 8.11441 -7.6
      vertex 6.25485 6.25642 -7.6
    endloop
  endfacet
  facet normal 0 0 -1
    outer loop
      vertex 8.01926 40.6079 -7.6
      vertex 6.81333 45.5912 -7.6
      vertex 6.9467 45.8732 -7.6
    endloop
  endfacet
  facet normal -0 0 -1
    outer loop
      vertex 8.47231 8.11441 -7.6
      vertex 6.02371 6.4659 -7.6
      vertex 8.30448 8.46927 -7.6
    endloop
  endfacet
  facet normal 0 0 -1
    outer loop
      vertex 8.01926 40.6079 -7.6
      vertex 6.65296 45.3237 -7.6
      vertex 6.81333 45.5912 -7.6
    endloop
  endfacet
  facet normal 0 0 -1
    outer loop
      vertex 5.77316 6.65173 -7.6
      vertex 8.30448 8.46927 -7.6
      vertex 6.02371 6.4659 -7.6
    endloop
  endfacet
  facet normal 0 0 -1
    outer loop
      vertex 8.01926 40.6079 -7.6
      vertex 6.65239 45.3227 -7.6
      vertex 6.65296 45.3237 -7.6
    endloop
  endfacet
  facet normal 0 0 -1
    outer loop
      vertex 5.77227 6.65239 -7.6
      vertex 8.30448 8.46927 -7.6
      vertex 5.77316 6.65173 -7.6
    endloop
  endfacet
  facet normal 0 0 -1
    outer loop
      vertex 8.01926 40.6079 -7.6
      vertex 6.65173 45.3218 -7.6
      vertex 6.65239 45.3227 -7.6
    endloop
  endfacet
  facet normal -0 0 -1
    outer loop
      vertex 8.30448 8.46927 -7.6
      vertex 5.77227 6.65239 -7.6
      vertex 8.17224 8.83886 -7.6
    endloop
  endfacet
  facet normal 0 0 -1
    outer loop
      vertex 8.01926 40.6079 -7.6
      vertex 6.4659 45.0713 -7.6
      vertex 6.65173 45.3218 -7.6
    endloop
  endfacet
  facet normal 0 0 -1
    outer loop
      vertex 5.77131 6.65296 -7.6
      vertex 8.17224 8.83886 -7.6
      vertex 5.77227 6.65239 -7.6
    endloop
  endfacet
  facet normal 0 0 -1
    outer loop
      vertex 8.01926 40.6079 -7.6
      vertex 6.25642 44.8402 -7.6
      vertex 6.4659 45.0713 -7.6
    endloop
  endfacet
  facet normal 0 0 -1
    outer loop
      vertex 5.50375 6.81333 -7.6
      vertex 8.17224 8.83886 -7.6
      vertex 5.77131 6.65296 -7.6
    endloop
  endfacet
  facet normal 0 0 -1
    outer loop
      vertex 8.01926 40.6079 -7.6
      vertex 6.25567 44.8393 -7.6
      vertex 6.25642 44.8402 -7.6
    endloop
  endfacet
  facet normal -0 0 -1
    outer loop
      vertex 8.17224 8.83886 -7.6
      vertex 5.50375 6.81333 -7.6
      vertex 8.07686 9.21964 -7.6
    endloop
  endfacet
  facet normal 0 0 -1
    outer loop
      vertex 8.01926 40.6079 -7.6
      vertex 6.25485 44.8386 -7.6
      vertex 6.25567 44.8393 -7.6
    endloop
  endfacet
  facet normal 0 0 -1
    outer loop
      vertex 5.22177 6.9467 -7.6
      vertex 8.07686 9.21964 -7.6
      vertex 5.50375 6.81333 -7.6
    endloop
  endfacet
  facet normal 0 0 -1
    outer loop
      vertex 8.01926 40.6079 -7.6
      vertex 6.02371 44.6291 -7.6
      vertex 6.25485 44.8386 -7.6
    endloop
  endfacet
  facet normal 0 0 -1
    outer loop
      vertex 5.22076 6.94718 -7.6
      vertex 8.07686 9.21964 -7.6
      vertex 5.22177 6.9467 -7.6
    endloop
  endfacet
  facet normal 0 0 -1
    outer loop
      vertex 8.01926 40.6079 -7.6
      vertex 5.77316 44.4433 -7.6
      vertex 6.02371 44.6291 -7.6
    endloop
  endfacet
  facet normal -0 0 -1
    outer loop
      vertex 8.07686 9.21964 -7.6
      vertex 5.22076 6.94718 -7.6
      vertex 8.01926 9.60793 -7.6
    endloop
  endfacet
  facet normal 0 0 -1
    outer loop
      vertex 8.01926 40.6079 -7.6
      vertex 5.77227 44.4426 -7.6
      vertex 5.77316 44.4433 -7.6
    endloop
  endfacet
  facet normal 0 0 -1
    outer loop
      vertex 4.92705 7.05226 -7.6
      vertex 8.01926 9.60793 -7.6
      vertex 5.22076 6.94718 -7.6
    endloop
  endfacet
  facet normal 0 0 -1
    outer loop
      vertex 8.01926 40.6079 -7.6
      vertex 5.77131 44.442 -7.6
      vertex 5.77227 44.4426 -7.6
    endloop
  endfacet
  facet normal 0 0 -1
    outer loop
      vertex 4.92601 7.05264 -7.6
      vertex 8.01926 9.60793 -7.6
      vertex 4.92705 7.05226 -7.6
    endloop
  endfacet
  facet normal 0 0 -1
    outer loop
      vertex 8.01926 40.6079 -7.6
      vertex 5.50375 44.2817 -7.6
      vertex 5.77131 44.442 -7.6
    endloop
  endfacet
  facet normal 0 0 -1
    outer loop
      vertex 4.62342 7.12843 -7.6
      vertex 8.01926 9.60793 -7.6
      vertex 4.92601 7.05264 -7.6
    endloop
  endfacet
  facet normal 0 0 -1
    outer loop
      vertex 8.01926 40.6079 -7.6
      vertex 5.22177 44.1483 -7.6
      vertex 5.50375 44.2817 -7.6
    endloop
  endfacet
  facet normal -0 0 -1
    outer loop
      vertex 8.01926 9.60793 -7.6
      vertex 4.62342 7.12843 -7.6
      vertex 8 10 -7.6
    endloop
  endfacet
  facet normal 0 0 -1
    outer loop
      vertex 8.01926 40.6079 -7.6
      vertex 5.22076 44.1478 -7.6
      vertex 5.22177 44.1483 -7.6
    endloop
  endfacet
  facet normal 0 0 -1
    outer loop
      vertex 4.62234 7.1287 -7.6
      vertex 8 10 -7.6
      vertex 4.62342 7.12843 -7.6
    endloop
  endfacet
  facet normal 0 0 -1
    outer loop
      vertex 8.01926 40.6079 -7.6
      vertex 4.92705 44.0427 -7.6
      vertex 5.22076 44.1478 -7.6
    endloop
  endfacet
  facet normal 0 0 -1
    outer loop
      vertex 4.62124 7.12887 -7.6
      vertex 8 10 -7.6
      vertex 4.62234 7.1287 -7.6
    endloop
  endfacet
  facet normal 0 0 -1
    outer loop
      vertex 8.01926 40.6079 -7.6
      vertex 4.92601 44.0424 -7.6
      vertex 4.92705 44.0427 -7.6
    endloop
  endfacet
  facet normal 0 0 -1
    outer loop
      vertex 4.31267 7.17464 -7.6
      vertex 8 10 -7.6
      vertex 4.62124 7.12887 -7.6
    endloop
  endfacet
  facet normal 0 0 -1
    outer loop
      vertex 8.01926 40.6079 -7.6
      vertex 4.62342 43.9666 -7.6
      vertex 4.92601 44.0424 -7.6
    endloop
  endfacet
  facet normal -0 0 -1
    outer loop
      vertex 8 10 -7.6
      vertex 4.31267 7.17464 -7.6
      vertex 8.01926 10.3921 -7.6
    endloop
  endfacet
  facet normal 0 0 -1
    outer loop
      vertex 8.01926 40.6079 -7.6
      vertex 4.62234 43.9663 -7.6
      vertex 4.62342 43.9666 -7.6
    endloop
  endfacet
  facet normal 0 0 -1
    outer loop
      vertex 4.31156 7.17469 -7.6
      vertex 8.01926 10.3921 -7.6
      vertex 4.31267 7.17464 -7.6
    endloop
  endfacet
  facet normal 0 0 -1
    outer loop
      vertex 8.01926 40.6079 -7.6
      vertex 4.62124 43.9661 -7.6
      vertex 4.62234 43.9663 -7.6
    endloop
  endfacet
  facet normal 0 0 -1
    outer loop
      vertex 4 7.19 -7.6
      vertex 8.01926 10.3921 -7.6
      vertex 4.31156 7.17469 -7.6
    endloop
  endfacet
  facet normal 0 0 -1
    outer loop
      vertex 8.01926 40.6079 -7.6
      vertex 4.31267 43.9204 -7.6
      vertex 4.62124 43.9661 -7.6
    endloop
  endfacet
  facet normal 0 0 -1
    outer loop
      vertex 3.68844 7.17469 -7.6
      vertex 8.01926 10.3921 -7.6
      vertex 4 7.19 -7.6
    endloop
  endfacet
  facet normal 0 0 -1
    outer loop
      vertex 8.01926 40.6079 -7.6
      vertex 4.31156 43.9203 -7.6
      vertex 4.31267 43.9204 -7.6
    endloop
  endfacet
  facet normal 0 0 -1
    outer loop
      vertex 3.68733 7.17464 -7.6
      vertex 8.01926 10.3921 -7.6
      vertex 3.68844 7.17469 -7.6
    endloop
  endfacet
  facet normal 0 0 -1
    outer loop
      vertex 8.01926 40.6079 -7.6
      vertex 4 43.905 -7.6
      vertex 4.31156 43.9203 -7.6
    endloop
  endfacet
  facet normal 0 0 -1
    outer loop
      vertex 3.37876 7.12887 -7.6
      vertex 8.01926 10.3921 -7.6
      vertex 3.68733 7.17464 -7.6
    endloop
  endfacet
  facet normal 0 0 -1
    outer loop
      vertex 8.01926 40.6079 -7.6
      vertex 3.68844 43.9203 -7.6
      vertex 4 43.905 -7.6
    endloop
  endfacet
  facet normal 0 0 -1
    outer loop
      vertex 3.37766 7.1287 -7.6
      vertex 8.01926 10.3921 -7.6
      vertex 3.37876 7.12887 -7.6
    endloop
  endfacet
  facet normal 0 0 -1
    outer loop
      vertex 8.01926 40.6079 -7.6
      vertex 3.68733 43.9204 -7.6
      vertex 3.68844 43.9203 -7.6
    endloop
  endfacet
  facet normal 0 0 -1
    outer loop
      vertex 3.37658 7.12843 -7.6
      vertex 8.01926 10.3921 -7.6
      vertex 3.37766 7.1287 -7.6
    endloop
  endfacet
  facet normal 0 0 -1
    outer loop
      vertex 8.01926 40.6079 -7.6
      vertex 3.37876 43.9661 -7.6
      vertex 3.68733 43.9204 -7.6
    endloop
  endfacet
  facet normal 0 0 -1
    outer loop
      vertex 3.07399 7.05264 -7.6
      vertex 8.01926 10.3921 -7.6
      vertex 3.37658 7.12843 -7.6
    endloop
  endfacet
  facet normal 0 0 -1
    outer loop
      vertex 8.01926 40.6079 -7.6
      vertex 3.37766 43.9663 -7.6
      vertex 3.37876 43.9661 -7.6
    endloop
  endfacet
  facet normal 0 0 -1
    outer loop
      vertex 3.07295 7.05226 -7.6
      vertex 8.01926 10.3921 -7.6
      vertex 3.07399 7.05264 -7.6
    endloop
  endfacet
  facet normal 0 0 -1
    outer loop
      vertex 8.01926 40.6079 -7.6
      vertex 3.37658 43.9666 -7.6
      vertex 3.37766 43.9663 -7.6
    endloop
  endfacet
  facet normal 0 0 -1
    outer loop
      vertex 2.77924 6.94718 -7.6
      vertex 8.01926 10.3921 -7.6
      vertex 3.07295 7.05226 -7.6
    endloop
  endfacet
  facet normal 0 0 -1
    outer loop
      vertex 8.01926 40.6079 -7.6
      vertex 3.07399 44.0424 -7.6
      vertex 3.37658 43.9666 -7.6
    endloop
  endfacet
  facet normal -0 0 -1
    outer loop
      vertex 8.01926 10.3921 -7.6
      vertex 2.77924 6.94718 -7.6
      vertex 8.01926 40.6079 -7.6
    endloop
  endfacet
  facet normal 0 0 -1
    outer loop
      vertex 8.01926 40.6079 -7.6
      vertex 3.07295 44.0427 -7.6
      vertex 3.07399 44.0424 -7.6
    endloop
  endfacet
  facet normal 0 0 -1
    outer loop
      vertex 2.77924 44.1478 -7.6
      vertex 8.01926 40.6079 -7.6
      vertex 2.77924 6.94718 -7.6
    endloop
  endfacet
  facet normal 0 0 -1
    outer loop
      vertex 8.01926 40.6079 -7.6
      vertex 2.77924 44.1478 -7.6
      vertex 3.07295 44.0427 -7.6
    endloop
  endfacet
  facet normal 0 0 -1
    outer loop
      vertex 2.77823 6.9467 -7.6
      vertex 2.77924 44.1478 -7.6
      vertex 2.77924 6.94718 -7.6
    endloop
  endfacet
  facet normal 0 0 -1
    outer loop
      vertex 2.77823 6.9467 -7.6
      vertex 2.77823 44.1483 -7.6
      vertex 2.77924 44.1478 -7.6
    endloop
  endfacet
  facet normal 0 0 -1
    outer loop
      vertex 2.49625 6.81333 -7.6
      vertex 2.77823 44.1483 -7.6
      vertex 2.77823 6.9467 -7.6
    endloop
  endfacet
  facet normal 0 0 -1
    outer loop
      vertex 2.49625 6.81333 -7.6
      vertex 2.49625 44.2817 -7.6
      vertex 2.77823 44.1483 -7.6
    endloop
  endfacet
  facet normal 0 0 -1
    outer loop
      vertex 2.22869 6.65296 -7.6
      vertex 2.49625 44.2817 -7.6
      vertex 2.49625 6.81333 -7.6
    endloop
  endfacet
  facet normal 0 0 -1
    outer loop
      vertex 2.22869 6.65296 -7.6
      vertex 2.22869 44.442 -7.6
      vertex 2.49625 44.2817 -7.6
    endloop
  endfacet
  facet normal 0 0 -1
    outer loop
      vertex 2.22773 6.65239 -7.6
      vertex 2.22869 44.442 -7.6
      vertex 2.22869 6.65296 -7.6
    endloop
  endfacet
  facet normal 0 0 -1
    outer loop
      vertex 2.22773 6.65239 -7.6
      vertex 2.22773 44.4426 -7.6
      vertex 2.22869 44.442 -7.6
    endloop
  endfacet
  facet normal 0 0 -1
    outer loop
      vertex 2.22684 6.65173 -7.6
      vertex 2.22773 44.4426 -7.6
      vertex 2.22773 6.65239 -7.6
    endloop
  endfacet
  facet normal 0 0 -1
    outer loop
      vertex 2.22684 6.65173 -7.6
      vertex 2.22684 44.4433 -7.6
      vertex 2.22773 44.4426 -7.6
    endloop
  endfacet
  facet normal 0 0 -1
    outer loop
      vertex 1.97629 6.4659 -7.6
      vertex 2.22684 44.4433 -7.6
      vertex 2.22684 6.65173 -7.6
    endloop
  endfacet
  facet normal 0 0 -1
    outer loop
      vertex 1.97629 6.4659 -7.6
      vertex 1.97629 44.6291 -7.6
      vertex 2.22684 44.4433 -7.6
    endloop
  endfacet
  facet normal 0 0 -1
    outer loop
      vertex 1.74515 6.25642 -7.6
      vertex 1.97629 44.6291 -7.6
      vertex 1.97629 6.4659 -7.6
    endloop
  endfacet
  facet normal 0 0 -1
    outer loop
      vertex 1.74515 6.25642 -7.6
      vertex 1.74515 44.8386 -7.6
      vertex 1.97629 44.6291 -7.6
    endloop
  endfacet
  facet normal 0 0 -1
    outer loop
      vertex 1.74433 6.25567 -7.6
      vertex 1.74515 44.8386 -7.6
      vertex 1.74515 6.25642 -7.6
    endloop
  endfacet
  facet normal 0 0 -1
    outer loop
      vertex 1.74433 6.25567 -7.6
      vertex 1.74433 44.8393 -7.6
      vertex 1.74515 44.8386 -7.6
    endloop
  endfacet
  facet normal 0 0 -1
    outer loop
      vertex 1.74358 6.25485 -7.6
      vertex 1.74433 44.8393 -7.6
      vertex 1.74433 6.25567 -7.6
    endloop
  endfacet
  facet normal 0 0 -1
    outer loop
      vertex 1.74358 6.25485 -7.6
      vertex 1.74358 44.8402 -7.6
      vertex 1.74433 44.8393 -7.6
    endloop
  endfacet
  facet normal 0 0 -1
    outer loop
      vertex 1.5341 6.02371 -7.6
      vertex 1.74358 44.8402 -7.6
      vertex 1.74358 6.25485 -7.6
    endloop
  endfacet
  facet normal 0 0 -1
    outer loop
      vertex 1.5341 6.02371 -7.6
      vertex 1.5341 45.0713 -7.6
      vertex 1.74358 44.8402 -7.6
    endloop
  endfacet
  facet normal 0 0 -1
    outer loop
      vertex 1.34827 5.77316 -7.6
      vertex 1.5341 45.0713 -7.6
      vertex 1.5341 6.02371 -7.6
    endloop
  endfacet
  facet normal 0 0 -1
    outer loop
      vertex 1.34827 5.77316 -7.6
      vertex 1.34827 45.3218 -7.6
      vertex 1.5341 45.0713 -7.6
    endloop
  endfacet
  facet normal 0 0 -1
    outer loop
      vertex 1.34761 5.77227 -7.6
      vertex 1.34827 45.3218 -7.6
      vertex 1.34827 5.77316 -7.6
    endloop
  endfacet
  facet normal 0 0 -1
    outer loop
      vertex 1.34761 5.77227 -7.6
      vertex 1.34761 45.3227 -7.6
      vertex 1.34827 45.3218 -7.6
    endloop
  endfacet
  facet normal 0 0 -1
    outer loop
      vertex 1.34704 5.77131 -7.6
      vertex 1.34761 45.3227 -7.6
      vertex 1.34761 5.77227 -7.6
    endloop
  endfacet
  facet normal 0 0 -1
    outer loop
      vertex 1.34704 5.77131 -7.6
      vertex 1.34704 45.3237 -7.6
      vertex 1.34761 45.3227 -7.6
    endloop
  endfacet
  facet normal 0 0 -1
    outer loop
      vertex 1.18667 5.50375 -7.6
      vertex 1.34704 45.3237 -7.6
      vertex 1.34704 5.77131 -7.6
    endloop
  endfacet
  facet normal 0 0 -1
    outer loop
      vertex 1.18667 5.50375 -7.6
      vertex 1.18667 45.5912 -7.6
      vertex 1.34704 45.3237 -7.6
    endloop
  endfacet
  facet normal 0 0 -1
    outer loop
      vertex -2.5 0.5 -7.6
      vertex 1.18667 5.50375 -7.6
      vertex 1.0533 5.22177 -7.6
    endloop
  endfacet
  facet normal -0 0 -1
    outer loop
      vertex 1.18667 5.50375 -7.6
      vertex -2.5 0.5 -7.6
      vertex 1.18667 45.5912 -7.6
    endloop
  endfacet
  facet normal 0 0 -1
    outer loop
      vertex -2.5 0.5 -7.6
      vertex 1.0533 5.22177 -7.6
      vertex 1.05282 5.22076 -7.6
    endloop
  endfacet
  facet normal -0 0 -1
    outer loop
      vertex 1.18667 45.5912 -7.6
      vertex -2.5 0.5 -7.6
      vertex 1.0533 45.8732 -7.6
    endloop
  endfacet
  facet normal 0 0 -1
    outer loop
      vertex -2.5 0.5 -7.6
      vertex 1.05282 5.22076 -7.6
      vertex 0.947736 4.92705 -7.6
    endloop
  endfacet
  facet normal -0 0 -1
    outer loop
      vertex 1.0533 45.8732 -7.6
      vertex -2.5 0.5 -7.6
      vertex 1.05282 45.8742 -7.6
    endloop
  endfacet
  facet normal 0 0 -1
    outer loop
      vertex -2.5 0.5 -7.6
      vertex 0.947736 4.92705 -7.6
      vertex 0.947361 4.92601 -7.6
    endloop
  endfacet
  facet normal -0 0 -1
    outer loop
      vertex 1.05282 45.8742 -7.6
      vertex -2.5 0.5 -7.6
      vertex 0.947736 46.1679 -7.6
    endloop
  endfacet
  facet normal 0 0 -1
    outer loop
      vertex -2.5 0.5 -7.6
      vertex 0.947361 4.92601 -7.6
      vertex 0.871566 4.62342 -7.6
    endloop
  endfacet
  facet normal -0 0 -1
    outer loop
      vertex 0.947736 46.1679 -7.6
      vertex -2.5 0.5 -7.6
      vertex 0.947361 46.169 -7.6
    endloop
  endfacet
  facet normal 0 0 -1
    outer loop
      vertex -2.5 0.5 -7.6
      vertex 0.871566 4.62342 -7.6
      vertex 0.871295 4.62234 -7.6
    endloop
  endfacet
  facet normal -0 0 -1
    outer loop
      vertex 0.947361 46.169 -7.6
      vertex -2.5 0.5 -7.6
      vertex 0.871566 46.4716 -7.6
    endloop
  endfacet
  facet normal 0 0 -1
    outer loop
      vertex -2.5 0.5 -7.6
      vertex 0.871295 4.62234 -7.6
      vertex 0.871132 4.62124 -7.6
    endloop
  endfacet
  facet normal -0 0 -1
    outer loop
      vertex 0.871566 46.4716 -7.6
      vertex -2.5 0.5 -7.6
      vertex 0.871295 46.4727 -7.6
    endloop
  endfacet
  facet normal 0 0 -1
    outer loop
      vertex -2.5 0.5 -7.6
      vertex 0.871132 4.62124 -7.6
      vertex 0.825362 4.31267 -7.6
    endloop
  endfacet
  facet normal 0 0 -1
    outer loop
      vertex -2.5 59.5 -7.6
      vertex 0.871295 46.4727 -7.6
      vertex -2.5 0.5 -7.6
    endloop
  endfacet
  facet normal 0 0 -1
    outer loop
      vertex -2.5 0.5 -7.6
      vertex 0.825362 4.31267 -7.6
      vertex 0.825307 4.31156 -7.6
    endloop
  endfacet
  facet normal 0 0 -1
    outer loop
      vertex 0.871295 46.4727 -7.6
      vertex -2.5 59.5 -7.6
      vertex 0.871132 46.4738 -7.6
    endloop
  endfacet
  facet normal 0 0 -1
    outer loop
      vertex -2.5 0.5 -7.6
      vertex 0.825307 4.31156 -7.6
      vertex 0.81 4 -7.6
    endloop
  endfacet
  facet normal 0 0 -1
    outer loop
      vertex 0.871132 46.4738 -7.6
      vertex -2.5 59.5 -7.6
      vertex 0.825362 46.7823 -7.6
    endloop
  endfacet
  facet normal 0 0 -1
    outer loop
      vertex 54.3045 11.5307 -7.6
      vertex 15.6955 11.5307 -7.6
      vertex 54.4723 11.8856 -7.6
    endloop
  endfacet
  facet normal 0 0 -1
    outer loop
      vertex 54.6741 38.7777 -7.6
      vertex 15.9807 40.6079 -7.6
      vertex 16 41 -7.6
    endloop
  endfacet
  facet normal 0 0 -1
    outer loop
      vertex 15.5277 11.8856 -7.6
      vertex 54.4723 11.8856 -7.6
      vertex 15.6955 11.5307 -7.6
    endloop
  endfacet
  facet normal 0 0 -1
    outer loop
      vertex 54.6741 38.7777 -7.6
      vertex 15.9231 40.2196 -7.6
      vertex 15.9807 40.6079 -7.6
    endloop
  endfacet
  facet normal 0 0 -1
    outer loop
      vertex 54.4723 11.8856 -7.6
      vertex 15.5277 11.8856 -7.6
      vertex 54.6741 12.2223 -7.6
    endloop
  endfacet
  facet normal 0 0 -1
    outer loop
      vertex 54.6741 38.7777 -7.6
      vertex 15.8278 39.8389 -7.6
      vertex 15.9231 40.2196 -7.6
    endloop
  endfacet
  facet normal 0 0 -1
    outer loop
      vertex 15.3259 12.2223 -7.6
      vertex 54.6741 12.2223 -7.6
      vertex 15.5277 11.8856 -7.6
    endloop
  endfacet
  facet normal 0 0 -1
    outer loop
      vertex 54.6741 38.7777 -7.6
      vertex 15.6955 39.4693 -7.6
      vertex 15.8278 39.8389 -7.6
    endloop
  endfacet
  facet normal 0 0 -1
    outer loop
      vertex 54.6741 12.2223 -7.6
      vertex 15.3259 12.2223 -7.6
      vertex 54.6741 38.7777 -7.6
    endloop
  endfacet
  facet normal 0 0 -1
    outer loop
      vertex 54.6741 38.7777 -7.6
      vertex 15.5277 39.1144 -7.6
      vertex 15.6955 39.4693 -7.6
    endloop
  endfacet
  facet normal 0 0 -1
    outer loop
      vertex 15.3259 38.7777 -7.6
      vertex 54.6741 38.7777 -7.6
      vertex 15.3259 12.2223 -7.6
    endloop
  endfacet
  facet normal 0 0 -1
    outer loop
      vertex 54.6741 38.7777 -7.6
      vertex 15.3259 38.7777 -7.6
      vertex 15.5277 39.1144 -7.6
    endloop
  endfacet
  facet normal 0 0 -1
    outer loop
      vertex 15.092 12.5376 -7.6
      vertex 15.3259 38.7777 -7.6
      vertex 15.3259 12.2223 -7.6
    endloop
  endfacet
  facet normal 0 0 -1
    outer loop
      vertex 15.092 12.5376 -7.6
      vertex 15.092 38.4624 -7.6
      vertex 15.3259 38.7777 -7.6
    endloop
  endfacet
  facet normal 0 0 -1
    outer loop
      vertex 14.8284 12.8284 -7.6
      vertex 15.092 38.4624 -7.6
      vertex 15.092 12.5376 -7.6
    endloop
  endfacet
  facet normal 0 0 -1
    outer loop
      vertex 14.8284 12.8284 -7.6
      vertex 14.8284 38.1716 -7.6
      vertex 15.092 38.4624 -7.6
    endloop
  endfacet
  facet normal 0 0 -1
    outer loop
      vertex 14.5376 13.092 -7.6
      vertex 14.8284 38.1716 -7.6
      vertex 14.8284 12.8284 -7.6
    endloop
  endfacet
  facet normal 0 0 -1
    outer loop
      vertex 14.5376 13.092 -7.6
      vertex 14.5376 37.908 -7.6
      vertex 14.8284 38.1716 -7.6
    endloop
  endfacet
  facet normal 0 0 -1
    outer loop
      vertex 14.2223 13.3259 -7.6
      vertex 14.5376 37.908 -7.6
      vertex 14.5376 13.092 -7.6
    endloop
  endfacet
  facet normal 0 0 -1
    outer loop
      vertex 14.2223 13.3259 -7.6
      vertex 14.2223 37.6741 -7.6
      vertex 14.5376 37.908 -7.6
    endloop
  endfacet
  facet normal 0 0 -1
    outer loop
      vertex 13.8856 13.5277 -7.6
      vertex 14.2223 37.6741 -7.6
      vertex 14.2223 13.3259 -7.6
    endloop
  endfacet
  facet normal 0 0 -1
    outer loop
      vertex 13.8856 13.5277 -7.6
      vertex 13.8856 37.4723 -7.6
      vertex 14.2223 37.6741 -7.6
    endloop
  endfacet
  facet normal 0 0 -1
    outer loop
      vertex 13.5307 13.6955 -7.6
      vertex 13.8856 37.4723 -7.6
      vertex 13.8856 13.5277 -7.6
    endloop
  endfacet
  facet normal 0 0 -1
    outer loop
      vertex 13.5307 13.6955 -7.6
      vertex 13.5307 37.3045 -7.6
      vertex 13.8856 37.4723 -7.6
    endloop
  endfacet
  facet normal 0 0 -1
    outer loop
      vertex 13.1611 13.8278 -7.6
      vertex 13.5307 37.3045 -7.6
      vertex 13.5307 13.6955 -7.6
    endloop
  endfacet
  facet normal 0 0 -1
    outer loop
      vertex 13.1611 13.8278 -7.6
      vertex 13.1611 37.1722 -7.6
      vertex 13.5307 37.3045 -7.6
    endloop
  endfacet
  facet normal 0 0 -1
    outer loop
      vertex 12.7804 13.9231 -7.6
      vertex 13.1611 37.1722 -7.6
      vertex 13.1611 13.8278 -7.6
    endloop
  endfacet
  facet normal 0 0 -1
    outer loop
      vertex 12.7804 13.9231 -7.6
      vertex 12.7804 37.0769 -7.6
      vertex 13.1611 37.1722 -7.6
    endloop
  endfacet
  facet normal 0 0 -1
    outer loop
      vertex 12.3921 13.9807 -7.6
      vertex 12.7804 37.0769 -7.6
      vertex 12.7804 13.9231 -7.6
    endloop
  endfacet
  facet normal 0 0 -1
    outer loop
      vertex 12.3921 13.9807 -7.6
      vertex 12.3921 37.0193 -7.6
      vertex 12.7804 37.0769 -7.6
    endloop
  endfacet
  facet normal 0 0 -1
    outer loop
      vertex 12 14 -7.6
      vertex 12.3921 37.0193 -7.6
      vertex 12.3921 13.9807 -7.6
    endloop
  endfacet
  facet normal 0 0 -1
    outer loop
      vertex 12 14 -7.6
      vertex 12 37 -7.6
      vertex 12.3921 37.0193 -7.6
    endloop
  endfacet
  facet normal 0 0 -1
    outer loop
      vertex 11.6079 13.9807 -7.6
      vertex 12 37 -7.6
      vertex 12 14 -7.6
    endloop
  endfacet
  facet normal 0 0 -1
    outer loop
      vertex 11.6079 13.9807 -7.6
      vertex 11.6079 37.0193 -7.6
      vertex 12 37 -7.6
    endloop
  endfacet
  facet normal 0 0 -1
    outer loop
      vertex 11.2196 13.9231 -7.6
      vertex 11.6079 37.0193 -7.6
      vertex 11.6079 13.9807 -7.6
    endloop
  endfacet
  facet normal 0 0 -1
    outer loop
      vertex 11.2196 13.9231 -7.6
      vertex 11.2196 37.0769 -7.6
      vertex 11.6079 37.0193 -7.6
    endloop
  endfacet
  facet normal 0 0 -1
    outer loop
      vertex 10.8389 13.8278 -7.6
      vertex 11.2196 37.0769 -7.6
      vertex 11.2196 13.9231 -7.6
    endloop
  endfacet
  facet normal 0 0 -1
    outer loop
      vertex 10.8389 13.8278 -7.6
      vertex 10.8389 37.1722 -7.6
      vertex 11.2196 37.0769 -7.6
    endloop
  endfacet
  facet normal 0 0 -1
    outer loop
      vertex 10.4693 13.6955 -7.6
      vertex 10.8389 37.1722 -7.6
      vertex 10.8389 13.8278 -7.6
    endloop
  endfacet
  facet normal 0 0 -1
    outer loop
      vertex 10.4693 13.6955 -7.6
      vertex 10.4693 37.3045 -7.6
      vertex 10.8389 37.1722 -7.6
    endloop
  endfacet
  facet normal 0 0 -1
    outer loop
      vertex 10.1144 13.5277 -7.6
      vertex 10.4693 37.3045 -7.6
      vertex 10.4693 13.6955 -7.6
    endloop
  endfacet
  facet normal 0 0 -1
    outer loop
      vertex 10.1144 13.5277 -7.6
      vertex 10.1144 37.4723 -7.6
      vertex 10.4693 37.3045 -7.6
    endloop
  endfacet
  facet normal 0 0 -1
    outer loop
      vertex 9.77772 13.3259 -7.6
      vertex 10.1144 37.4723 -7.6
      vertex 10.1144 13.5277 -7.6
    endloop
  endfacet
  facet normal 0 0 -1
    outer loop
      vertex 9.77772 13.3259 -7.6
      vertex 9.77772 37.6741 -7.6
      vertex 10.1144 37.4723 -7.6
    endloop
  endfacet
  facet normal 0 0 -1
    outer loop
      vertex 9.46243 13.092 -7.6
      vertex 9.77772 37.6741 -7.6
      vertex 9.77772 13.3259 -7.6
    endloop
  endfacet
  facet normal 0 0 -1
    outer loop
      vertex 9.46243 13.092 -7.6
      vertex 9.46243 37.908 -7.6
      vertex 9.77772 37.6741 -7.6
    endloop
  endfacet
  facet normal 0 0 -1
    outer loop
      vertex 9.17157 12.8284 -7.6
      vertex 9.46243 37.908 -7.6
      vertex 9.46243 13.092 -7.6
    endloop
  endfacet
  facet normal 0 0 -1
    outer loop
      vertex 9.17157 12.8284 -7.6
      vertex 9.17157 38.1716 -7.6
      vertex 9.46243 37.908 -7.6
    endloop
  endfacet
  facet normal 0 0 -1
    outer loop
      vertex 8.90796 12.5376 -7.6
      vertex 9.17157 38.1716 -7.6
      vertex 9.17157 12.8284 -7.6
    endloop
  endfacet
  facet normal 0 0 -1
    outer loop
      vertex 8.90796 12.5376 -7.6
      vertex 8.90796 38.4624 -7.6
      vertex 9.17157 38.1716 -7.6
    endloop
  endfacet
  facet normal 0 0 -1
    outer loop
      vertex 8.67412 12.2223 -7.6
      vertex 8.90796 38.4624 -7.6
      vertex 8.90796 12.5376 -7.6
    endloop
  endfacet
  facet normal 0 0 -1
    outer loop
      vertex 8.67412 12.2223 -7.6
      vertex 8.67412 38.7777 -7.6
      vertex 8.90796 38.4624 -7.6
    endloop
  endfacet
  facet normal 0 0 -1
    outer loop
      vertex 8.47231 11.8856 -7.6
      vertex 8.67412 38.7777 -7.6
      vertex 8.67412 12.2223 -7.6
    endloop
  endfacet
  facet normal 0 0 -1
    outer loop
      vertex 8.47231 11.8856 -7.6
      vertex 8.47231 39.1144 -7.6
      vertex 8.67412 38.7777 -7.6
    endloop
  endfacet
  facet normal 0 0 -1
    outer loop
      vertex 8.30448 11.5307 -7.6
      vertex 8.47231 39.1144 -7.6
      vertex 8.47231 11.8856 -7.6
    endloop
  endfacet
  facet normal 0 0 -1
    outer loop
      vertex 8.30448 11.5307 -7.6
      vertex 8.30448 39.4693 -7.6
      vertex 8.47231 39.1144 -7.6
    endloop
  endfacet
  facet normal 0 0 -1
    outer loop
      vertex 8.17224 11.1611 -7.6
      vertex 8.30448 39.4693 -7.6
      vertex 8.30448 11.5307 -7.6
    endloop
  endfacet
  facet normal 0 0 -1
    outer loop
      vertex 8.17224 11.1611 -7.6
      vertex 8.17224 39.8389 -7.6
      vertex 8.30448 39.4693 -7.6
    endloop
  endfacet
  facet normal 0 0 -1
    outer loop
      vertex 8.07686 10.7804 -7.6
      vertex 8.17224 39.8389 -7.6
      vertex 8.17224 11.1611 -7.6
    endloop
  endfacet
  facet normal 0 0 -1
    outer loop
      vertex 8.07686 10.7804 -7.6
      vertex 8.07686 40.2196 -7.6
      vertex 8.17224 39.8389 -7.6
    endloop
  endfacet
  facet normal 0 0 -1
    outer loop
      vertex 8.01926 10.3921 -7.6
      vertex 8.07686 40.2196 -7.6
      vertex 8.07686 10.7804 -7.6
    endloop
  endfacet
  facet normal 0 0 -1
    outer loop
      vertex 8.01926 10.3921 -7.6
      vertex 8.01926 40.6079 -7.6
      vertex 8.07686 40.2196 -7.6
    endloop
  endfacet
  facet normal -0 0 -1
    outer loop
      vertex 9.46243 6.90796 -7.6
      vertex 6.9467 5.22177 -7.6
      vertex 9.17157 7.17157 -7.6
    endloop
  endfacet
  facet normal 0 0 -1
    outer loop
      vertex 6.81333 5.50375 -7.6
      vertex 9.17157 7.17157 -7.6
      vertex 6.9467 5.22177 -7.6
    endloop
  endfacet
  facet normal 0 0 -1
    outer loop
      vertex 67.2208 6.94718 -7.6
      vertex 61.3259 12.2223 -7.6
      vertex 67.2218 6.9467 -7.6
    endloop
  endfacet
  facet normal 0 0 -1
    outer loop
      vertex 67.2208 44.1478 -7.6
      vertex 61.9807 40.6079 -7.6
      vertex 62 41 -7.6
    endloop
  endfacet
  facet normal 0 0 -1
    outer loop
      vertex 67.2218 6.9467 -7.6
      vertex 61.3259 12.2223 -7.6
      vertex 67.5038 6.81333 -7.6
    endloop
  endfacet
  facet normal 0 0 -1
    outer loop
      vertex 67.2208 44.1478 -7.6
      vertex 61.9231 40.2196 -7.6
      vertex 61.9807 40.6079 -7.6
    endloop
  endfacet
  facet normal 0 0 -1
    outer loop
      vertex 67.5038 6.81333 -7.6
      vertex 61.3259 12.2223 -7.6
      vertex 67.5038 44.2817 -7.6
    endloop
  endfacet
  facet normal 0 0 -1
    outer loop
      vertex 67.2208 44.1478 -7.6
      vertex 61.8278 39.8389 -7.6
      vertex 61.9231 40.2196 -7.6
    endloop
  endfacet
  facet normal 0 0 -1
    outer loop
      vertex 61.3259 38.7777 -7.6
      vertex 67.5038 44.2817 -7.6
      vertex 61.3259 12.2223 -7.6
    endloop
  endfacet
  facet normal 0 0 -1
    outer loop
      vertex 67.2208 44.1478 -7.6
      vertex 61.6955 39.4693 -7.6
      vertex 61.8278 39.8389 -7.6
    endloop
  endfacet
  facet normal 0 0 -1
    outer loop
      vertex 67.5038 44.2817 -7.6
      vertex 61.3259 38.7777 -7.6
      vertex 67.2218 44.1483 -7.6
    endloop
  endfacet
  facet normal 0 0 -1
    outer loop
      vertex 67.2208 44.1478 -7.6
      vertex 61.5277 39.1144 -7.6
      vertex 61.6955 39.4693 -7.6
    endloop
  endfacet
  facet normal 0 0 -1
    outer loop
      vertex 67.2218 44.1483 -7.6
      vertex 61.3259 38.7777 -7.6
      vertex 67.2208 44.1478 -7.6
    endloop
  endfacet
  facet normal 0 0 -1
    outer loop
      vertex 67.2208 44.1478 -7.6
      vertex 61.3259 38.7777 -7.6
      vertex 61.5277 39.1144 -7.6
    endloop
  endfacet
  facet normal 0 0 -1
    outer loop
      vertex 61.092 12.5376 -7.6
      vertex 61.3259 38.7777 -7.6
      vertex 61.3259 12.2223 -7.6
    endloop
  endfacet
  facet normal 0 0 -1
    outer loop
      vertex 61.092 12.5376 -7.6
      vertex 61.092 38.4624 -7.6
      vertex 61.3259 38.7777 -7.6
    endloop
  endfacet
  facet normal 0 0 -1
    outer loop
      vertex 60.8284 12.8284 -7.6
      vertex 61.092 38.4624 -7.6
      vertex 61.092 12.5376 -7.6
    endloop
  endfacet
  facet normal 0 0 -1
    outer loop
      vertex 60.8284 12.8284 -7.6
      vertex 60.8284 38.1716 -7.6
      vertex 61.092 38.4624 -7.6
    endloop
  endfacet
  facet normal 0 0 -1
    outer loop
      vertex 60.5376 13.092 -7.6
      vertex 60.8284 38.1716 -7.6
      vertex 60.8284 12.8284 -7.6
    endloop
  endfacet
  facet normal 0 0 -1
    outer loop
      vertex 60.5376 13.092 -7.6
      vertex 60.5376 37.908 -7.6
      vertex 60.8284 38.1716 -7.6
    endloop
  endfacet
  facet normal 0 0 -1
    outer loop
      vertex 60.2223 13.3259 -7.6
      vertex 60.5376 37.908 -7.6
      vertex 60.5376 13.092 -7.6
    endloop
  endfacet
  facet normal 0 0 -1
    outer loop
      vertex 60.2223 13.3259 -7.6
      vertex 60.2223 37.6741 -7.6
      vertex 60.5376 37.908 -7.6
    endloop
  endfacet
  facet normal 0 0 -1
    outer loop
      vertex 59.8856 13.5277 -7.6
      vertex 60.2223 37.6741 -7.6
      vertex 60.2223 13.3259 -7.6
    endloop
  endfacet
  facet normal 0 0 -1
    outer loop
      vertex 59.8856 13.5277 -7.6
      vertex 59.8856 37.4723 -7.6
      vertex 60.2223 37.6741 -7.6
    endloop
  endfacet
  facet normal 0 0 -1
    outer loop
      vertex 59.5307 13.6955 -7.6
      vertex 59.8856 37.4723 -7.6
      vertex 59.8856 13.5277 -7.6
    endloop
  endfacet
  facet normal 0 0 -1
    outer loop
      vertex 59.5307 13.6955 -7.6
      vertex 59.5307 37.3045 -7.6
      vertex 59.8856 37.4723 -7.6
    endloop
  endfacet
  facet normal 0 0 -1
    outer loop
      vertex 59.1611 13.8278 -7.6
      vertex 59.5307 37.3045 -7.6
      vertex 59.5307 13.6955 -7.6
    endloop
  endfacet
  facet normal 0 0 -1
    outer loop
      vertex 59.1611 13.8278 -7.6
      vertex 59.1611 37.1722 -7.6
      vertex 59.5307 37.3045 -7.6
    endloop
  endfacet
  facet normal 0 0 -1
    outer loop
      vertex 58.7804 13.9231 -7.6
      vertex 59.1611 37.1722 -7.6
      vertex 59.1611 13.8278 -7.6
    endloop
  endfacet
  facet normal 0 0 -1
    outer loop
      vertex 58.7804 13.9231 -7.6
      vertex 58.7804 37.0769 -7.6
      vertex 59.1611 37.1722 -7.6
    endloop
  endfacet
  facet normal 0 0 -1
    outer loop
      vertex 58.3921 13.9807 -7.6
      vertex 58.7804 37.0769 -7.6
      vertex 58.7804 13.9231 -7.6
    endloop
  endfacet
  facet normal 0 0 -1
    outer loop
      vertex 58.3921 13.9807 -7.6
      vertex 58.3921 37.0193 -7.6
      vertex 58.7804 37.0769 -7.6
    endloop
  endfacet
  facet normal 0 0 -1
    outer loop
      vertex 58 14 -7.6
      vertex 58.3921 37.0193 -7.6
      vertex 58.3921 13.9807 -7.6
    endloop
  endfacet
  facet normal 0 0 -1
    outer loop
      vertex 58 14 -7.6
      vertex 58 37 -7.6
      vertex 58.3921 37.0193 -7.6
    endloop
  endfacet
  facet normal 0 0 -1
    outer loop
      vertex 57.6079 13.9807 -7.6
      vertex 58 37 -7.6
      vertex 58 14 -7.6
    endloop
  endfacet
  facet normal 0 0 -1
    outer loop
      vertex 57.6079 13.9807 -7.6
      vertex 57.6079 37.0193 -7.6
      vertex 58 37 -7.6
    endloop
  endfacet
  facet normal 0 0 -1
    outer loop
      vertex 57.2196 13.9231 -7.6
      vertex 57.6079 37.0193 -7.6
      vertex 57.6079 13.9807 -7.6
    endloop
  endfacet
  facet normal 0 0 -1
    outer loop
      vertex 57.2196 13.9231 -7.6
      vertex 57.2196 37.0769 -7.6
      vertex 57.6079 37.0193 -7.6
    endloop
  endfacet
  facet normal 0 0 -1
    outer loop
      vertex 56.8389 13.8278 -7.6
      vertex 57.2196 37.0769 -7.6
      vertex 57.2196 13.9231 -7.6
    endloop
  endfacet
  facet normal 0 0 -1
    outer loop
      vertex 56.8389 13.8278 -7.6
      vertex 56.8389 37.1722 -7.6
      vertex 57.2196 37.0769 -7.6
    endloop
  endfacet
  facet normal 0 0 -1
    outer loop
      vertex 56.4693 13.6955 -7.6
      vertex 56.8389 37.1722 -7.6
      vertex 56.8389 13.8278 -7.6
    endloop
  endfacet
  facet normal 0 0 -1
    outer loop
      vertex 56.4693 13.6955 -7.6
      vertex 56.4693 37.3045 -7.6
      vertex 56.8389 37.1722 -7.6
    endloop
  endfacet
  facet normal 0 0 -1
    outer loop
      vertex 56.1144 13.5277 -7.6
      vertex 56.4693 37.3045 -7.6
      vertex 56.4693 13.6955 -7.6
    endloop
  endfacet
  facet normal 0 0 -1
    outer loop
      vertex 56.1144 13.5277 -7.6
      vertex 56.1144 37.4723 -7.6
      vertex 56.4693 37.3045 -7.6
    endloop
  endfacet
  facet normal 0 0 -1
    outer loop
      vertex 55.7777 13.3259 -7.6
      vertex 56.1144 37.4723 -7.6
      vertex 56.1144 13.5277 -7.6
    endloop
  endfacet
  facet normal 0 0 -1
    outer loop
      vertex 55.7777 13.3259 -7.6
      vertex 55.7777 37.6741 -7.6
      vertex 56.1144 37.4723 -7.6
    endloop
  endfacet
  facet normal 0 0 -1
    outer loop
      vertex 55.4624 13.092 -7.6
      vertex 55.7777 37.6741 -7.6
      vertex 55.7777 13.3259 -7.6
    endloop
  endfacet
  facet normal 0 0 -1
    outer loop
      vertex 55.4624 13.092 -7.6
      vertex 55.4624 37.908 -7.6
      vertex 55.7777 37.6741 -7.6
    endloop
  endfacet
  facet normal 0 0 -1
    outer loop
      vertex 55.1716 12.8284 -7.6
      vertex 55.4624 37.908 -7.6
      vertex 55.4624 13.092 -7.6
    endloop
  endfacet
  facet normal 0 0 -1
    outer loop
      vertex 55.1716 12.8284 -7.6
      vertex 55.1716 38.1716 -7.6
      vertex 55.4624 37.908 -7.6
    endloop
  endfacet
  facet normal 0 0 -1
    outer loop
      vertex 54.908 12.5376 -7.6
      vertex 55.1716 38.1716 -7.6
      vertex 55.1716 12.8284 -7.6
    endloop
  endfacet
  facet normal 0 0 -1
    outer loop
      vertex 54.908 12.5376 -7.6
      vertex 54.908 38.4624 -7.6
      vertex 55.1716 38.1716 -7.6
    endloop
  endfacet
  facet normal 0 0 -1
    outer loop
      vertex 54.6741 12.2223 -7.6
      vertex 54.908 38.4624 -7.6
      vertex 54.908 12.5376 -7.6
    endloop
  endfacet
  facet normal 0 0 -1
    outer loop
      vertex 54.6741 12.2223 -7.6
      vertex 54.6741 38.7777 -7.6
      vertex 54.908 38.4624 -7.6
    endloop
  endfacet
  facet normal 0 0 -1
    outer loop
      vertex 15.8278 11.1611 -7.6
      vertex 54.1722 11.1611 -7.6
      vertex 15.9231 10.7804 -7.6
    endloop
  endfacet
  facet normal 0 0 -1
    outer loop
      vertex 54.1722 11.1611 -7.6
      vertex 15.8278 11.1611 -7.6
      vertex 54.3045 11.5307 -7.6
    endloop
  endfacet
  facet normal 0 0 -1
    outer loop
      vertex 54.0769 10.7804 -7.6
      vertex 15.9231 10.7804 -7.6
      vertex 54.1722 11.1611 -7.6
    endloop
  endfacet
  facet normal 0 0 -1
    outer loop
      vertex 15.6955 11.5307 -7.6
      vertex 54.3045 11.5307 -7.6
      vertex 15.8278 11.1611 -7.6
    endloop
  endfacet
  facet normal 0 0 -1
    outer loop
      vertex 15.9231 10.7804 -7.6
      vertex 54.0769 10.7804 -7.6
      vertex 15.9807 10.3921 -7.6
    endloop
  endfacet
  facet normal 0 0 -1
    outer loop
      vertex 54.6741 38.7777 -7.6
      vertex 16 41 -7.6
      vertex 54.4723 39.1144 -7.6
    endloop
  endfacet
  facet normal 0 0 -1
    outer loop
      vertex 54.0193 10.3921 -7.6
      vertex 15.9807 10.3921 -7.6
      vertex 54.0769 10.7804 -7.6
    endloop
  endfacet
  facet normal 0 0 -1
    outer loop
      vertex 54.4723 39.1144 -7.6
      vertex 16 41 -7.6
      vertex 54.3045 39.4693 -7.6
    endloop
  endfacet
  facet normal 0 0 -1
    outer loop
      vertex 15.9807 10.3921 -7.6
      vertex 54.0193 10.3921 -7.6
      vertex 16 10 -7.6
    endloop
  endfacet
  facet normal 0 0 -1
    outer loop
      vertex 54.3045 39.4693 -7.6
      vertex 16 41 -7.6
      vertex 54.1722 39.8389 -7.6
    endloop
  endfacet
  facet normal 0 0 -1
    outer loop
      vertex 16 10 -7.6
      vertex 54.0193 10.3921 -7.6
      vertex 54 10 -7.6
    endloop
  endfacet
  facet normal 0 0 -1
    outer loop
      vertex 54.1722 39.8389 -7.6
      vertex 16 41 -7.6
      vertex 54.0769 40.2196 -7.6
    endloop
  endfacet
  facet normal 0 0 -1
    outer loop
      vertex 69.1746 4.31267 -7.6
      vertex 72.5 0.5 -7.6
      vertex 69.1747 4.31156 -7.6
    endloop
  endfacet
  facet normal 0 0 -1
    outer loop
      vertex 72.5 0.5 -7.6
      vertex 69.1747 46.7834 -7.6
      vertex 69.19 47.095 -7.6
    endloop
  endfacet
  facet normal 0 0 -1
    outer loop
      vertex 69.1289 4.62124 -7.6
      vertex 72.5 0.5 -7.6
      vertex 69.1746 4.31267 -7.6
    endloop
  endfacet
  facet normal 0 0 -1
    outer loop
      vertex 72.5 0.5 -7.6
      vertex 69.1746 46.7823 -7.6
      vertex 69.1747 46.7834 -7.6
    endloop
  endfacet
  facet normal 0 0 -1
    outer loop
      vertex 69.1287 4.62234 -7.6
      vertex 72.5 0.5 -7.6
      vertex 69.1289 4.62124 -7.6
    endloop
  endfacet
  facet normal 0 0 -1
    outer loop
      vertex 72.5 0.5 -7.6
      vertex 69.1289 46.4738 -7.6
      vertex 69.1746 46.7823 -7.6
    endloop
  endfacet
  facet normal 0 0 -1
    outer loop
      vertex 69.1284 4.62342 -7.6
      vertex 72.5 0.5 -7.6
      vertex 69.1287 4.62234 -7.6
    endloop
  endfacet
  facet normal 0 0 -1
    outer loop
      vertex 72.5 0.5 -7.6
      vertex 69.1287 46.4727 -7.6
      vertex 69.1289 46.4738 -7.6
    endloop
  endfacet
  facet normal 0 0 -1
    outer loop
      vertex 69.0526 4.92601 -7.6
      vertex 72.5 0.5 -7.6
      vertex 69.1284 4.62342 -7.6
    endloop
  endfacet
  facet normal 0 0 -1
    outer loop
      vertex 72.5 0.5 -7.6
      vertex 69.1284 46.4716 -7.6
      vertex 69.1287 46.4727 -7.6
    endloop
  endfacet
  facet normal 0 0 -1
    outer loop
      vertex 69.0523 4.92705 -7.6
      vertex 72.5 0.5 -7.6
      vertex 69.0526 4.92601 -7.6
    endloop
  endfacet
  facet normal 0 0 -1
    outer loop
      vertex 72.5 0.5 -7.6
      vertex 69.0526 46.169 -7.6
      vertex 69.1284 46.4716 -7.6
    endloop
  endfacet
  facet normal 0 0 -1
    outer loop
      vertex 68.9472 5.22076 -7.6
      vertex 72.5 0.5 -7.6
      vertex 69.0523 4.92705 -7.6
    endloop
  endfacet
  facet normal 0 0 -1
    outer loop
      vertex 72.5 0.5 -7.6
      vertex 69.0523 46.1679 -7.6
      vertex 69.0526 46.169 -7.6
    endloop
  endfacet
  facet normal 0 0 -1
    outer loop
      vertex 68.9467 5.22177 -7.6
      vertex 72.5 0.5 -7.6
      vertex 68.9472 5.22076 -7.6
    endloop
  endfacet
  facet normal 0 0 -1
    outer loop
      vertex 72.5 0.5 -7.6
      vertex 68.9472 45.8742 -7.6
      vertex 69.0523 46.1679 -7.6
    endloop
  endfacet
  facet normal 0 0 -1
    outer loop
      vertex 68.8133 5.50375 -7.6
      vertex 72.5 0.5 -7.6
      vertex 68.9467 5.22177 -7.6
    endloop
  endfacet
  facet normal 0 0 -1
    outer loop
      vertex 72.5 0.5 -7.6
      vertex 68.9467 45.8732 -7.6
      vertex 68.9472 45.8742 -7.6
    endloop
  endfacet
  facet normal 0 0 -1
    outer loop
      vertex 68.8133 45.5912 -7.6
      vertex 72.5 0.5 -7.6
      vertex 68.8133 5.50375 -7.6
    endloop
  endfacet
  facet normal 0 0 -1
    outer loop
      vertex 72.5 0.5 -7.6
      vertex 68.8133 45.5912 -7.6
      vertex 68.9467 45.8732 -7.6
    endloop
  endfacet
  facet normal 0 0 -1
    outer loop
      vertex 68.653 5.77131 -7.6
      vertex 68.8133 45.5912 -7.6
      vertex 68.8133 5.50375 -7.6
    endloop
  endfacet
  facet normal 0 0 -1
    outer loop
      vertex 68.653 5.77131 -7.6
      vertex 68.653 45.3237 -7.6
      vertex 68.8133 45.5912 -7.6
    endloop
  endfacet
  facet normal 0 0 -1
    outer loop
      vertex 68.6524 5.77227 -7.6
      vertex 68.653 45.3237 -7.6
      vertex 68.653 5.77131 -7.6
    endloop
  endfacet
  facet normal 0 0 -1
    outer loop
      vertex 68.6524 5.77227 -7.6
      vertex 68.6524 45.3227 -7.6
      vertex 68.653 45.3237 -7.6
    endloop
  endfacet
  facet normal 0 0 -1
    outer loop
      vertex 68.6517 5.77316 -7.6
      vertex 68.6524 45.3227 -7.6
      vertex 68.6524 5.77227 -7.6
    endloop
  endfacet
  facet normal 0 0 -1
    outer loop
      vertex 68.6517 5.77316 -7.6
      vertex 68.6517 45.3218 -7.6
      vertex 68.6524 45.3227 -7.6
    endloop
  endfacet
  facet normal 0 0 -1
    outer loop
      vertex 68.4659 6.02371 -7.6
      vertex 68.6517 45.3218 -7.6
      vertex 68.6517 5.77316 -7.6
    endloop
  endfacet
  facet normal 0 0 -1
    outer loop
      vertex 68.4659 6.02371 -7.6
      vertex 68.4659 45.0713 -7.6
      vertex 68.6517 45.3218 -7.6
    endloop
  endfacet
  facet normal 0 0 -1
    outer loop
      vertex 68.2564 6.25485 -7.6
      vertex 68.4659 45.0713 -7.6
      vertex 68.4659 6.02371 -7.6
    endloop
  endfacet
  facet normal 0 0 -1
    outer loop
      vertex 68.2564 6.25485 -7.6
      vertex 68.2564 44.8402 -7.6
      vertex 68.4659 45.0713 -7.6
    endloop
  endfacet
  facet normal 0 0 -1
    outer loop
      vertex 68.2557 6.25567 -7.6
      vertex 68.2564 44.8402 -7.6
      vertex 68.2564 6.25485 -7.6
    endloop
  endfacet
  facet normal 0 0 -1
    outer loop
      vertex 68.2557 6.25567 -7.6
      vertex 68.2557 44.8393 -7.6
      vertex 68.2564 44.8402 -7.6
    endloop
  endfacet
  facet normal 0 0 -1
    outer loop
      vertex 68.2548 6.25642 -7.6
      vertex 68.2557 44.8393 -7.6
      vertex 68.2557 6.25567 -7.6
    endloop
  endfacet
  facet normal 0 0 -1
    outer loop
      vertex 68.2548 6.25642 -7.6
      vertex 68.2548 44.8386 -7.6
      vertex 68.2557 44.8393 -7.6
    endloop
  endfacet
  facet normal 0 0 -1
    outer loop
      vertex 68.0237 6.4659 -7.6
      vertex 68.2548 44.8386 -7.6
      vertex 68.2548 6.25642 -7.6
    endloop
  endfacet
  facet normal 0 0 -1
    outer loop
      vertex 68.0237 6.4659 -7.6
      vertex 68.0237 44.6291 -7.6
      vertex 68.2548 44.8386 -7.6
    endloop
  endfacet
  facet normal 0 0 -1
    outer loop
      vertex 67.7732 6.65173 -7.6
      vertex 68.0237 44.6291 -7.6
      vertex 68.0237 6.4659 -7.6
    endloop
  endfacet
  facet normal 0 0 -1
    outer loop
      vertex 67.7732 6.65173 -7.6
      vertex 67.7732 44.4433 -7.6
      vertex 68.0237 44.6291 -7.6
    endloop
  endfacet
  facet normal 0 0 -1
    outer loop
      vertex 67.7723 6.65239 -7.6
      vertex 67.7732 44.4433 -7.6
      vertex 67.7732 6.65173 -7.6
    endloop
  endfacet
  facet normal 0 0 -1
    outer loop
      vertex 67.7723 6.65239 -7.6
      vertex 67.7723 44.4426 -7.6
      vertex 67.7732 44.4433 -7.6
    endloop
  endfacet
  facet normal 0 0 -1
    outer loop
      vertex 67.7713 6.65296 -7.6
      vertex 67.7723 44.4426 -7.6
      vertex 67.7723 6.65239 -7.6
    endloop
  endfacet
  facet normal 0 0 -1
    outer loop
      vertex 67.7713 6.65296 -7.6
      vertex 67.7713 44.442 -7.6
      vertex 67.7723 44.4426 -7.6
    endloop
  endfacet
  facet normal 0 0 -1
    outer loop
      vertex 67.5038 6.81333 -7.6
      vertex 67.7713 44.442 -7.6
      vertex 67.7713 6.65296 -7.6
    endloop
  endfacet
  facet normal 0 0 -1
    outer loop
      vertex 67.5038 6.81333 -7.6
      vertex 67.5038 44.2817 -7.6
      vertex 67.7713 44.442 -7.6
    endloop
  endfacet
  facet normal 0 0 -1
    outer loop
      vertex 66.926 7.05264 -7.6
      vertex 61.5277 11.8856 -7.6
      vertex 66.9271 7.05226 -7.6
    endloop
  endfacet
  facet normal 0 0 -1
    outer loop
      vertex 66.9271 7.05226 -7.6
      vertex 61.5277 11.8856 -7.6
      vertex 67.2208 6.94718 -7.6
    endloop
  endfacet
  facet normal 0 0 -1
    outer loop
      vertex 61.5277 11.8856 -7.6
      vertex 66.926 7.05264 -7.6
      vertex 61.6955 11.5307 -7.6
    endloop
  endfacet
  facet normal 0 0 -1
    outer loop
      vertex 61.3259 12.2223 -7.6
      vertex 67.2208 6.94718 -7.6
      vertex 61.5277 11.8856 -7.6
    endloop
  endfacet
  facet normal 0 0 -1
    outer loop
      vertex 61.6955 11.5307 -7.6
      vertex 66.6223 7.1287 -7.6
      vertex 61.8278 11.1611 -7.6
    endloop
  endfacet
  facet normal 0 0 -1
    outer loop
      vertex 66.6234 7.12843 -7.6
      vertex 61.6955 11.5307 -7.6
      vertex 66.926 7.05264 -7.6
    endloop
  endfacet
  facet normal 0 0 -1
    outer loop
      vertex 66.6212 7.12887 -7.6
      vertex 61.8278 11.1611 -7.6
      vertex 66.6223 7.1287 -7.6
    endloop
  endfacet
  facet normal 0 0 -1
    outer loop
      vertex 67.2208 44.1478 -7.6
      vertex 62 41 -7.6
      vertex 66.9271 44.0427 -7.6
    endloop
  endfacet
  facet normal 0 0 -1
    outer loop
      vertex 66.3127 7.17464 -7.6
      vertex 61.8278 11.1611 -7.6
      vertex 66.6212 7.12887 -7.6
    endloop
  endfacet
  facet normal 0 0 -1
    outer loop
      vertex 66.9271 44.0427 -7.6
      vertex 62 41 -7.6
      vertex 66.926 44.0424 -7.6
    endloop
  endfacet
  facet normal 0 0 -1
    outer loop
      vertex 61.8278 11.1611 -7.6
      vertex 66.3127 7.17464 -7.6
      vertex 61.9231 10.7804 -7.6
    endloop
  endfacet
  facet normal 0 0 -1
    outer loop
      vertex 66.926 44.0424 -7.6
      vertex 62 41 -7.6
      vertex 66.6234 43.9666 -7.6
    endloop
  endfacet
  facet normal 0 0 -1
    outer loop
      vertex 66.3116 7.17469 -7.6
      vertex 61.9231 10.7804 -7.6
      vertex 66.3127 7.17464 -7.6
    endloop
  endfacet
  facet normal 0 0 -1
    outer loop
      vertex 66.6234 43.9666 -7.6
      vertex 62 41 -7.6
      vertex 66.6223 43.9663 -7.6
    endloop
  endfacet
  facet normal 0 0 -1
    outer loop
      vertex 66 7.19 -7.6
      vertex 61.9231 10.7804 -7.6
      vertex 66.3116 7.17469 -7.6
    endloop
  endfacet
  facet normal 0 0 -1
    outer loop
      vertex 66.6223 43.9663 -7.6
      vertex 62 41 -7.6
      vertex 66.6212 43.9661 -7.6
    endloop
  endfacet
  facet normal 0 0 -1
    outer loop
      vertex 61.9231 10.7804 -7.6
      vertex 66 7.19 -7.6
      vertex 61.9807 10.3921 -7.6
    endloop
  endfacet
  facet normal 0 0 -1
    outer loop
      vertex 66.6212 43.9661 -7.6
      vertex 62 41 -7.6
      vertex 66.3127 43.9204 -7.6
    endloop
  endfacet
  facet normal 0 0 -1
    outer loop
      vertex 65.6884 7.17469 -7.6
      vertex 61.9807 10.3921 -7.6
      vertex 66 7.19 -7.6
    endloop
  endfacet
  facet normal 0 0 -1
    outer loop
      vertex 66.3127 43.9204 -7.6
      vertex 62 41 -7.6
      vertex 66.3116 43.9203 -7.6
    endloop
  endfacet
  facet normal 0 0 -1
    outer loop
      vertex 65.6873 7.17464 -7.6
      vertex 61.9807 10.3921 -7.6
      vertex 65.6884 7.17469 -7.6
    endloop
  endfacet
  facet normal 0 0 -1
    outer loop
      vertex 66.6223 7.1287 -7.6
      vertex 61.6955 11.5307 -7.6
      vertex 66.6234 7.12843 -7.6
    endloop
  endfacet
  facet normal 0 0 -1
    outer loop
      vertex 61.9807 10.3921 -7.6
      vertex 65.6873 7.17464 -7.6
      vertex 62 10 -7.6
    endloop
  endfacet
  facet normal -0 0 -1
    outer loop
      vertex 66 43.905 -7.6
      vertex 62 41 -7.6
      vertex 65.6884 43.9203 -7.6
    endloop
  endfacet
  facet normal 0 0 -1
    outer loop
      vertex 62 10 -7.6
      vertex 65.6873 7.17464 -7.6
      vertex 65.3788 7.12887 -7.6
    endloop
  endfacet
  facet normal 0 0 -1
    outer loop
      vertex 66.3116 43.9203 -7.6
      vertex 62 41 -7.6
      vertex 66 43.905 -7.6
    endloop
  endfacet
  facet normal 0 0 -1
    outer loop
      vertex 62 10 -7.6
      vertex 65.3788 7.12887 -7.6
      vertex 65.3777 7.1287 -7.6
    endloop
  endfacet
  facet normal -0 0 -1
    outer loop
      vertex 65.6873 43.9204 -7.6
      vertex 62 41 -7.6
      vertex 65.3788 43.9661 -7.6
    endloop
  endfacet
  facet normal 0 0 -1
    outer loop
      vertex 62 10 -7.6
      vertex 65.3777 7.1287 -7.6
      vertex 65.3766 7.12843 -7.6
    endloop
  endfacet
  facet normal -0 0 -1
    outer loop
      vertex 65.3788 43.9661 -7.6
      vertex 62 41 -7.6
      vertex 65.3777 43.9663 -7.6
    endloop
  endfacet
  facet normal 0 0 -1
    outer loop
      vertex 61.9807 9.60793 -7.6
      vertex 65.3766 7.12843 -7.6
      vertex 65.074 7.05264 -7.6
    endloop
  endfacet
  facet normal -0 0 -1
    outer loop
      vertex 65.6884 43.9203 -7.6
      vertex 62 41 -7.6
      vertex 65.6873 43.9204 -7.6
    endloop
  endfacet
  facet normal 0 0 -1
    outer loop
      vertex 61.9807 9.60793 -7.6
      vertex 65.074 7.05264 -7.6
      vertex 65.0729 7.05226 -7.6
    endloop
  endfacet
  facet normal 0 0 -1
    outer loop
      vertex 61.9807 41.3921 -7.6
      vertex 65.3766 43.9666 -7.6
      vertex 62 41 -7.6
    endloop
  endfacet
  facet normal 0 0 -1
    outer loop
      vertex 61.9807 9.60793 -7.6
      vertex 65.0729 7.05226 -7.6
      vertex 64.7792 6.94718 -7.6
    endloop
  endfacet
  facet normal -0 0 -1
    outer loop
      vertex 65.3777 43.9663 -7.6
      vertex 62 41 -7.6
      vertex 65.3766 43.9666 -7.6
    endloop
  endfacet
  facet normal 0 0 -1
    outer loop
      vertex 61.9231 9.21964 -7.6
      vertex 64.7792 6.94718 -7.6
      vertex 64.7782 6.9467 -7.6
    endloop
  endfacet
  facet normal -0 0 -1
    outer loop
      vertex 65.074 44.0424 -7.6
      vertex 61.9807 41.3921 -7.6
      vertex 65.0729 44.0427 -7.6
    endloop
  endfacet
  facet normal 0 0 -1
    outer loop
      vertex 61.9231 9.21964 -7.6
      vertex 64.7782 6.9467 -7.6
      vertex 64.4962 6.81333 -7.6
    endloop
  endfacet
  facet normal -0 0 -1
    outer loop
      vertex 65.3766 43.9666 -7.6
      vertex 61.9807 41.3921 -7.6
      vertex 65.074 44.0424 -7.6
    endloop
  endfacet
  facet normal 0 0 -1
    outer loop
      vertex 61.8278 8.83886 -7.6
      vertex 64.4962 6.81333 -7.6
      vertex 64.2287 6.65296 -7.6
    endloop
  endfacet
  facet normal 0 0 -1
    outer loop
      vertex 61.9231 41.7804 -7.6
      vertex 65.0729 44.0427 -7.6
      vertex 61.9807 41.3921 -7.6
    endloop
  endfacet
  facet normal 0 0 -1
    outer loop
      vertex 61.8278 8.83886 -7.6
      vertex 64.2287 6.65296 -7.6
      vertex 64.2277 6.65239 -7.6
    endloop
  endfacet
  facet normal -0 0 -1
    outer loop
      vertex 64.7792 44.1478 -7.6
      vertex 61.9231 41.7804 -7.6
      vertex 64.7782 44.1483 -7.6
    endloop
  endfacet
  facet normal 0 0 -1
    outer loop
      vertex 61.6955 8.46927 -7.6
      vertex 64.2277 6.65239 -7.6
      vertex 64.2268 6.65173 -7.6
    endloop
  endfacet
  facet normal -0 0 -1
    outer loop
      vertex 64.7782 44.1483 -7.6
      vertex 61.9231 41.7804 -7.6
      vertex 64.4962 44.2817 -7.6
    endloop
  endfacet
  facet normal 0 0 -1
    outer loop
      vertex 61.6955 8.46927 -7.6
      vertex 64.2268 6.65173 -7.6
      vertex 63.9763 6.4659 -7.6
    endloop
  endfacet
  facet normal -0 0 -1
    outer loop
      vertex 65.0729 44.0427 -7.6
      vertex 61.9231 41.7804 -7.6
      vertex 64.7792 44.1478 -7.6
    endloop
  endfacet
  facet normal 0 0 -1
    outer loop
      vertex 61.5277 8.11441 -7.6
      vertex 63.9763 6.4659 -7.6
      vertex 63.7452 6.25642 -7.6
    endloop
  endfacet
  facet normal 0 0 -1
    outer loop
      vertex 61.8278 42.1611 -7.6
      vertex 64.4962 44.2817 -7.6
      vertex 61.9231 41.7804 -7.6
    endloop
  endfacet
  facet normal 0 0 -1
    outer loop
      vertex 61.5277 8.11441 -7.6
      vertex 63.7452 6.25642 -7.6
      vertex 63.7443 6.25567 -7.6
    endloop
  endfacet
  facet normal -0 0 -1
    outer loop
      vertex 64.4962 44.2817 -7.6
      vertex 61.8278 42.1611 -7.6
      vertex 64.2287 44.442 -7.6
    endloop
  endfacet
  facet normal 0 0 -1
    outer loop
      vertex 61.5277 8.11441 -7.6
      vertex 63.7443 6.25567 -7.6
      vertex 63.7436 6.25485 -7.6
    endloop
  endfacet
  facet normal 0 0 -1
    outer loop
      vertex 61.6955 42.5307 -7.6
      vertex 64.2287 44.442 -7.6
      vertex 61.8278 42.1611 -7.6
    endloop
  endfacet
  facet normal 0 0 -1
    outer loop
      vertex 61.3259 7.77772 -7.6
      vertex 63.7436 6.25485 -7.6
      vertex 63.5341 6.02371 -7.6
    endloop
  endfacet
  facet normal -0 0 -1
    outer loop
      vertex 64.2287 44.442 -7.6
      vertex 61.6955 42.5307 -7.6
      vertex 64.2277 44.4426 -7.6
    endloop
  endfacet
  facet normal 0 0 -1
    outer loop
      vertex 61.092 7.46243 -7.6
      vertex 63.5341 6.02371 -7.6
      vertex 63.3483 5.77316 -7.6
    endloop
  endfacet
  facet normal -0 0 -1
    outer loop
      vertex 64.2277 44.4426 -7.6
      vertex 61.6955 42.5307 -7.6
      vertex 64.2268 44.4433 -7.6
    endloop
  endfacet
  facet normal 0 0 -1
    outer loop
      vertex 61.092 7.46243 -7.6
      vertex 63.3483 5.77316 -7.6
      vertex 63.3476 5.77227 -7.6
    endloop
  endfacet
  facet normal -0 0 -1
    outer loop
      vertex 64.2268 44.4433 -7.6
      vertex 61.6955 42.5307 -7.6
      vertex 63.9763 44.6291 -7.6
    endloop
  endfacet
  facet normal 0 0 -1
    outer loop
      vertex 61.092 7.46243 -7.6
      vertex 63.3476 5.77227 -7.6
      vertex 63.347 5.77131 -7.6
    endloop
  endfacet
  facet normal 0 0 -1
    outer loop
      vertex 61.5277 42.8856 -7.6
      vertex 63.9763 44.6291 -7.6
      vertex 61.6955 42.5307 -7.6
    endloop
  endfacet
  facet normal 0 0 -1
    outer loop
      vertex 61.092 7.46243 -7.6
      vertex 63.347 5.77131 -7.6
      vertex 63.1867 5.50375 -7.6
    endloop
  endfacet
  facet normal -0 0 -1
    outer loop
      vertex 63.9763 44.6291 -7.6
      vertex 61.5277 42.8856 -7.6
      vertex 63.7452 44.8386 -7.6
    endloop
  endfacet
  facet normal 0 0 -1
    outer loop
      vertex 60.8284 7.17157 -7.6
      vertex 63.1867 5.50375 -7.6
      vertex 63.0533 5.22177 -7.6
    endloop
  endfacet
  facet normal -0 0 -1
    outer loop
      vertex 63.7452 44.8386 -7.6
      vertex 61.5277 42.8856 -7.6
      vertex 63.7443 44.8393 -7.6
    endloop
  endfacet
  facet normal 0 0 -1
    outer loop
      vertex 60.5376 6.90796 -7.6
      vertex 63.0533 5.22177 -7.6
      vertex 63.0528 5.22076 -7.6
    endloop
  endfacet
  facet normal 0 0 -1
    outer loop
      vertex 61.3259 43.2223 -7.6
      vertex 63.7443 44.8393 -7.6
      vertex 61.5277 42.8856 -7.6
    endloop
  endfacet
  facet normal 0 0 -1
    outer loop
      vertex 60.5376 6.90796 -7.6
      vertex 63.0528 5.22076 -7.6
      vertex 62.9477 4.92705 -7.6
    endloop
  endfacet
  facet normal -0 0 -1
    outer loop
      vertex 63.7443 44.8393 -7.6
      vertex 61.3259 43.2223 -7.6
      vertex 63.7436 44.8402 -7.6
    endloop
  endfacet
  facet normal 0 0 -1
    outer loop
      vertex 60.5376 6.90796 -7.6
      vertex 62.9477 4.92705 -7.6
      vertex 62.9474 4.92601 -7.6
    endloop
  endfacet
  facet normal -0 0 -1
    outer loop
      vertex 63.7436 44.8402 -7.6
      vertex 61.3259 43.2223 -7.6
      vertex 63.5341 45.0713 -7.6
    endloop
  endfacet
  facet normal 0 0 -1
    outer loop
      vertex 60.2223 6.67412 -7.6
      vertex 62.9474 4.92601 -7.6
      vertex 62.8716 4.62342 -7.6
    endloop
  endfacet
  facet normal 0 0 -1
    outer loop
      vertex 61.092 43.5376 -7.6
      vertex 63.5341 45.0713 -7.6
      vertex 61.3259 43.2223 -7.6
    endloop
  endfacet
  facet normal 0 0 -1
    outer loop
      vertex 60.2223 6.67412 -7.6
      vertex 62.8716 4.62342 -7.6
      vertex 62.8713 4.62234 -7.6
    endloop
  endfacet
  facet normal -0 0 -1
    outer loop
      vertex 63.5341 45.0713 -7.6
      vertex 61.092 43.5376 -7.6
      vertex 63.3483 45.3218 -7.6
    endloop
  endfacet
  facet normal 0 0 -1
    outer loop
      vertex 59.8856 6.47231 -7.6
      vertex 62.8713 4.62234 -7.6
      vertex 62.8711 4.62124 -7.6
    endloop
  endfacet
  facet normal -0 0 -1
    outer loop
      vertex 63.3483 45.3218 -7.6
      vertex 61.092 43.5376 -7.6
      vertex 63.3476 45.3227 -7.6
    endloop
  endfacet
  facet normal 0 0 -1
    outer loop
      vertex 59.8856 6.47231 -7.6
      vertex 62.8711 4.62124 -7.6
      vertex 62.8254 4.31267 -7.6
    endloop
  endfacet
  facet normal -0 0 -1
    outer loop
      vertex 63.3476 45.3227 -7.6
      vertex 61.092 43.5376 -7.6
      vertex 63.347 45.3237 -7.6
    endloop
  endfacet
  facet normal 0 0 -1
    outer loop
      vertex 59.8856 6.47231 -7.6
      vertex 62.8254 4.31267 -7.6
      vertex 62.8253 4.31156 -7.6
    endloop
  endfacet
  facet normal 0 0 -1
    outer loop
      vertex 60.8284 43.8284 -7.6
      vertex 63.347 45.3237 -7.6
      vertex 61.092 43.5376 -7.6
    endloop
  endfacet
  facet normal 0 0 -1
    outer loop
      vertex 59.5307 6.30448 -7.6
      vertex 62.8253 4.31156 -7.6
      vertex 62.81 4 -7.6
    endloop
  endfacet
  facet normal -0 0 -1
    outer loop
      vertex 63.347 45.3237 -7.6
      vertex 60.8284 43.8284 -7.6
      vertex 63.1867 45.5912 -7.6
    endloop
  endfacet
  facet normal 0 0 -1
    outer loop
      vertex 68.4659 1.97629 -7.6
      vertex 72.5 0.5 -7.6
      vertex 72.4855 0.205948 -7.6
    endloop
  endfacet
  facet normal 0 0 -1
    outer loop
      vertex 72.5 0.5 -7.6
      vertex 69.19 47.095 -7.6
      vertex 72.5 59.5 -7.6
    endloop
  endfacet
  facet normal 0 0 -1
    outer loop
      vertex 68.4659 1.97629 -7.6
      vertex 72.4855 0.205948 -7.6
      vertex 72.4424 -0.0852709 -7.6
    endloop
  endfacet
  facet normal 0 0 -1
    outer loop
      vertex 69.1747 47.4066 -7.6
      vertex 72.5 59.5 -7.6
      vertex 69.19 47.095 -7.6
    endloop
  endfacet
  facet normal 0 0 -1
    outer loop
      vertex 68.4659 1.97629 -7.6
      vertex 72.4424 -0.0852709 -7.6
      vertex 72.3708 -0.370853 -7.6
    endloop
  endfacet
  facet normal 0 0 -1
    outer loop
      vertex 69.1746 47.4077 -7.6
      vertex 72.5 59.5 -7.6
      vertex 69.1747 47.4066 -7.6
    endloop
  endfacet
  facet normal 0 0 -1
    outer loop
      vertex 68.4659 1.97629 -7.6
      vertex 72.3708 -0.370853 -7.6
      vertex 72.2716 -0.648049 -7.6
    endloop
  endfacet
  facet normal 0 0 -1
    outer loop
      vertex 69.1289 47.7162 -7.6
      vertex 72.5 59.5 -7.6
      vertex 69.1746 47.4077 -7.6
    endloop
  endfacet
  facet normal 0 0 -1
    outer loop
      vertex 68.2564 1.74515 -7.6
      vertex 72.2716 -0.648049 -7.6
      vertex 72.1458 -0.914189 -7.6
    endloop
  endfacet
  facet normal 0 0 -1
    outer loop
      vertex 69.1287 47.7173 -7.6
      vertex 72.5 59.5 -7.6
      vertex 69.1289 47.7162 -7.6
    endloop
  endfacet
  facet normal 0 0 -1
    outer loop
      vertex 68.2564 1.74515 -7.6
      vertex 72.1458 -0.914189 -7.6
      vertex 71.9944 -1.16671 -7.6
    endloop
  endfacet
  facet normal 0 0 -1
    outer loop
      vertex 69.1284 47.7184 -7.6
      vertex 72.5 59.5 -7.6
      vertex 69.1287 47.7173 -7.6
    endloop
  endfacet
  facet normal 0 0 -1
    outer loop
      vertex 68.2557 1.74433 -7.6
      vertex 71.9944 -1.16671 -7.6
      vertex 71.819 -1.40318 -7.6
    endloop
  endfacet
  facet normal 0 0 -1
    outer loop
      vertex 69.0526 48.021 -7.6
      vertex 72.5 59.5 -7.6
      vertex 69.1284 47.7184 -7.6
    endloop
  endfacet
  facet normal 0 0 -1
    outer loop
      vertex 68.2557 1.74433 -7.6
      vertex 71.819 -1.40318 -7.6
      vertex 71.6213 -1.62132 -7.6
    endloop
  endfacet
  facet normal 0 0 -1
    outer loop
      vertex 69.0523 48.0221 -7.6
      vertex 72.5 59.5 -7.6
      vertex 69.0526 48.021 -7.6
    endloop
  endfacet
  facet normal 0 0 -1
    outer loop
      vertex 68.2557 1.74433 -7.6
      vertex 71.6213 -1.62132 -7.6
      vertex 71.4032 -1.81903 -7.6
    endloop
  endfacet
  facet normal 0 0 -1
    outer loop
      vertex 68.9472 48.3158 -7.6
      vertex 72.5 59.5 -7.6
      vertex 69.0523 48.0221 -7.6
    endloop
  endfacet
  facet normal 0 0 -1
    outer loop
      vertex 68.2557 1.74433 -7.6
      vertex 71.4032 -1.81903 -7.6
      vertex 71.1667 -1.99441 -7.6
    endloop
  endfacet
  facet normal 0 0 -1
    outer loop
      vertex 68.9467 48.3168 -7.6
      vertex 72.5 59.5 -7.6
      vertex 68.9472 48.3158 -7.6
    endloop
  endfacet
  facet normal 0 0 -1
    outer loop
      vertex 68.2548 1.74358 -7.6
      vertex 71.1667 -1.99441 -7.6
      vertex 70.9142 -2.14576 -7.6
    endloop
  endfacet
  facet normal 0 0 -1
    outer loop
      vertex 68.8133 48.5988 -7.6
      vertex 72.5 59.5 -7.6
      vertex 68.9467 48.3168 -7.6
    endloop
  endfacet
  facet normal 0 0 -1
    outer loop
      vertex 68.2548 1.74358 -7.6
      vertex 70.9142 -2.14576 -7.6
      vertex 70.648 -2.27164 -7.6
    endloop
  endfacet
  facet normal 0 0 -1
    outer loop
      vertex 68.653 48.8663 -7.6
      vertex 72.5 59.5 -7.6
      vertex 68.8133 48.5988 -7.6
    endloop
  endfacet
  facet normal 0 0 -1
    outer loop
      vertex 68.2548 1.74358 -7.6
      vertex 70.648 -2.27164 -7.6
      vertex 70.3708 -2.37082 -7.6
    endloop
  endfacet
  facet normal 0 0 -1
    outer loop
      vertex 68.6524 48.8673 -7.6
      vertex 72.5 59.5 -7.6
      vertex 68.653 48.8663 -7.6
    endloop
  endfacet
  facet normal 0 0 -1
    outer loop
      vertex 68.0237 1.5341 -7.6
      vertex 70.3708 -2.37082 -7.6
      vertex 70.0853 -2.44236 -7.6
    endloop
  endfacet
  facet normal 0 0 -1
    outer loop
      vertex 68.6517 48.8682 -7.6
      vertex 72.5 59.5 -7.6
      vertex 68.6524 48.8673 -7.6
    endloop
  endfacet
  facet normal 0 0 -1
    outer loop
      vertex 68.0237 1.5341 -7.6
      vertex 70.0853 -2.44236 -7.6
      vertex 69.7941 -2.48555 -7.6
    endloop
  endfacet
  facet normal 0 0 -1
    outer loop
      vertex 68.4659 49.1187 -7.6
      vertex 72.5 59.5 -7.6
      vertex 68.6517 48.8682 -7.6
    endloop
  endfacet
  facet normal 0 0 -1
    outer loop
      vertex 68.0237 1.5341 -7.6
      vertex 69.7941 -2.48555 -7.6
      vertex 69.5 -2.5 -7.6
    endloop
  endfacet
  facet normal 0 0 -1
    outer loop
      vertex 68.2564 49.3498 -7.6
      vertex 72.5 59.5 -7.6
      vertex 68.4659 49.1187 -7.6
    endloop
  endfacet
  facet normal 0 0 -1
    outer loop
      vertex 69.1747 4.31156 -7.6
      vertex 72.5 0.5 -7.6
      vertex 69.19 4 -7.6
    endloop
  endfacet
  facet normal 0 0 -1
    outer loop
      vertex 72.5 0.5 -7.6
      vertex 69.1747 3.68844 -7.6
      vertex 69.19 4 -7.6
    endloop
  endfacet
  facet normal 0 0 -1
    outer loop
      vertex 72.5 0.5 -7.6
      vertex 69.1746 3.68733 -7.6
      vertex 69.1747 3.68844 -7.6
    endloop
  endfacet
  facet normal 0 0 -1
    outer loop
      vertex 72.5 0.5 -7.6
      vertex 69.1289 3.37876 -7.6
      vertex 69.1746 3.68733 -7.6
    endloop
  endfacet
  facet normal 0 0 -1
    outer loop
      vertex 72.5 0.5 -7.6
      vertex 69.1287 3.37766 -7.6
      vertex 69.1289 3.37876 -7.6
    endloop
  endfacet
  facet normal 0 0 -1
    outer loop
      vertex 72.5 0.5 -7.6
      vertex 69.1284 3.37658 -7.6
      vertex 69.1287 3.37766 -7.6
    endloop
  endfacet
  facet normal 0 0 -1
    outer loop
      vertex 72.5 0.5 -7.6
      vertex 69.0526 3.07399 -7.6
      vertex 69.1284 3.37658 -7.6
    endloop
  endfacet
  facet normal 0 0 -1
    outer loop
      vertex 72.5 0.5 -7.6
      vertex 69.0523 3.07295 -7.6
      vertex 69.0526 3.07399 -7.6
    endloop
  endfacet
  facet normal 0 0 -1
    outer loop
      vertex 72.5 0.5 -7.6
      vertex 68.9472 2.77924 -7.6
      vertex 69.0523 3.07295 -7.6
    endloop
  endfacet
  facet normal 0 0 -1
    outer loop
      vertex 72.5 0.5 -7.6
      vertex 68.9467 2.77823 -7.6
      vertex 68.9472 2.77924 -7.6
    endloop
  endfacet
  facet normal 0 0 -1
    outer loop
      vertex 72.5 0.5 -7.6
      vertex 68.8133 2.49625 -7.6
      vertex 68.9467 2.77823 -7.6
    endloop
  endfacet
  facet normal 0 0 -1
    outer loop
      vertex 72.5 0.5 -7.6
      vertex 68.653 2.22869 -7.6
      vertex 68.8133 2.49625 -7.6
    endloop
  endfacet
  facet normal 0 0 -1
    outer loop
      vertex 72.5 0.5 -7.6
      vertex 68.6524 2.22773 -7.6
      vertex 68.653 2.22869 -7.6
    endloop
  endfacet
  facet normal 0 0 -1
    outer loop
      vertex 72.5 0.5 -7.6
      vertex 68.6517 2.22684 -7.6
      vertex 68.6524 2.22773 -7.6
    endloop
  endfacet
  facet normal 0 0 -1
    outer loop
      vertex 72.5 0.5 -7.6
      vertex 68.4659 1.97629 -7.6
      vertex 68.6517 2.22684 -7.6
    endloop
  endfacet
  facet normal 0 0 -1
    outer loop
      vertex 72.2716 -0.648049 -7.6
      vertex 68.2564 1.74515 -7.6
      vertex 68.4659 1.97629 -7.6
    endloop
  endfacet
  facet normal 0 0 -1
    outer loop
      vertex 71.9944 -1.16671 -7.6
      vertex 68.2557 1.74433 -7.6
      vertex 68.2564 1.74515 -7.6
    endloop
  endfacet
  facet normal 0 0 -1
    outer loop
      vertex 71.1667 -1.99441 -7.6
      vertex 68.2548 1.74358 -7.6
      vertex 68.2557 1.74433 -7.6
    endloop
  endfacet
  facet normal 0 0 -1
    outer loop
      vertex 70.3708 -2.37082 -7.6
      vertex 68.0237 1.5341 -7.6
      vertex 68.2548 1.74358 -7.6
    endloop
  endfacet
  facet normal 0 0 -1
    outer loop
      vertex 69.5 -2.5 -7.6
      vertex 67.7732 1.34827 -7.6
      vertex 68.0237 1.5341 -7.6
    endloop
  endfacet
  facet normal 0 0 -1
    outer loop
      vertex 69.5 -2.5 -7.6
      vertex 67.7723 1.34761 -7.6
      vertex 67.7732 1.34827 -7.6
    endloop
  endfacet
  facet normal 0 0 -1
    outer loop
      vertex 69.5 -2.5 -7.6
      vertex 67.7713 1.34704 -7.6
      vertex 67.7723 1.34761 -7.6
    endloop
  endfacet
  facet normal 0 0 -1
    outer loop
      vertex 69.5 -2.5 -7.6
      vertex 67.5038 1.18667 -7.6
      vertex 67.7713 1.34704 -7.6
    endloop
  endfacet
  facet normal 0 0 -1
    outer loop
      vertex 69.5 -2.5 -7.6
      vertex 67.2218 1.0533 -7.6
      vertex 67.5038 1.18667 -7.6
    endloop
  endfacet
  facet normal 0 0 -1
    outer loop
      vertex 69.5 -2.5 -7.6
      vertex 67.2208 1.05282 -7.6
      vertex 67.2218 1.0533 -7.6
    endloop
  endfacet
  facet normal 0 0 -1
    outer loop
      vertex 69.5 -2.5 -7.6
      vertex 66.9271 0.947736 -7.6
      vertex 67.2208 1.05282 -7.6
    endloop
  endfacet
  facet normal 0 0 -1
    outer loop
      vertex 69.5 -2.5 -7.6
      vertex 66.926 0.947361 -7.6
      vertex 66.9271 0.947736 -7.6
    endloop
  endfacet
  facet normal 0 0 -1
    outer loop
      vertex 69.5 -2.5 -7.6
      vertex 66.6234 0.871566 -7.6
      vertex 66.926 0.947361 -7.6
    endloop
  endfacet
  facet normal 0 0 -1
    outer loop
      vertex 69.5 -2.5 -7.6
      vertex 66.6223 0.871295 -7.6
      vertex 66.6234 0.871566 -7.6
    endloop
  endfacet
  facet normal 0 0 -1
    outer loop
      vertex 69.5 -2.5 -7.6
      vertex 66.6212 0.871132 -7.6
      vertex 66.6223 0.871295 -7.6
    endloop
  endfacet
  facet normal 0 0 -1
    outer loop
      vertex 69.5 -2.5 -7.6
      vertex 66.3127 0.825362 -7.6
      vertex 66.6212 0.871132 -7.6
    endloop
  endfacet
  facet normal 0 0 -1
    outer loop
      vertex 69.5 -2.5 -7.6
      vertex 66.3116 0.825307 -7.6
      vertex 66.3127 0.825362 -7.6
    endloop
  endfacet
  facet normal 0 0 -1
    outer loop
      vertex 69.5 -2.5 -7.6
      vertex 66 0.81 -7.6
      vertex 66.3116 0.825307 -7.6
    endloop
  endfacet
  facet normal 0 0 -1
    outer loop
      vertex 69.5 -2.5 -7.6
      vertex 65.6884 0.825307 -7.6
      vertex 66 0.81 -7.6
    endloop
  endfacet
  facet normal 0 0 -1
    outer loop
      vertex 69.5 -2.5 -7.6
      vertex 65.6873 0.825362 -7.6
      vertex 65.6884 0.825307 -7.6
    endloop
  endfacet
  facet normal 0 0 -1
    outer loop
      vertex 69.5 -2.5 -7.6
      vertex 65.3788 0.871132 -7.6
      vertex 65.6873 0.825362 -7.6
    endloop
  endfacet
  facet normal 0 0 -1
    outer loop
      vertex 69.5 -2.5 -7.6
      vertex 65.3777 0.871295 -7.6
      vertex 65.3788 0.871132 -7.6
    endloop
  endfacet
  facet normal 0 0 -1
    outer loop
      vertex 69.5 -2.5 -7.6
      vertex 65.3766 0.871566 -7.6
      vertex 65.3777 0.871295 -7.6
    endloop
  endfacet
  facet normal 0 0 -1
    outer loop
      vertex 69.5 -2.5 -7.6
      vertex 65.074 0.947361 -7.6
      vertex 65.3766 0.871566 -7.6
    endloop
  endfacet
  facet normal 0 0 -1
    outer loop
      vertex 69.5 -2.5 -7.6
      vertex 65.0729 0.947736 -7.6
      vertex 65.074 0.947361 -7.6
    endloop
  endfacet
  facet normal 0 0 -1
    outer loop
      vertex 69.5 -2.5 -7.6
      vertex 64.7792 1.05282 -7.6
      vertex 65.0729 0.947736 -7.6
    endloop
  endfacet
  facet normal 0 0 -1
    outer loop
      vertex 69.5 -2.5 -7.6
      vertex 64.7782 1.0533 -7.6
      vertex 64.7792 1.05282 -7.6
    endloop
  endfacet
  facet normal 0 0 -1
    outer loop
      vertex 69.5 -2.5 -7.6
      vertex 64.4962 1.18667 -7.6
      vertex 64.7782 1.0533 -7.6
    endloop
  endfacet
  facet normal 0 0 -1
    outer loop
      vertex 69.5 -2.5 -7.6
      vertex 64.2287 1.34704 -7.6
      vertex 64.4962 1.18667 -7.6
    endloop
  endfacet
  facet normal 0 0 -1
    outer loop
      vertex 69.5 -2.5 -7.6
      vertex 64.2277 1.34761 -7.6
      vertex 64.2287 1.34704 -7.6
    endloop
  endfacet
  facet normal 0 0 1
    outer loop
      vertex 64.2277 1.34761 -7.6
      vertex 63.9763 1.5341 -7.6
      vertex 64.2268 1.34827 -7.6
    endloop
  endfacet
  facet normal 0 0 -1
    outer loop
      vertex 57.2196 6.07686 -7.6
      vertex 63.3483 2.22684 -7.6
      vertex 63.5341 1.97629 -7.6
    endloop
  endfacet
  facet normal 0 0 -1
    outer loop
      vertex 57.6079 6.01926 -7.6
      vertex 63.347 2.22869 -7.6
      vertex 63.3476 2.22773 -7.6
    endloop
  endfacet
  facet normal 0 0 -1
    outer loop
      vertex 58.7804 6.07686 -7.6
      vertex 62.8716 3.37658 -7.6
      vertex 62.9474 3.07399 -7.6
    endloop
  endfacet
  facet normal -0 0 -1
    outer loop
      vertex 63.1867 45.5912 -7.6
      vertex 60.8284 43.8284 -7.6
      vertex 63.0533 45.8732 -7.6
    endloop
  endfacet
  facet normal 0 0 -1
    outer loop
      vertex 59.1611 6.17224 -7.6
      vertex 62.81 4 -7.6
      vertex 62.8253 3.68844 -7.6
    endloop
  endfacet
  facet normal 0 0 -1
    outer loop
      vertex 59.1611 6.17224 -7.6
      vertex 62.8253 3.68844 -7.6
      vertex 62.8254 3.68733 -7.6
    endloop
  endfacet
  facet normal 0 0 -1
    outer loop
      vertex 65.3766 7.12843 -7.6
      vertex 61.9807 9.60793 -7.6
      vertex 62 10 -7.6
    endloop
  endfacet
  facet normal 0 0 -1
    outer loop
      vertex 64.7792 6.94718 -7.6
      vertex 61.9231 9.21964 -7.6
      vertex 61.9807 9.60793 -7.6
    endloop
  endfacet
  facet normal 0 0 -1
    outer loop
      vertex 59.1611 6.17224 -7.6
      vertex 62.8254 3.68733 -7.6
      vertex 62.8711 3.37876 -7.6
    endloop
  endfacet
  facet normal 0 0 -1
    outer loop
      vertex 58.7804 6.07686 -7.6
      vertex 62.8711 3.37876 -7.6
      vertex 62.8713 3.37766 -7.6
    endloop
  endfacet
  facet normal 0 0 -1
    outer loop
      vertex 64.4962 6.81333 -7.6
      vertex 61.8278 8.83886 -7.6
      vertex 61.9231 9.21964 -7.6
    endloop
  endfacet
  facet normal 0 0 -1
    outer loop
      vertex 64.2277 6.65239 -7.6
      vertex 61.6955 8.46927 -7.6
      vertex 61.8278 8.83886 -7.6
    endloop
  endfacet
  facet normal 0 0 -1
    outer loop
      vertex 63.9763 6.4659 -7.6
      vertex 61.5277 8.11441 -7.6
      vertex 61.6955 8.46927 -7.6
    endloop
  endfacet
  facet normal 0 0 -1
    outer loop
      vertex 62.8716 3.37658 -7.6
      vertex 58.7804 6.07686 -7.6
      vertex 62.8713 3.37766 -7.6
    endloop
  endfacet
  facet normal 0 0 -1
    outer loop
      vertex 63.7436 6.25485 -7.6
      vertex 61.3259 7.77772 -7.6
      vertex 61.5277 8.11441 -7.6
    endloop
  endfacet
  facet normal 0 0 -1
    outer loop
      vertex 63.5341 6.02371 -7.6
      vertex 61.092 7.46243 -7.6
      vertex 61.3259 7.77772 -7.6
    endloop
  endfacet
  facet normal 0 0 -1
    outer loop
      vertex 58.3921 6.01926 -7.6
      vertex 62.9474 3.07399 -7.6
      vertex 62.9477 3.07295 -7.6
    endloop
  endfacet
  facet normal 0 0 -1
    outer loop
      vertex 58.3921 6.01926 -7.6
      vertex 62.9477 3.07295 -7.6
      vertex 63.0528 2.77924 -7.6
    endloop
  endfacet
  facet normal 0 0 -1
    outer loop
      vertex 63.1867 5.50375 -7.6
      vertex 60.8284 7.17157 -7.6
      vertex 61.092 7.46243 -7.6
    endloop
  endfacet
  facet normal 0 0 -1
    outer loop
      vertex 58 6 -7.6
      vertex 63.0528 2.77924 -7.6
      vertex 63.0533 2.77823 -7.6
    endloop
  endfacet
  facet normal 0 0 -1
    outer loop
      vertex 58 6 -7.6
      vertex 63.0533 2.77823 -7.6
      vertex 63.1867 2.49625 -7.6
    endloop
  endfacet
  facet normal 0 0 -1
    outer loop
      vertex 63.0533 5.22177 -7.6
      vertex 60.5376 6.90796 -7.6
      vertex 60.8284 7.17157 -7.6
    endloop
  endfacet
  facet normal 0 0 -1
    outer loop
      vertex 63.347 2.22869 -7.6
      vertex 57.6079 6.01926 -7.6
      vertex 63.1867 2.49625 -7.6
    endloop
  endfacet
  facet normal 0 0 -1
    outer loop
      vertex 62.9474 4.92601 -7.6
      vertex 60.2223 6.67412 -7.6
      vertex 60.5376 6.90796 -7.6
    endloop
  endfacet
  facet normal 0 0 -1
    outer loop
      vertex 62.8713 4.62234 -7.6
      vertex 59.8856 6.47231 -7.6
      vertex 60.2223 6.67412 -7.6
    endloop
  endfacet
  facet normal 0 0 -1
    outer loop
      vertex 63.3483 2.22684 -7.6
      vertex 57.2196 6.07686 -7.6
      vertex 63.3476 2.22773 -7.6
    endloop
  endfacet
  facet normal 0 0 -1
    outer loop
      vertex 62.8253 4.31156 -7.6
      vertex 59.5307 6.30448 -7.6
      vertex 59.8856 6.47231 -7.6
    endloop
  endfacet
  facet normal 0 0 -1
    outer loop
      vertex 56.8389 6.17224 -7.6
      vertex 63.5341 1.97629 -7.6
      vertex 63.7436 1.74515 -7.6
    endloop
  endfacet
  facet normal 0 0 -1
    outer loop
      vertex 56.8389 6.17224 -7.6
      vertex 63.7436 1.74515 -7.6
      vertex 63.7443 1.74433 -7.6
    endloop
  endfacet
  facet normal 0 0 -1
    outer loop
      vertex 62.81 4 -7.6
      vertex 59.1611 6.17224 -7.6
      vertex 59.5307 6.30448 -7.6
    endloop
  endfacet
  facet normal 0 0 -1
    outer loop
      vertex 62.8711 3.37876 -7.6
      vertex 58.7804 6.07686 -7.6
      vertex 59.1611 6.17224 -7.6
    endloop
  endfacet
  facet normal 0 0 -1
    outer loop
      vertex 56.4693 6.30448 -7.6
      vertex 63.7443 1.74433 -7.6
      vertex 63.7452 1.74358 -7.6
    endloop
  endfacet
  facet normal 0 0 -1
    outer loop
      vertex 56.4693 6.30448 -7.6
      vertex 63.7452 1.74358 -7.6
      vertex 63.9763 1.5341 -7.6
    endloop
  endfacet
  facet normal 0 0 -1
    outer loop
      vertex 62.9474 3.07399 -7.6
      vertex 58.3921 6.01926 -7.6
      vertex 58.7804 6.07686 -7.6
    endloop
  endfacet
  facet normal 0 0 -1
    outer loop
      vertex 63.0528 2.77924 -7.6
      vertex 58 6 -7.6
      vertex 58.3921 6.01926 -7.6
    endloop
  endfacet
  facet normal 0 0 -1
    outer loop
      vertex 63.1867 2.49625 -7.6
      vertex 57.6079 6.01926 -7.6
      vertex 58 6 -7.6
    endloop
  endfacet
  facet normal 0 0 -1
    outer loop
      vertex 6.02371 1.5341 -7.6
      vertex 63.9763 1.5341 -7.6
      vertex 64.2277 1.34761 -7.6
    endloop
  endfacet
  facet normal 0 0 -1
    outer loop
      vertex 5.77227 1.34761 -7.6
      vertex 64.2277 1.34761 -7.6
      vertex 69.5 -2.5 -7.6
    endloop
  endfacet
  facet normal 0 0 -1
    outer loop
      vertex 63.3476 2.22773 -7.6
      vertex 57.2196 6.07686 -7.6
      vertex 57.6079 6.01926 -7.6
    endloop
  endfacet
  facet normal 0 0 -1
    outer loop
      vertex 63.5341 1.97629 -7.6
      vertex 56.8389 6.17224 -7.6
      vertex 57.2196 6.07686 -7.6
    endloop
  endfacet
  facet normal 0 0 -1
    outer loop
      vertex 63.7443 1.74433 -7.6
      vertex 56.4693 6.30448 -7.6
      vertex 56.8389 6.17224 -7.6
    endloop
  endfacet
  facet normal 0 0 -1
    outer loop
      vertex 63.9763 1.5341 -7.6
      vertex 56.1144 6.47231 -7.6
      vertex 56.4693 6.30448 -7.6
    endloop
  endfacet
  facet normal 0 0 -1
    outer loop
      vertex 63.9763 1.5341 -7.6
      vertex 6.02371 1.5341 -7.6
      vertex 56.1144 6.47231 -7.6
    endloop
  endfacet
  facet normal 0 0 -1
    outer loop
      vertex 54.0769 40.2196 -7.6
      vertex 16 41 -7.6
      vertex 54.0193 40.6079 -7.6
    endloop
  endfacet
  facet normal 0 0 -1
    outer loop
      vertex 54.0193 9.60793 -7.6
      vertex 16 10 -7.6
      vertex 54 10 -7.6
    endloop
  endfacet
  facet normal 0 0 -1
    outer loop
      vertex 15.9807 9.60793 -7.6
      vertex 54.0193 9.60793 -7.6
      vertex 54.0769 9.21964 -7.6
    endloop
  endfacet
  facet normal 0 0 -1
    outer loop
      vertex 15.9231 9.21964 -7.6
      vertex 54.0769 9.21964 -7.6
      vertex 54.1722 8.83886 -7.6
    endloop
  endfacet
  facet normal 0 0 -1
    outer loop
      vertex 15.8278 8.83886 -7.6
      vertex 54.1722 8.83886 -7.6
      vertex 54.3045 8.46927 -7.6
    endloop
  endfacet
  facet normal 0 0 -1
    outer loop
      vertex 15.6955 8.46927 -7.6
      vertex 54.3045 8.46927 -7.6
      vertex 54.4723 8.11441 -7.6
    endloop
  endfacet
  facet normal 0 0 -1
    outer loop
      vertex 15.5277 8.11441 -7.6
      vertex 54.4723 8.11441 -7.6
      vertex 54.6741 7.77772 -7.6
    endloop
  endfacet
  facet normal 0 0 -1
    outer loop
      vertex 15.3259 7.77772 -7.6
      vertex 54.6741 7.77772 -7.6
      vertex 54.908 7.46243 -7.6
    endloop
  endfacet
  facet normal 0 0 -1
    outer loop
      vertex 15.092 7.46243 -7.6
      vertex 54.908 7.46243 -7.6
      vertex 55.1716 7.17157 -7.6
    endloop
  endfacet
  facet normal 0 0 -1
    outer loop
      vertex 14.8284 7.17157 -7.6
      vertex 55.1716 7.17157 -7.6
      vertex 55.4624 6.90796 -7.6
    endloop
  endfacet
  facet normal 0 0 -1
    outer loop
      vertex 14.5376 6.90796 -7.6
      vertex 55.4624 6.90796 -7.6
      vertex 55.7777 6.67412 -7.6
    endloop
  endfacet
  facet normal 0 -0 -1
    outer loop
      vertex 13.8856 6.47231 -7.6
      vertex 56.1144 6.47231 -7.6
      vertex 6.02371 1.5341 -7.6
    endloop
  endfacet
  facet normal 0 0 -1
    outer loop
      vertex 54.0193 9.60793 -7.6
      vertex 15.9807 9.60793 -7.6
      vertex 16 10 -7.6
    endloop
  endfacet
  facet normal 0 0 -1
    outer loop
      vertex 54.0769 9.21964 -7.6
      vertex 15.9231 9.21964 -7.6
      vertex 15.9807 9.60793 -7.6
    endloop
  endfacet
  facet normal 0 0 -1
    outer loop
      vertex 54.1722 8.83886 -7.6
      vertex 15.8278 8.83886 -7.6
      vertex 15.9231 9.21964 -7.6
    endloop
  endfacet
  facet normal 0 0 -1
    outer loop
      vertex 54.3045 8.46927 -7.6
      vertex 15.6955 8.46927 -7.6
      vertex 15.8278 8.83886 -7.6
    endloop
  endfacet
  facet normal 0 0 -1
    outer loop
      vertex 54.4723 8.11441 -7.6
      vertex 15.5277 8.11441 -7.6
      vertex 15.6955 8.46927 -7.6
    endloop
  endfacet
  facet normal 0 0 -1
    outer loop
      vertex 54.6741 7.77772 -7.6
      vertex 15.3259 7.77772 -7.6
      vertex 15.5277 8.11441 -7.6
    endloop
  endfacet
  facet normal 0 0 -1
    outer loop
      vertex 54.908 7.46243 -7.6
      vertex 15.092 7.46243 -7.6
      vertex 15.3259 7.77772 -7.6
    endloop
  endfacet
  facet normal 0 0 -1
    outer loop
      vertex 55.1716 7.17157 -7.6
      vertex 14.8284 7.17157 -7.6
      vertex 15.092 7.46243 -7.6
    endloop
  endfacet
  facet normal 0 0 -1
    outer loop
      vertex 55.4624 6.90796 -7.6
      vertex 14.5376 6.90796 -7.6
      vertex 14.8284 7.17157 -7.6
    endloop
  endfacet
  facet normal 0 0 -1
    outer loop
      vertex 55.7777 6.67412 -7.6
      vertex 14.2223 6.67412 -7.6
      vertex 14.5376 6.90796 -7.6
    endloop
  endfacet
  facet normal -0 0 -1
    outer loop
      vertex 55.7777 6.67412 -7.6
      vertex 13.8856 6.47231 -7.6
      vertex 14.2223 6.67412 -7.6
    endloop
  endfacet
  facet normal 0 0 -1
    outer loop
      vertex 56.1144 6.47231 -7.6
      vertex 13.8856 6.47231 -7.6
      vertex 55.7777 6.67412 -7.6
    endloop
  endfacet
  facet normal 0 0 -1
    outer loop
      vertex 13.8856 6.47231 -7.6
      vertex 6.02371 1.5341 -7.6
      vertex 13.5307 6.30448 -7.6
    endloop
  endfacet
  facet normal 0 -0 -1
    outer loop
      vertex 6.25485 1.74358 -7.6
      vertex 13.5307 6.30448 -7.6
      vertex 6.02371 1.5341 -7.6
    endloop
  endfacet
  facet normal 0 -0 -1
    outer loop
      vertex 6.25567 1.74433 -7.6
      vertex 13.5307 6.30448 -7.6
      vertex 6.25485 1.74358 -7.6
    endloop
  endfacet
  facet normal 0 0 -1
    outer loop
      vertex 13.5307 6.30448 -7.6
      vertex 6.25567 1.74433 -7.6
      vertex 13.1611 6.17224 -7.6
    endloop
  endfacet
  facet normal 0 -0 -1
    outer loop
      vertex 6.25642 1.74515 -7.6
      vertex 13.1611 6.17224 -7.6
      vertex 6.25567 1.74433 -7.6
    endloop
  endfacet
  facet normal -0 0 -1
    outer loop
      vertex 9.17157 7.17157 -7.6
      vertex 6.81333 5.50375 -7.6
      vertex 8.90796 7.46243 -7.6
    endloop
  endfacet
  facet normal 0 0 -1
    outer loop
      vertex 6.9467 5.22177 -7.6
      vertex 9.46243 6.90796 -7.6
      vertex 6.94718 5.22076 -7.6
    endloop
  endfacet
  facet normal 0 0 -1
    outer loop
      vertex 6.94718 5.22076 -7.6
      vertex 9.46243 6.90796 -7.6
      vertex 7.05226 4.92705 -7.6
    endloop
  endfacet
  facet normal 0 0 -1
    outer loop
      vertex 7.05226 4.92705 -7.6
      vertex 9.46243 6.90796 -7.6
      vertex 7.05264 4.92601 -7.6
    endloop
  endfacet
  facet normal -0 0 -1
    outer loop
      vertex 9.77772 6.67412 -7.6
      vertex 7.05264 4.92601 -7.6
      vertex 9.46243 6.90796 -7.6
    endloop
  endfacet
  facet normal 0 0 -1
    outer loop
      vertex 7.05264 4.92601 -7.6
      vertex 9.77772 6.67412 -7.6
      vertex 7.12843 4.62342 -7.6
    endloop
  endfacet
  facet normal 0 0 -1
    outer loop
      vertex 7.12843 4.62342 -7.6
      vertex 9.77772 6.67412 -7.6
      vertex 7.1287 4.62234 -7.6
    endloop
  endfacet
  facet normal -0 0 -1
    outer loop
      vertex 10.1144 6.47231 -7.6
      vertex 7.1287 4.62234 -7.6
      vertex 9.77772 6.67412 -7.6
    endloop
  endfacet
  facet normal 0 0 -1
    outer loop
      vertex 7.1287 4.62234 -7.6
      vertex 10.1144 6.47231 -7.6
      vertex 7.12887 4.62124 -7.6
    endloop
  endfacet
  facet normal 0 0 -1
    outer loop
      vertex 7.12887 4.62124 -7.6
      vertex 10.1144 6.47231 -7.6
      vertex 7.17464 4.31267 -7.6
    endloop
  endfacet
  facet normal 0 0 -1
    outer loop
      vertex 7.17464 4.31267 -7.6
      vertex 10.1144 6.47231 -7.6
      vertex 7.17469 4.31156 -7.6
    endloop
  endfacet
  facet normal -0 0 -1
    outer loop
      vertex 10.4693 6.30448 -7.6
      vertex 7.17469 4.31156 -7.6
      vertex 10.1144 6.47231 -7.6
    endloop
  endfacet
  facet normal 0 0 -1
    outer loop
      vertex 7.17469 4.31156 -7.6
      vertex 10.4693 6.30448 -7.6
      vertex 7.19 4 -7.6
    endloop
  endfacet
  facet normal -0 0 -1
    outer loop
      vertex 10.8389 6.17224 -7.6
      vertex 7.19 4 -7.6
      vertex 10.4693 6.30448 -7.6
    endloop
  endfacet
  facet normal 0 0 -1
    outer loop
      vertex 7.17464 3.68733 -7.6
      vertex 10.8389 6.17224 -7.6
      vertex 11.2196 6.07686 -7.6
    endloop
  endfacet
  facet normal 0 0 -1
    outer loop
      vertex 7.05264 3.07399 -7.6
      vertex 11.2196 6.07686 -7.6
      vertex 11.6079 6.01926 -7.6
    endloop
  endfacet
  facet normal 0 -0 -1
    outer loop
      vertex 6.65173 2.22684 -7.6
      vertex 12.7804 6.07686 -7.6
      vertex 6.4659 1.97629 -7.6
    endloop
  endfacet
  facet normal 0 0 -1
    outer loop
      vertex 10.8389 6.17224 -7.6
      vertex 7.17469 3.68844 -7.6
      vertex 7.19 4 -7.6
    endloop
  endfacet
  facet normal 0 0 -1
    outer loop
      vertex 10.8389 6.17224 -7.6
      vertex 7.17464 3.68733 -7.6
      vertex 7.17469 3.68844 -7.6
    endloop
  endfacet
  facet normal 0 0 -1
    outer loop
      vertex 11.2196 6.07686 -7.6
      vertex 7.12887 3.37876 -7.6
      vertex 7.17464 3.68733 -7.6
    endloop
  endfacet
  facet normal 0 0 -1
    outer loop
      vertex 11.2196 6.07686 -7.6
      vertex 7.1287 3.37766 -7.6
      vertex 7.12887 3.37876 -7.6
    endloop
  endfacet
  facet normal 0 0 -1
    outer loop
      vertex 11.2196 6.07686 -7.6
      vertex 7.12843 3.37658 -7.6
      vertex 7.1287 3.37766 -7.6
    endloop
  endfacet
  facet normal 0 0 -1
    outer loop
      vertex 11.2196 6.07686 -7.6
      vertex 7.05264 3.07399 -7.6
      vertex 7.12843 3.37658 -7.6
    endloop
  endfacet
  facet normal 0 0 -1
    outer loop
      vertex 11.6079 6.01926 -7.6
      vertex 7.05226 3.07295 -7.6
      vertex 7.05264 3.07399 -7.6
    endloop
  endfacet
  facet normal 0 0 -1
    outer loop
      vertex 11.6079 6.01926 -7.6
      vertex 6.94718 2.77924 -7.6
      vertex 7.05226 3.07295 -7.6
    endloop
  endfacet
  facet normal -0 0 -1
    outer loop
      vertex 12 6 -7.6
      vertex 6.94718 2.77924 -7.6
      vertex 11.6079 6.01926 -7.6
    endloop
  endfacet
  facet normal 0 -0 -1
    outer loop
      vertex 6.94718 2.77924 -7.6
      vertex 12 6 -7.6
      vertex 6.9467 2.77823 -7.6
    endloop
  endfacet
  facet normal 0 -0 -1
    outer loop
      vertex 6.9467 2.77823 -7.6
      vertex 12 6 -7.6
      vertex 6.81333 2.49625 -7.6
    endloop
  endfacet
  facet normal 0 0 -1
    outer loop
      vertex 12.3921 6.01926 -7.6
      vertex 6.81333 2.49625 -7.6
      vertex 12 6 -7.6
    endloop
  endfacet
  facet normal 0 -0 -1
    outer loop
      vertex 6.81333 2.49625 -7.6
      vertex 12.3921 6.01926 -7.6
      vertex 6.65296 2.22869 -7.6
    endloop
  endfacet
  facet normal 0 -0 -1
    outer loop
      vertex 6.65296 2.22869 -7.6
      vertex 12.3921 6.01926 -7.6
      vertex 6.65239 2.22773 -7.6
    endloop
  endfacet
  facet normal 0 0 -1
    outer loop
      vertex 12.7804 6.07686 -7.6
      vertex 6.65239 2.22773 -7.6
      vertex 12.3921 6.01926 -7.6
    endloop
  endfacet
  facet normal 0 -0 -1
    outer loop
      vertex 6.65239 2.22773 -7.6
      vertex 12.7804 6.07686 -7.6
      vertex 6.65173 2.22684 -7.6
    endloop
  endfacet
  facet normal 0 0 -1
    outer loop
      vertex 13.1611 6.17224 -7.6
      vertex 6.4659 1.97629 -7.6
      vertex 12.7804 6.07686 -7.6
    endloop
  endfacet
  facet normal 0 -0 -1
    outer loop
      vertex 6.4659 1.97629 -7.6
      vertex 13.1611 6.17224 -7.6
      vertex 6.25642 1.74515 -7.6
    endloop
  endfacet
  facet normal 0 0 -1
    outer loop
      vertex 64.2277 1.34761 -7.6
      vertex 5.77316 1.34827 -7.6
      vertex 6.02371 1.5341 -7.6
    endloop
  endfacet
  facet normal 0 0 -1
    outer loop
      vertex 64.2277 1.34761 -7.6
      vertex 5.77227 1.34761 -7.6
      vertex 5.77316 1.34827 -7.6
    endloop
  endfacet
  facet normal 0 0 -1
    outer loop
      vertex 0.5 -2.5 -7.6
      vertex 5.77227 1.34761 -7.6
      vertex 69.5 -2.5 -7.6
    endloop
  endfacet
  facet normal 0 0 -1
    outer loop
      vertex 5.77227 1.34761 -7.6
      vertex 0.5 -2.5 -7.6
      vertex 5.77131 1.34704 -7.6
    endloop
  endfacet
  facet normal 0 0 -1
    outer loop
      vertex 5.77131 1.34704 -7.6
      vertex 0.5 -2.5 -7.6
      vertex 5.50375 1.18667 -7.6
    endloop
  endfacet
  facet normal 0 0 -1
    outer loop
      vertex 5.50375 1.18667 -7.6
      vertex 0.5 -2.5 -7.6
      vertex 5.22177 1.0533 -7.6
    endloop
  endfacet
  facet normal 0 0 -1
    outer loop
      vertex 5.22177 1.0533 -7.6
      vertex 0.5 -2.5 -7.6
      vertex 5.22076 1.05282 -7.6
    endloop
  endfacet
  facet normal 0 0 -1
    outer loop
      vertex 5.22076 1.05282 -7.6
      vertex 0.5 -2.5 -7.6
      vertex 4.92705 0.947736 -7.6
    endloop
  endfacet
  facet normal 0 0 -1
    outer loop
      vertex 4.92705 0.947736 -7.6
      vertex 0.5 -2.5 -7.6
      vertex 4.92601 0.947361 -7.6
    endloop
  endfacet
  facet normal 0 0 -1
    outer loop
      vertex 4.92601 0.947361 -7.6
      vertex 0.5 -2.5 -7.6
      vertex 4.62342 0.871566 -7.6
    endloop
  endfacet
  facet normal 0 0 -1
    outer loop
      vertex 4.62342 0.871566 -7.6
      vertex 0.5 -2.5 -7.6
      vertex 4.62234 0.871295 -7.6
    endloop
  endfacet
  facet normal 0 0 -1
    outer loop
      vertex 4.62234 0.871295 -7.6
      vertex 0.5 -2.5 -7.6
      vertex 4.62124 0.871132 -7.6
    endloop
  endfacet
  facet normal 0 0 -1
    outer loop
      vertex 4.62124 0.871132 -7.6
      vertex 0.5 -2.5 -7.6
      vertex 4.31267 0.825362 -7.6
    endloop
  endfacet
  facet normal 0 0 -1
    outer loop
      vertex 4.31267 0.825362 -7.6
      vertex 0.5 -2.5 -7.6
      vertex 4.31156 0.825307 -7.6
    endloop
  endfacet
  facet normal 0 0 -1
    outer loop
      vertex 4.31156 0.825307 -7.6
      vertex 0.5 -2.5 -7.6
      vertex 4 0.81 -7.6
    endloop
  endfacet
  facet normal -0 0 -1
    outer loop
      vertex 4 0.81 -7.6
      vertex 0.5 -2.5 -7.6
      vertex 3.68844 0.825307 -7.6
    endloop
  endfacet
  facet normal 0 0 -1
    outer loop
      vertex 0.5 -2.5 -7.6
      vertex 3.37658 0.871566 -7.6
      vertex 3.37766 0.871295 -7.6
    endloop
  endfacet
  facet normal 0 0 -1
    outer loop
      vertex 0.5 -2.5 -7.6
      vertex 2.77823 1.0533 -7.6
      vertex 2.77924 1.05282 -7.6
    endloop
  endfacet
  facet normal 0 0 -1
    outer loop
      vertex 0.5 -2.5 -7.6
      vertex 2.22869 1.34704 -7.6
      vertex 2.49625 1.18667 -7.6
    endloop
  endfacet
  facet normal 0 0 -1
    outer loop
      vertex 0.5 -2.5 -7.6
      vertex 2.22684 1.34827 -7.6
      vertex 2.22773 1.34761 -7.6
    endloop
  endfacet
  facet normal 0 0 -1
    outer loop
      vertex -2.5 0.5 -7.6
      vertex 1.34827 2.22684 -7.6
      vertex 1.5341 1.97629 -7.6
    endloop
  endfacet
  facet normal 0 0 -1
    outer loop
      vertex -2.5 0.5 -7.6
      vertex 1.34704 2.22869 -7.6
      vertex 1.34761 2.22773 -7.6
    endloop
  endfacet
  facet normal 0 0 -1
    outer loop
      vertex -2.5 0.5 -7.6
      vertex 1.0533 2.77823 -7.6
      vertex 1.18667 2.49625 -7.6
    endloop
  endfacet
  facet normal 0 0 -1
    outer loop
      vertex -2.5 0.5 -7.6
      vertex 0.871566 3.37658 -7.6
      vertex 0.947361 3.07399 -7.6
    endloop
  endfacet
  facet normal -0 0 -1
    outer loop
      vertex 0.825307 3.68844 -7.6
      vertex -2.5 0.5 -7.6
      vertex 0.81 4 -7.6
    endloop
  endfacet
  facet normal -0 0 -1
    outer loop
      vertex 0.825362 3.68733 -7.6
      vertex -2.5 0.5 -7.6
      vertex 0.825307 3.68844 -7.6
    endloop
  endfacet
  facet normal -0 0 -1
    outer loop
      vertex 0.871132 3.37876 -7.6
      vertex -2.5 0.5 -7.6
      vertex 0.825362 3.68733 -7.6
    endloop
  endfacet
  facet normal -0 0 -1
    outer loop
      vertex 0.871295 3.37766 -7.6
      vertex -2.5 0.5 -7.6
      vertex 0.871132 3.37876 -7.6
    endloop
  endfacet
  facet normal -0 0 -1
    outer loop
      vertex 0.871566 3.37658 -7.6
      vertex -2.5 0.5 -7.6
      vertex 0.871295 3.37766 -7.6
    endloop
  endfacet
  facet normal -0 0 -1
    outer loop
      vertex 0.947736 3.07295 -7.6
      vertex -2.5 0.5 -7.6
      vertex 0.947361 3.07399 -7.6
    endloop
  endfacet
  facet normal -0 0 -1
    outer loop
      vertex 1.05282 2.77924 -7.6
      vertex -2.5 0.5 -7.6
      vertex 0.947736 3.07295 -7.6
    endloop
  endfacet
  facet normal -0 0 -1
    outer loop
      vertex 1.0533 2.77823 -7.6
      vertex -2.5 0.5 -7.6
      vertex 1.05282 2.77924 -7.6
    endloop
  endfacet
  facet normal -0 0 -1
    outer loop
      vertex 1.34704 2.22869 -7.6
      vertex -2.5 0.5 -7.6
      vertex 1.18667 2.49625 -7.6
    endloop
  endfacet
  facet normal -0 0 -1
    outer loop
      vertex 1.34827 2.22684 -7.6
      vertex -2.5 0.5 -7.6
      vertex 1.34761 2.22773 -7.6
    endloop
  endfacet
  facet normal -0 0 -1
    outer loop
      vertex 1.74358 1.74515 -7.6
      vertex -2.5 0.5 -7.6
      vertex 1.5341 1.97629 -7.6
    endloop
  endfacet
  facet normal -0 0 -1
    outer loop
      vertex 1.74433 1.74433 -7.6
      vertex -2.5 0.5 -7.6
      vertex 1.74358 1.74515 -7.6
    endloop
  endfacet
  facet normal 0 0 -1
    outer loop
      vertex -2.5 0.5 -7.6
      vertex 1.74433 1.74433 -7.6
      vertex 0.5 -2.5 -7.6
    endloop
  endfacet
  facet normal -0 0 -1
    outer loop
      vertex 1.74515 1.74358 -7.6
      vertex 0.5 -2.5 -7.6
      vertex 1.74433 1.74433 -7.6
    endloop
  endfacet
  facet normal -0 0 -1
    outer loop
      vertex 1.97629 1.5341 -7.6
      vertex 0.5 -2.5 -7.6
      vertex 1.74515 1.74358 -7.6
    endloop
  endfacet
  facet normal -0 0 -1
    outer loop
      vertex 2.22684 1.34827 -7.6
      vertex 0.5 -2.5 -7.6
      vertex 1.97629 1.5341 -7.6
    endloop
  endfacet
  facet normal -0 0 -1
    outer loop
      vertex 2.22869 1.34704 -7.6
      vertex 0.5 -2.5 -7.6
      vertex 2.22773 1.34761 -7.6
    endloop
  endfacet
  facet normal -0 0 -1
    outer loop
      vertex 2.77823 1.0533 -7.6
      vertex 0.5 -2.5 -7.6
      vertex 2.49625 1.18667 -7.6
    endloop
  endfacet
  facet normal -0 0 -1
    outer loop
      vertex 3.07295 0.947736 -7.6
      vertex 0.5 -2.5 -7.6
      vertex 2.77924 1.05282 -7.6
    endloop
  endfacet
  facet normal -0 0 -1
    outer loop
      vertex 3.07399 0.947361 -7.6
      vertex 0.5 -2.5 -7.6
      vertex 3.07295 0.947736 -7.6
    endloop
  endfacet
  facet normal -0 0 -1
    outer loop
      vertex 3.37658 0.871566 -7.6
      vertex 0.5 -2.5 -7.6
      vertex 3.07399 0.947361 -7.6
    endloop
  endfacet
  facet normal -0 0 -1
    outer loop
      vertex 3.37876 0.871132 -7.6
      vertex 0.5 -2.5 -7.6
      vertex 3.37766 0.871295 -7.6
    endloop
  endfacet
  facet normal -0 0 -1
    outer loop
      vertex 3.68733 0.825362 -7.6
      vertex 0.5 -2.5 -7.6
      vertex 3.37876 0.871132 -7.6
    endloop
  endfacet
  facet normal -0 0 -1
    outer loop
      vertex 3.68844 0.825307 -7.6
      vertex 0.5 -2.5 -7.6
      vertex 3.68733 0.825362 -7.6
    endloop
  endfacet
  facet normal 0 0 -1
    outer loop
      vertex 68.2557 49.3507 -7.6
      vertex 72.5 59.5 -7.6
      vertex 68.2564 49.3498 -7.6
    endloop
  endfacet
  facet normal 0 0 -1
    outer loop
      vertex 68.2548 49.3514 -7.6
      vertex 72.5 59.5 -7.6
      vertex 68.2557 49.3507 -7.6
    endloop
  endfacet
  facet normal 0 0 -1
    outer loop
      vertex 68.0237 49.5609 -7.6
      vertex 72.5 59.5 -7.6
      vertex 68.2548 49.3514 -7.6
    endloop
  endfacet
  facet normal 0 0 -1
    outer loop
      vertex 67.7732 49.7467 -7.6
      vertex 72.5 59.5 -7.6
      vertex 68.0237 49.5609 -7.6
    endloop
  endfacet
  facet normal 0 0 -1
    outer loop
      vertex 67.7723 49.7474 -7.6
      vertex 72.5 59.5 -7.6
      vertex 67.7732 49.7467 -7.6
    endloop
  endfacet
  facet normal 0 0 -1
    outer loop
      vertex 67.7713 49.748 -7.6
      vertex 72.5 59.5 -7.6
      vertex 67.7723 49.7474 -7.6
    endloop
  endfacet
  facet normal 0 0 -1
    outer loop
      vertex 67.5038 49.9083 -7.6
      vertex 72.5 59.5 -7.6
      vertex 67.7713 49.748 -7.6
    endloop
  endfacet
  facet normal 0 0 -1
    outer loop
      vertex 67.2218 50.0417 -7.6
      vertex 72.5 59.5 -7.6
      vertex 67.5038 49.9083 -7.6
    endloop
  endfacet
  facet normal 0 0 -1
    outer loop
      vertex 67.2208 50.0422 -7.6
      vertex 72.5 59.5 -7.6
      vertex 67.2218 50.0417 -7.6
    endloop
  endfacet
  facet normal 0 0 -1
    outer loop
      vertex 66.9271 50.1473 -7.6
      vertex 72.5 59.5 -7.6
      vertex 67.2208 50.0422 -7.6
    endloop
  endfacet
  facet normal 0 0 -1
    outer loop
      vertex 66.926 50.1476 -7.6
      vertex 72.5 59.5 -7.6
      vertex 66.9271 50.1473 -7.6
    endloop
  endfacet
  facet normal 0 0 -1
    outer loop
      vertex 66.6234 50.2234 -7.6
      vertex 72.5 59.5 -7.6
      vertex 66.926 50.1476 -7.6
    endloop
  endfacet
  facet normal 0 0 -1
    outer loop
      vertex 66.6223 50.2237 -7.6
      vertex 72.5 59.5 -7.6
      vertex 66.6234 50.2234 -7.6
    endloop
  endfacet
  facet normal 0 0 -1
    outer loop
      vertex 66.6212 50.2239 -7.6
      vertex 72.5 59.5 -7.6
      vertex 66.6223 50.2237 -7.6
    endloop
  endfacet
  facet normal 0 0 -1
    outer loop
      vertex 66.3127 50.2696 -7.6
      vertex 72.5 59.5 -7.6
      vertex 66.6212 50.2239 -7.6
    endloop
  endfacet
  facet normal 0 -0 -1
    outer loop
      vertex 69.5 62.5 -7.6
      vertex 72.5 59.5 -7.6
      vertex 66.3127 50.2696 -7.6
    endloop
  endfacet
  facet normal 0 0 -1
    outer loop
      vertex 72.5 59.5 -7.6
      vertex 69.5 62.5 -7.6
      vertex 72.4855 59.7941 -7.6
    endloop
  endfacet
  facet normal 0 0 -1
    outer loop
      vertex 72.4855 59.7941 -7.6
      vertex 69.5 62.5 -7.6
      vertex 72.4424 60.0853 -7.6
    endloop
  endfacet
  facet normal 0 0 -1
    outer loop
      vertex 72.2716 60.648 -7.6
      vertex 69.5 62.5 -7.6
      vertex 72.1458 60.9142 -7.6
    endloop
  endfacet
  facet normal 0 0 -1
    outer loop
      vertex 72.1458 60.9142 -7.6
      vertex 69.5 62.5 -7.6
      vertex 71.9944 61.1667 -7.6
    endloop
  endfacet
  facet normal 0 0 -1
    outer loop
      vertex 71.6213 61.6213 -7.6
      vertex 69.5 62.5 -7.6
      vertex 71.4032 61.819 -7.6
    endloop
  endfacet
  facet normal 0 0 -1
    outer loop
      vertex 71.4032 61.819 -7.6
      vertex 69.5 62.5 -7.6
      vertex 71.1667 61.9944 -7.6
    endloop
  endfacet
  facet normal 0 0 -1
    outer loop
      vertex 71.1667 61.9944 -7.6
      vertex 69.5 62.5 -7.6
      vertex 70.9142 62.1458 -7.6
    endloop
  endfacet
  facet normal 0 0 -1
    outer loop
      vertex 70.3708 62.3708 -7.6
      vertex 69.5 62.5 -7.6
      vertex 70.0853 62.4424 -7.6
    endloop
  endfacet
  facet normal 0 0 -1
    outer loop
      vertex 70.0853 62.4424 -7.6
      vertex 69.5 62.5 -7.6
      vertex 69.7941 62.4856 -7.6
    endloop
  endfacet
  facet normal 0 0 -1
    outer loop
      vertex 70.9142 62.1458 -7.6
      vertex 69.5 62.5 -7.6
      vertex 70.648 62.2716 -7.6
    endloop
  endfacet
  facet normal 0 0 -1
    outer loop
      vertex 70.648 62.2716 -7.6
      vertex 69.5 62.5 -7.6
      vertex 70.3708 62.3708 -7.6
    endloop
  endfacet
  facet normal 0 0 -1
    outer loop
      vertex 71.819 61.4032 -7.6
      vertex 69.5 62.5 -7.6
      vertex 71.6213 61.6213 -7.6
    endloop
  endfacet
  facet normal 0 0 -1
    outer loop
      vertex 71.9944 61.1667 -7.6
      vertex 69.5 62.5 -7.6
      vertex 71.819 61.4032 -7.6
    endloop
  endfacet
  facet normal 0 0 -1
    outer loop
      vertex 72.3708 60.3709 -7.6
      vertex 69.5 62.5 -7.6
      vertex 72.2716 60.648 -7.6
    endloop
  endfacet
  facet normal 0 0 -1
    outer loop
      vertex 72.4424 60.0853 -7.6
      vertex 69.5 62.5 -7.6
      vertex 72.3708 60.3709 -7.6
    endloop
  endfacet
  facet normal 0 0 -1
    outer loop
      vertex 66.3116 50.2697 -7.6
      vertex 69.5 62.5 -7.6
      vertex 66.3127 50.2696 -7.6
    endloop
  endfacet
  facet normal 0 0 -1
    outer loop
      vertex 66 50.285 -7.6
      vertex 69.5 62.5 -7.6
      vertex 66.3116 50.2697 -7.6
    endloop
  endfacet
  facet normal 0 0 -1
    outer loop
      vertex 65.6884 50.2697 -7.6
      vertex 69.5 62.5 -7.6
      vertex 66 50.285 -7.6
    endloop
  endfacet
  facet normal 0 0 -1
    outer loop
      vertex 65.6873 50.2696 -7.6
      vertex 69.5 62.5 -7.6
      vertex 65.6884 50.2697 -7.6
    endloop
  endfacet
  facet normal 0 0 -1
    outer loop
      vertex 65.3788 50.2239 -7.6
      vertex 69.5 62.5 -7.6
      vertex 65.6873 50.2696 -7.6
    endloop
  endfacet
  facet normal 0 0 -1
    outer loop
      vertex 65.3777 50.2237 -7.6
      vertex 69.5 62.5 -7.6
      vertex 65.3788 50.2239 -7.6
    endloop
  endfacet
  facet normal 0 0 -1
    outer loop
      vertex 65.3766 50.2234 -7.6
      vertex 69.5 62.5 -7.6
      vertex 65.3777 50.2237 -7.6
    endloop
  endfacet
  facet normal 0 0 -1
    outer loop
      vertex 65.074 50.1476 -7.6
      vertex 69.5 62.5 -7.6
      vertex 65.3766 50.2234 -7.6
    endloop
  endfacet
  facet normal 0 0 -1
    outer loop
      vertex 65.0729 50.1473 -7.6
      vertex 69.5 62.5 -7.6
      vertex 65.074 50.1476 -7.6
    endloop
  endfacet
  facet normal 0 0 -1
    outer loop
      vertex 64.7792 50.0422 -7.6
      vertex 69.5 62.5 -7.6
      vertex 65.0729 50.1473 -7.6
    endloop
  endfacet
  facet normal 0 0 -1
    outer loop
      vertex 64.7782 50.0417 -7.6
      vertex 69.5 62.5 -7.6
      vertex 64.7792 50.0422 -7.6
    endloop
  endfacet
  facet normal 0 0 -1
    outer loop
      vertex 64.4962 49.9083 -7.6
      vertex 69.5 62.5 -7.6
      vertex 64.7782 50.0417 -7.6
    endloop
  endfacet
  facet normal 0 0 -1
    outer loop
      vertex 64.2287 49.748 -7.6
      vertex 69.5 62.5 -7.6
      vertex 64.4962 49.9083 -7.6
    endloop
  endfacet
  facet normal 0 0 -1
    outer loop
      vertex 64.2277 49.7474 -7.6
      vertex 69.5 62.5 -7.6
      vertex 64.2287 49.748 -7.6
    endloop
  endfacet
  facet normal 0 0 -1
    outer loop
      vertex 64.2268 49.7467 -7.6
      vertex 69.5 62.5 -7.6
      vertex 64.2277 49.7474 -7.6
    endloop
  endfacet
  facet normal 0 0 -1
    outer loop
      vertex 63.9763 49.5609 -7.6
      vertex 69.5 62.5 -7.6
      vertex 64.2268 49.7467 -7.6
    endloop
  endfacet
  facet normal 0 0 -1
    outer loop
      vertex 63.7452 49.3514 -7.6
      vertex 69.5 62.5 -7.6
      vertex 63.9763 49.5609 -7.6
    endloop
  endfacet
  facet normal 0 0 -1
    outer loop
      vertex 63.7443 49.3507 -7.6
      vertex 69.5 62.5 -7.6
      vertex 63.7452 49.3514 -7.6
    endloop
  endfacet
  facet normal 0 0 -1
    outer loop
      vertex 56.8389 44.8278 -7.6
      vertex 63.7443 49.3507 -7.6
      vertex 63.7436 49.3498 -7.6
    endloop
  endfacet
  facet normal 0 0 -1
    outer loop
      vertex 56.8389 44.8278 -7.6
      vertex 63.7436 49.3498 -7.6
      vertex 63.5341 49.1187 -7.6
    endloop
  endfacet
  facet normal 0 0 -1
    outer loop
      vertex 57.2196 44.9231 -7.6
      vertex 63.5341 49.1187 -7.6
      vertex 63.3483 48.8682 -7.6
    endloop
  endfacet
  facet normal 0 0 -1
    outer loop
      vertex 57.2196 44.9231 -7.6
      vertex 63.3483 48.8682 -7.6
      vertex 63.3476 48.8673 -7.6
    endloop
  endfacet
  facet normal 0 0 -1
    outer loop
      vertex 57.6079 44.9807 -7.6
      vertex 63.3476 48.8673 -7.6
      vertex 63.347 48.8663 -7.6
    endloop
  endfacet
  facet normal 0 0 -1
    outer loop
      vertex 57.6079 44.9807 -7.6
      vertex 63.347 48.8663 -7.6
      vertex 63.1867 48.5988 -7.6
    endloop
  endfacet
  facet normal 0 0 -1
    outer loop
      vertex 58 45 -7.6
      vertex 63.1867 48.5988 -7.6
      vertex 63.0533 48.3168 -7.6
    endloop
  endfacet
  facet normal 0 0 -1
    outer loop
      vertex 58 45 -7.6
      vertex 63.0533 48.3168 -7.6
      vertex 63.0528 48.3158 -7.6
    endloop
  endfacet
  facet normal 0 0 -1
    outer loop
      vertex 58.7804 44.9231 -7.6
      vertex 62.8716 47.7184 -7.6
      vertex 62.8713 47.7173 -7.6
    endloop
  endfacet
  facet normal 0 0 -1
    outer loop
      vertex 60.5376 44.092 -7.6
      vertex 63.0533 45.8732 -7.6
      vertex 60.8284 43.8284 -7.6
    endloop
  endfacet
  facet normal -0 0 -1
    outer loop
      vertex 63.0533 45.8732 -7.6
      vertex 60.5376 44.092 -7.6
      vertex 63.0528 45.8742 -7.6
    endloop
  endfacet
  facet normal -0 0 -1
    outer loop
      vertex 63.0528 45.8742 -7.6
      vertex 60.5376 44.092 -7.6
      vertex 62.9477 46.1679 -7.6
    endloop
  endfacet
  facet normal 0 0 -1
    outer loop
      vertex 60.2223 44.3259 -7.6
      vertex 62.9477 46.1679 -7.6
      vertex 60.5376 44.092 -7.6
    endloop
  endfacet
  facet normal -0 0 -1
    outer loop
      vertex 62.9477 46.1679 -7.6
      vertex 60.2223 44.3259 -7.6
      vertex 62.9474 46.169 -7.6
    endloop
  endfacet
  facet normal -0 0 -1
    outer loop
      vertex 62.9474 46.169 -7.6
      vertex 60.2223 44.3259 -7.6
      vertex 62.8716 46.4716 -7.6
    endloop
  endfacet
  facet normal -0 0 -1
    outer loop
      vertex 62.8716 46.4716 -7.6
      vertex 60.2223 44.3259 -7.6
      vertex 62.8713 46.4727 -7.6
    endloop
  endfacet
  facet normal 0 0 -1
    outer loop
      vertex 59.8856 44.5277 -7.6
      vertex 62.8713 46.4727 -7.6
      vertex 60.2223 44.3259 -7.6
    endloop
  endfacet
  facet normal -0 0 -1
    outer loop
      vertex 62.8713 46.4727 -7.6
      vertex 59.8856 44.5277 -7.6
      vertex 62.8711 46.4738 -7.6
    endloop
  endfacet
  facet normal -0 0 -1
    outer loop
      vertex 62.8711 46.4738 -7.6
      vertex 59.8856 44.5277 -7.6
      vertex 62.8254 46.7823 -7.6
    endloop
  endfacet
  facet normal 0 0 -1
    outer loop
      vertex 59.5307 44.6955 -7.6
      vertex 62.8254 46.7823 -7.6
      vertex 59.8856 44.5277 -7.6
    endloop
  endfacet
  facet normal -0 0 -1
    outer loop
      vertex 62.8254 46.7823 -7.6
      vertex 59.5307 44.6955 -7.6
      vertex 62.8253 46.7834 -7.6
    endloop
  endfacet
  facet normal -0 0 -1
    outer loop
      vertex 62.8253 46.7834 -7.6
      vertex 59.5307 44.6955 -7.6
      vertex 62.81 47.095 -7.6
    endloop
  endfacet
  facet normal 0 0 -1
    outer loop
      vertex 59.1611 44.8278 -7.6
      vertex 62.81 47.095 -7.6
      vertex 59.5307 44.6955 -7.6
    endloop
  endfacet
  facet normal -0 0 -1
    outer loop
      vertex 62.81 47.095 -7.6
      vertex 59.1611 44.8278 -7.6
      vertex 62.8253 47.4066 -7.6
    endloop
  endfacet
  facet normal -0 0 -1
    outer loop
      vertex 62.8253 47.4066 -7.6
      vertex 59.1611 44.8278 -7.6
      vertex 62.8254 47.4077 -7.6
    endloop
  endfacet
  facet normal 0 0 -1
    outer loop
      vertex 58.7804 44.9231 -7.6
      vertex 62.8254 47.4077 -7.6
      vertex 59.1611 44.8278 -7.6
    endloop
  endfacet
  facet normal -0 0 -1
    outer loop
      vertex 62.8254 47.4077 -7.6
      vertex 58.7804 44.9231 -7.6
      vertex 62.8711 47.7162 -7.6
    endloop
  endfacet
  facet normal -0 0 -1
    outer loop
      vertex 62.8711 47.7162 -7.6
      vertex 58.7804 44.9231 -7.6
      vertex 62.8713 47.7173 -7.6
    endloop
  endfacet
  facet normal -0 0 -1
    outer loop
      vertex 62.8716 47.7184 -7.6
      vertex 58.7804 44.9231 -7.6
      vertex 62.9474 48.021 -7.6
    endloop
  endfacet
  facet normal 0 0 -1
    outer loop
      vertex 58.3921 44.9807 -7.6
      vertex 62.9474 48.021 -7.6
      vertex 58.7804 44.9231 -7.6
    endloop
  endfacet
  facet normal -0 0 -1
    outer loop
      vertex 62.9474 48.021 -7.6
      vertex 58.3921 44.9807 -7.6
      vertex 62.9477 48.0221 -7.6
    endloop
  endfacet
  facet normal -0 0 -1
    outer loop
      vertex 62.9477 48.0221 -7.6
      vertex 58.3921 44.9807 -7.6
      vertex 63.0528 48.3158 -7.6
    endloop
  endfacet
  facet normal 0 0 -1
    outer loop
      vertex 58 45 -7.6
      vertex 63.0528 48.3158 -7.6
      vertex 58.3921 44.9807 -7.6
    endloop
  endfacet
  facet normal 0 0 -1
    outer loop
      vertex 63.1867 48.5988 -7.6
      vertex 58 45 -7.6
      vertex 57.6079 44.9807 -7.6
    endloop
  endfacet
  facet normal 0 0 -1
    outer loop
      vertex 63.3476 48.8673 -7.6
      vertex 57.6079 44.9807 -7.6
      vertex 57.2196 44.9231 -7.6
    endloop
  endfacet
  facet normal 0 0 -1
    outer loop
      vertex 63.5341 49.1187 -7.6
      vertex 57.2196 44.9231 -7.6
      vertex 56.8389 44.8278 -7.6
    endloop
  endfacet
  facet normal 0 0 -1
    outer loop
      vertex 63.7443 49.3507 -7.6
      vertex 56.8389 44.8278 -7.6
      vertex 56.4693 44.6955 -7.6
    endloop
  endfacet
  facet normal -0 0 -1
    outer loop
      vertex 63.7443 49.3507 -7.6
      vertex 56.4693 44.6955 -7.6
      vertex 69.5 62.5 -7.6
    endloop
  endfacet
  facet normal 0 0 -1
    outer loop
      vertex 56.1144 44.5277 -7.6
      vertex 69.5 62.5 -7.6
      vertex 56.4693 44.6955 -7.6
    endloop
  endfacet
  facet normal 0 0 -1
    outer loop
      vertex 55.7777 44.3259 -7.6
      vertex 69.5 62.5 -7.6
      vertex 56.1144 44.5277 -7.6
    endloop
  endfacet
  facet normal 0 0 -1
    outer loop
      vertex 14.2223 44.3259 -7.6
      vertex 55.7777 44.3259 -7.6
      vertex 55.4624 44.092 -7.6
    endloop
  endfacet
  facet normal 0 0 -1
    outer loop
      vertex 14.5376 44.092 -7.6
      vertex 55.4624 44.092 -7.6
      vertex 55.1716 43.8284 -7.6
    endloop
  endfacet
  facet normal 0 0 -1
    outer loop
      vertex 14.8284 43.8284 -7.6
      vertex 55.1716 43.8284 -7.6
      vertex 54.908 43.5376 -7.6
    endloop
  endfacet
  facet normal 0 0 -1
    outer loop
      vertex 54.0193 40.6079 -7.6
      vertex 16 41 -7.6
      vertex 54 41 -7.6
    endloop
  endfacet
  facet normal 0 0 -1
    outer loop
      vertex 54 41 -7.6
      vertex 16 41 -7.6
      vertex 54.0193 41.3921 -7.6
    endloop
  endfacet
  facet normal 0 0 -1
    outer loop
      vertex 15.9807 41.3921 -7.6
      vertex 54.0193 41.3921 -7.6
      vertex 16 41 -7.6
    endloop
  endfacet
  facet normal 0 0 -1
    outer loop
      vertex 54.0193 41.3921 -7.6
      vertex 15.9807 41.3921 -7.6
      vertex 54.0769 41.7804 -7.6
    endloop
  endfacet
  facet normal 0 0 -1
    outer loop
      vertex 15.9231 41.7804 -7.6
      vertex 54.0769 41.7804 -7.6
      vertex 15.9807 41.3921 -7.6
    endloop
  endfacet
  facet normal 0 0 -1
    outer loop
      vertex 54.0769 41.7804 -7.6
      vertex 15.9231 41.7804 -7.6
      vertex 54.1722 42.1611 -7.6
    endloop
  endfacet
  facet normal 0 0 -1
    outer loop
      vertex 15.8278 42.1611 -7.6
      vertex 54.1722 42.1611 -7.6
      vertex 15.9231 41.7804 -7.6
    endloop
  endfacet
  facet normal 0 0 -1
    outer loop
      vertex 54.1722 42.1611 -7.6
      vertex 15.8278 42.1611 -7.6
      vertex 54.3045 42.5307 -7.6
    endloop
  endfacet
  facet normal 0 0 -1
    outer loop
      vertex 15.6955 42.5307 -7.6
      vertex 54.3045 42.5307 -7.6
      vertex 15.8278 42.1611 -7.6
    endloop
  endfacet
  facet normal 0 0 -1
    outer loop
      vertex 54.3045 42.5307 -7.6
      vertex 15.6955 42.5307 -7.6
      vertex 54.4723 42.8856 -7.6
    endloop
  endfacet
  facet normal 0 0 -1
    outer loop
      vertex 15.5277 42.8856 -7.6
      vertex 54.4723 42.8856 -7.6
      vertex 15.6955 42.5307 -7.6
    endloop
  endfacet
  facet normal 0 0 -1
    outer loop
      vertex 54.4723 42.8856 -7.6
      vertex 15.5277 42.8856 -7.6
      vertex 54.6741 43.2223 -7.6
    endloop
  endfacet
  facet normal 0 0 -1
    outer loop
      vertex 15.3259 43.2223 -7.6
      vertex 54.6741 43.2223 -7.6
      vertex 15.5277 42.8856 -7.6
    endloop
  endfacet
  facet normal 0 0 -1
    outer loop
      vertex 54.6741 43.2223 -7.6
      vertex 15.3259 43.2223 -7.6
      vertex 54.908 43.5376 -7.6
    endloop
  endfacet
  facet normal 0 0 -1
    outer loop
      vertex 15.092 43.5376 -7.6
      vertex 54.908 43.5376 -7.6
      vertex 15.3259 43.2223 -7.6
    endloop
  endfacet
  facet normal 0 0 -1
    outer loop
      vertex 14.8284 43.8284 -7.6
      vertex 54.908 43.5376 -7.6
      vertex 15.092 43.5376 -7.6
    endloop
  endfacet
  facet normal 0 0 -1
    outer loop
      vertex 55.1716 43.8284 -7.6
      vertex 14.8284 43.8284 -7.6
      vertex 14.5376 44.092 -7.6
    endloop
  endfacet
  facet normal 0 0 -1
    outer loop
      vertex 55.4624 44.092 -7.6
      vertex 14.5376 44.092 -7.6
      vertex 14.2223 44.3259 -7.6
    endloop
  endfacet
  facet normal 0 0 -1
    outer loop
      vertex 55.7777 44.3259 -7.6
      vertex 14.2223 44.3259 -7.6
      vertex 69.5 62.5 -7.6
    endloop
  endfacet
  facet normal 0 0 -1
    outer loop
      vertex 0.5 62.5 -7.6
      vertex 14.2223 44.3259 -7.6
      vertex 13.8856 44.5277 -7.6
    endloop
  endfacet
  facet normal 0 0 -1
    outer loop
      vertex 0.5 62.5 -7.6
      vertex 13.8856 44.5277 -7.6
      vertex 13.5307 44.6955 -7.6
    endloop
  endfacet
  facet normal 0 0 -1
    outer loop
      vertex 6.25567 49.3507 -7.6
      vertex 13.5307 44.6955 -7.6
      vertex 13.1611 44.8278 -7.6
    endloop
  endfacet
  facet normal 0 0 -1
    outer loop
      vertex 6.4659 49.1187 -7.6
      vertex 13.1611 44.8278 -7.6
      vertex 12.7804 44.9231 -7.6
    endloop
  endfacet
  facet normal 0 0 -1
    outer loop
      vertex 6.65239 48.8673 -7.6
      vertex 12.7804 44.9231 -7.6
      vertex 12.3921 44.9807 -7.6
    endloop
  endfacet
  facet normal 0 0 -1
    outer loop
      vertex 6.81333 48.5988 -7.6
      vertex 12.3921 44.9807 -7.6
      vertex 12 45 -7.6
    endloop
  endfacet
  facet normal 0 0 -1
    outer loop
      vertex 6.94718 48.3158 -7.6
      vertex 12 45 -7.6
      vertex 11.6079 44.9807 -7.6
    endloop
  endfacet
  facet normal 0 0 -1
    outer loop
      vertex 7.05264 48.021 -7.6
      vertex 11.6079 44.9807 -7.6
      vertex 11.2196 44.9231 -7.6
    endloop
  endfacet
  facet normal 0 0 -1
    outer loop
      vertex 7.17464 47.4077 -7.6
      vertex 11.2196 44.9231 -7.6
      vertex 10.8389 44.8278 -7.6
    endloop
  endfacet
  facet normal 0 0 -1
    outer loop
      vertex 8.01926 40.6079 -7.6
      vertex 7.19 47.095 -7.6
      vertex 8 41 -7.6
    endloop
  endfacet
  facet normal 0 0 -1
    outer loop
      vertex 7.19 47.095 -7.6
      vertex 8.01926 41.3921 -7.6
      vertex 8 41 -7.6
    endloop
  endfacet
  facet normal 0 0 -1
    outer loop
      vertex 7.19 47.095 -7.6
      vertex 8.07686 41.7804 -7.6
      vertex 8.01926 41.3921 -7.6
    endloop
  endfacet
  facet normal 0 0 -1
    outer loop
      vertex 7.19 47.095 -7.6
      vertex 8.17224 42.1611 -7.6
      vertex 8.07686 41.7804 -7.6
    endloop
  endfacet
  facet normal 0 0 -1
    outer loop
      vertex 7.19 47.095 -7.6
      vertex 8.30448 42.5307 -7.6
      vertex 8.17224 42.1611 -7.6
    endloop
  endfacet
  facet normal 0 0 -1
    outer loop
      vertex 7.19 47.095 -7.6
      vertex 8.47231 42.8856 -7.6
      vertex 8.30448 42.5307 -7.6
    endloop
  endfacet
  facet normal 0 0 -1
    outer loop
      vertex 7.19 47.095 -7.6
      vertex 8.67412 43.2223 -7.6
      vertex 8.47231 42.8856 -7.6
    endloop
  endfacet
  facet normal 0 0 -1
    outer loop
      vertex 7.19 47.095 -7.6
      vertex 8.90796 43.5376 -7.6
      vertex 8.67412 43.2223 -7.6
    endloop
  endfacet
  facet normal 0 0 -1
    outer loop
      vertex 7.19 47.095 -7.6
      vertex 9.17157 43.8284 -7.6
      vertex 8.90796 43.5376 -7.6
    endloop
  endfacet
  facet normal 0 0 -1
    outer loop
      vertex 7.19 47.095 -7.6
      vertex 9.46243 44.092 -7.6
      vertex 9.17157 43.8284 -7.6
    endloop
  endfacet
  facet normal 0 0 -1
    outer loop
      vertex 7.19 47.095 -7.6
      vertex 9.77772 44.3259 -7.6
      vertex 9.46243 44.092 -7.6
    endloop
  endfacet
  facet normal 0 0 -1
    outer loop
      vertex 7.19 47.095 -7.6
      vertex 10.1144 44.5277 -7.6
      vertex 9.77772 44.3259 -7.6
    endloop
  endfacet
  facet normal 0 0 -1
    outer loop
      vertex 7.19 47.095 -7.6
      vertex 10.4693 44.6955 -7.6
      vertex 10.1144 44.5277 -7.6
    endloop
  endfacet
  facet normal 0 0 -1
    outer loop
      vertex 7.19 47.095 -7.6
      vertex 10.8389 44.8278 -7.6
      vertex 10.4693 44.6955 -7.6
    endloop
  endfacet
  facet normal 0 0 -1
    outer loop
      vertex 7.17469 47.4066 -7.6
      vertex 10.8389 44.8278 -7.6
      vertex 7.19 47.095 -7.6
    endloop
  endfacet
  facet normal 0 0 -1
    outer loop
      vertex 7.17464 47.4077 -7.6
      vertex 10.8389 44.8278 -7.6
      vertex 7.17469 47.4066 -7.6
    endloop
  endfacet
  facet normal 0 0 -1
    outer loop
      vertex 11.2196 44.9231 -7.6
      vertex 7.17464 47.4077 -7.6
      vertex 7.12887 47.7162 -7.6
    endloop
  endfacet
  facet normal 0 0 -1
    outer loop
      vertex 11.2196 44.9231 -7.6
      vertex 7.12887 47.7162 -7.6
      vertex 7.1287 47.7173 -7.6
    endloop
  endfacet
  facet normal 0 0 -1
    outer loop
      vertex 11.2196 44.9231 -7.6
      vertex 7.1287 47.7173 -7.6
      vertex 7.12843 47.7184 -7.6
    endloop
  endfacet
  facet normal 0 0 -1
    outer loop
      vertex 11.2196 44.9231 -7.6
      vertex 7.12843 47.7184 -7.6
      vertex 7.05264 48.021 -7.6
    endloop
  endfacet
  facet normal 0 0 -1
    outer loop
      vertex 11.6079 44.9807 -7.6
      vertex 7.05264 48.021 -7.6
      vertex 7.05226 48.0221 -7.6
    endloop
  endfacet
  facet normal 0 0 -1
    outer loop
      vertex 11.6079 44.9807 -7.6
      vertex 7.05226 48.0221 -7.6
      vertex 6.94718 48.3158 -7.6
    endloop
  endfacet
  facet normal 0 0 -1
    outer loop
      vertex 12 45 -7.6
      vertex 6.94718 48.3158 -7.6
      vertex 6.9467 48.3168 -7.6
    endloop
  endfacet
  facet normal 0 0 -1
    outer loop
      vertex 12 45 -7.6
      vertex 6.9467 48.3168 -7.6
      vertex 6.81333 48.5988 -7.6
    endloop
  endfacet
  facet normal 0 0 -1
    outer loop
      vertex 12.3921 44.9807 -7.6
      vertex 6.81333 48.5988 -7.6
      vertex 6.65296 48.8663 -7.6
    endloop
  endfacet
  facet normal 0 0 -1
    outer loop
      vertex 12.3921 44.9807 -7.6
      vertex 6.65296 48.8663 -7.6
      vertex 6.65239 48.8673 -7.6
    endloop
  endfacet
  facet normal 0 0 -1
    outer loop
      vertex 12.7804 44.9231 -7.6
      vertex 6.65239 48.8673 -7.6
      vertex 6.65173 48.8682 -7.6
    endloop
  endfacet
  facet normal 0 0 -1
    outer loop
      vertex 12.7804 44.9231 -7.6
      vertex 6.65173 48.8682 -7.6
      vertex 6.4659 49.1187 -7.6
    endloop
  endfacet
  facet normal 0 0 -1
    outer loop
      vertex 13.1611 44.8278 -7.6
      vertex 6.4659 49.1187 -7.6
      vertex 6.25642 49.3498 -7.6
    endloop
  endfacet
  facet normal 0 0 -1
    outer loop
      vertex 13.1611 44.8278 -7.6
      vertex 6.25642 49.3498 -7.6
      vertex 6.25567 49.3507 -7.6
    endloop
  endfacet
  facet normal 0 0 -1
    outer loop
      vertex 13.5307 44.6955 -7.6
      vertex 6.25567 49.3507 -7.6
      vertex 0.5 62.5 -7.6
    endloop
  endfacet
  facet normal 0 0 -1
    outer loop
      vertex 0.5 62.5 -7.6
      vertex 6.25567 49.3507 -7.6
      vertex 6.25485 49.3514 -7.6
    endloop
  endfacet
  facet normal 0 0 -1
    outer loop
      vertex 0.5 62.5 -7.6
      vertex 6.25485 49.3514 -7.6
      vertex 6.02371 49.5609 -7.6
    endloop
  endfacet
  facet normal 0 0 -1
    outer loop
      vertex 0.5 62.5 -7.6
      vertex 6.02371 49.5609 -7.6
      vertex 5.77316 49.7467 -7.6
    endloop
  endfacet
  facet normal 0 0 -1
    outer loop
      vertex 0.5 62.5 -7.6
      vertex 5.77316 49.7467 -7.6
      vertex 5.77227 49.7474 -7.6
    endloop
  endfacet
  facet normal 0 0 -1
    outer loop
      vertex 0.5 62.5 -7.6
      vertex 5.77227 49.7474 -7.6
      vertex 5.77131 49.748 -7.6
    endloop
  endfacet
  facet normal 0 0 -1
    outer loop
      vertex 0.5 62.5 -7.6
      vertex 5.77131 49.748 -7.6
      vertex 5.50375 49.9083 -7.6
    endloop
  endfacet
  facet normal 0 0 -1
    outer loop
      vertex 0.5 62.5 -7.6
      vertex 5.50375 49.9083 -7.6
      vertex 5.22177 50.0417 -7.6
    endloop
  endfacet
  facet normal 0 0 -1
    outer loop
      vertex 0.5 62.5 -7.6
      vertex 5.22177 50.0417 -7.6
      vertex 5.22076 50.0422 -7.6
    endloop
  endfacet
  facet normal 0 0 -1
    outer loop
      vertex 0.5 62.5 -7.6
      vertex 5.22076 50.0422 -7.6
      vertex 4.92705 50.1473 -7.6
    endloop
  endfacet
  facet normal 0 0 -1
    outer loop
      vertex 0.5 62.5 -7.6
      vertex 4.92705 50.1473 -7.6
      vertex 4.92601 50.1476 -7.6
    endloop
  endfacet
  facet normal 0 0 -1
    outer loop
      vertex 0.5 62.5 -7.6
      vertex 4.92601 50.1476 -7.6
      vertex 4.62342 50.2234 -7.6
    endloop
  endfacet
  facet normal 0 0 -1
    outer loop
      vertex 0.5 62.5 -7.6
      vertex 4.62342 50.2234 -7.6
      vertex 4.62234 50.2237 -7.6
    endloop
  endfacet
  facet normal 0 0 -1
    outer loop
      vertex 0.5 62.5 -7.6
      vertex 4.62234 50.2237 -7.6
      vertex 4.62124 50.2239 -7.6
    endloop
  endfacet
  facet normal 0 0 -1
    outer loop
      vertex 0.5 62.5 -7.6
      vertex 4.62124 50.2239 -7.6
      vertex 4.31267 50.2696 -7.6
    endloop
  endfacet
  facet normal 0 0 -1
    outer loop
      vertex 0.5 62.5 -7.6
      vertex 4.31267 50.2696 -7.6
      vertex 4.31156 50.2697 -7.6
    endloop
  endfacet
  facet normal 0 0 -1
    outer loop
      vertex 0.5 62.5 -7.6
      vertex 4.31156 50.2697 -7.6
      vertex 4 50.285 -7.6
    endloop
  endfacet
  facet normal 0 0 -1
    outer loop
      vertex 0.5 62.5 -7.6
      vertex 4 50.285 -7.6
      vertex 3.68844 50.2697 -7.6
    endloop
  endfacet
  facet normal 0 0 -1
    outer loop
      vertex 0.5 62.5 -7.6
      vertex 3.68844 50.2697 -7.6
      vertex 3.68733 50.2696 -7.6
    endloop
  endfacet
  facet normal 0 0 -1
    outer loop
      vertex -2.5 59.5 -7.6
      vertex 3.68733 50.2696 -7.6
      vertex 3.37876 50.2239 -7.6
    endloop
  endfacet
  facet normal 0 0 -1
    outer loop
      vertex -2.5 59.5 -7.6
      vertex 3.37876 50.2239 -7.6
      vertex 3.37766 50.2237 -7.6
    endloop
  endfacet
  facet normal 0 0 -1
    outer loop
      vertex -2.5 59.5 -7.6
      vertex 3.37658 50.2234 -7.6
      vertex 3.07399 50.1476 -7.6
    endloop
  endfacet
  facet normal 0 0 -1
    outer loop
      vertex -2.5 59.5 -7.6
      vertex 3.07295 50.1473 -7.6
      vertex 2.77924 50.0422 -7.6
    endloop
  endfacet
  facet normal 0 0 -1
    outer loop
      vertex -2.5 59.5 -7.6
      vertex 2.77823 50.0417 -7.6
      vertex 2.49625 49.9083 -7.6
    endloop
  endfacet
  facet normal 0 0 -1
    outer loop
      vertex -2.5 59.5 -7.6
      vertex 1.34827 48.8682 -7.6
      vertex 1.34761 48.8673 -7.6
    endloop
  endfacet
  facet normal 0 0 -1
    outer loop
      vertex -2.5 59.5 -7.6
      vertex 0.947736 48.0221 -7.6
      vertex 0.947361 48.021 -7.6
    endloop
  endfacet
  facet normal 0 0 -1
    outer loop
      vertex -2.5 59.5 -7.6
      vertex 0.871132 47.7162 -7.6
      vertex 0.825362 47.4077 -7.6
    endloop
  endfacet
  facet normal 0 0 -1
    outer loop
      vertex 14.2223 44.3259 -7.6
      vertex 0.5 62.5 -7.6
      vertex 69.5 62.5 -7.6
    endloop
  endfacet
  facet normal 0 0 -1
    outer loop
      vertex 3.37658 50.2234 -7.6
      vertex -2.5 59.5 -7.6
      vertex 3.37766 50.2237 -7.6
    endloop
  endfacet
  facet normal 0 0 -1
    outer loop
      vertex 3.07295 50.1473 -7.6
      vertex -2.5 59.5 -7.6
      vertex 3.07399 50.1476 -7.6
    endloop
  endfacet
  facet normal 0 0 -1
    outer loop
      vertex 2.77823 50.0417 -7.6
      vertex -2.5 59.5 -7.6
      vertex 2.77924 50.0422 -7.6
    endloop
  endfacet
  facet normal 0 0 -1
    outer loop
      vertex -2.5 59.5 -7.6
      vertex 2.49625 49.9083 -7.6
      vertex 2.22869 49.748 -7.6
    endloop
  endfacet
  facet normal 0 0 -1
    outer loop
      vertex -2.5 59.5 -7.6
      vertex 2.22869 49.748 -7.6
      vertex 2.22773 49.7474 -7.6
    endloop
  endfacet
  facet normal 0 0 -1
    outer loop
      vertex -2.5 59.5 -7.6
      vertex 2.22773 49.7474 -7.6
      vertex 2.22684 49.7467 -7.6
    endloop
  endfacet
  facet normal 0 0 -1
    outer loop
      vertex -2.5 59.5 -7.6
      vertex 2.22684 49.7467 -7.6
      vertex 1.97629 49.5609 -7.6
    endloop
  endfacet
  facet normal 0 0 -1
    outer loop
      vertex -2.5 59.5 -7.6
      vertex 1.97629 49.5609 -7.6
      vertex 1.74515 49.3514 -7.6
    endloop
  endfacet
  facet normal 0 0 -1
    outer loop
      vertex -2.5 59.5 -7.6
      vertex 1.74515 49.3514 -7.6
      vertex 1.74433 49.3507 -7.6
    endloop
  endfacet
  facet normal 0 0 -1
    outer loop
      vertex -2.5 59.5 -7.6
      vertex 1.74433 49.3507 -7.6
      vertex 1.74358 49.3498 -7.6
    endloop
  endfacet
  facet normal 0 0 -1
    outer loop
      vertex -2.5 59.5 -7.6
      vertex 1.74358 49.3498 -7.6
      vertex 1.5341 49.1187 -7.6
    endloop
  endfacet
  facet normal 0 0 -1
    outer loop
      vertex 1.34827 48.8682 -7.6
      vertex -2.5 59.5 -7.6
      vertex 1.5341 49.1187 -7.6
    endloop
  endfacet
  facet normal 0 0 -1
    outer loop
      vertex -2.5 59.5 -7.6
      vertex 1.34761 48.8673 -7.6
      vertex 1.34704 48.8663 -7.6
    endloop
  endfacet
  facet normal 0 0 -1
    outer loop
      vertex -2.5 59.5 -7.6
      vertex 1.34704 48.8663 -7.6
      vertex 1.18667 48.5988 -7.6
    endloop
  endfacet
  facet normal 0 0 -1
    outer loop
      vertex -2.5 59.5 -7.6
      vertex 1.18667 48.5988 -7.6
      vertex 1.0533 48.3168 -7.6
    endloop
  endfacet
  facet normal 0 0 -1
    outer loop
      vertex -2.5 59.5 -7.6
      vertex 1.0533 48.3168 -7.6
      vertex 1.05282 48.3158 -7.6
    endloop
  endfacet
  facet normal 0 0 -1
    outer loop
      vertex 0.947736 48.0221 -7.6
      vertex -2.5 59.5 -7.6
      vertex 1.05282 48.3158 -7.6
    endloop
  endfacet
  facet normal 0 0 -1
    outer loop
      vertex -2.5 59.5 -7.6
      vertex 0.947361 48.021 -7.6
      vertex 0.871566 47.7184 -7.6
    endloop
  endfacet
  facet normal 0 0 -1
    outer loop
      vertex -2.5 59.5 -7.6
      vertex 0.871566 47.7184 -7.6
      vertex 0.871295 47.7173 -7.6
    endloop
  endfacet
  facet normal 0 0 -1
    outer loop
      vertex 0.871132 47.7162 -7.6
      vertex -2.5 59.5 -7.6
      vertex 0.871295 47.7173 -7.6
    endloop
  endfacet
  facet normal 0 0 -1
    outer loop
      vertex -2.5 59.5 -7.6
      vertex 0.825362 47.4077 -7.6
      vertex 0.825307 47.4066 -7.6
    endloop
  endfacet
  facet normal 0 0 -1
    outer loop
      vertex -2.5 59.5 -7.6
      vertex 0.825307 47.4066 -7.6
      vertex 0.81 47.095 -7.6
    endloop
  endfacet
  facet normal 0 0 -1
    outer loop
      vertex 0.825362 46.7823 -7.6
      vertex -2.5 59.5 -7.6
      vertex 0.825307 46.7834 -7.6
    endloop
  endfacet
  facet normal 0 0 -1
    outer loop
      vertex -2.5 0.5 -7.6
      vertex 0.5 -2.5 -7.6
      vertex 0.205948 -2.48555 -7.6
    endloop
  endfacet
  facet normal 0 0 -1
    outer loop
      vertex 0.825307 46.7834 -7.6
      vertex -2.5 59.5 -7.6
      vertex 0.81 47.095 -7.6
    endloop
  endfacet
  facet normal 0 0 -1
    outer loop
      vertex -2.5 0.5 -7.6
      vertex 0.205948 -2.48555 -7.6
      vertex -0.0852709 -2.44236 -7.6
    endloop
  endfacet
  facet normal 0 0 -1
    outer loop
      vertex 3.68733 50.2696 -7.6
      vertex -2.5 59.5 -7.6
      vertex 0.5 62.5 -7.6
    endloop
  endfacet
  facet normal 0 0 -1
    outer loop
      vertex -2.5 0.5 -7.6
      vertex -0.0852709 -2.44236 -7.6
      vertex -0.370853 -2.37082 -7.6
    endloop
  endfacet
  facet normal 0 0 -1
    outer loop
      vertex 0.5 62.5 -7.6
      vertex -2.5 59.5 -7.6
      vertex 0.205948 62.4856 -7.6
    endloop
  endfacet
  facet normal 0 0 -1
    outer loop
      vertex -2.5 0.5 -7.6
      vertex -0.370853 -2.37082 -7.6
      vertex -0.648049 -2.27164 -7.6
    endloop
  endfacet
  facet normal 0 0 -1
    outer loop
      vertex 0.205948 62.4856 -7.6
      vertex -2.5 59.5 -7.6
      vertex -0.0852709 62.4424 -7.6
    endloop
  endfacet
  facet normal 0 0 -1
    outer loop
      vertex -2.5 0.5 -7.6
      vertex -0.648049 -2.27164 -7.6
      vertex -0.914189 -2.14576 -7.6
    endloop
  endfacet
  facet normal 0 0 -1
    outer loop
      vertex -0.0852709 62.4424 -7.6
      vertex -2.5 59.5 -7.6
      vertex -0.370853 62.3708 -7.6
    endloop
  endfacet
  facet normal 0 0 -1
    outer loop
      vertex -2.5 0.5 -7.6
      vertex -0.914189 -2.14576 -7.6
      vertex -1.16671 -1.99441 -7.6
    endloop
  endfacet
  facet normal 0 0 -1
    outer loop
      vertex -0.370853 62.3708 -7.6
      vertex -2.5 59.5 -7.6
      vertex -0.648049 62.2716 -7.6
    endloop
  endfacet
  facet normal 0 0 -1
    outer loop
      vertex -2.5 0.5 -7.6
      vertex -1.16671 -1.99441 -7.6
      vertex -1.40318 -1.81903 -7.6
    endloop
  endfacet
  facet normal 0 0 -1
    outer loop
      vertex -0.648049 62.2716 -7.6
      vertex -2.5 59.5 -7.6
      vertex -0.914189 62.1458 -7.6
    endloop
  endfacet
  facet normal 0 0 -1
    outer loop
      vertex -2.5 0.5 -7.6
      vertex -1.40318 -1.81903 -7.6
      vertex -1.62132 -1.62132 -7.6
    endloop
  endfacet
  facet normal 0 0 -1
    outer loop
      vertex -0.914189 62.1458 -7.6
      vertex -2.5 59.5 -7.6
      vertex -1.16671 61.9944 -7.6
    endloop
  endfacet
  facet normal 0 0 -1
    outer loop
      vertex -2.5 0.5 -7.6
      vertex -1.62132 -1.62132 -7.6
      vertex -1.81903 -1.40318 -7.6
    endloop
  endfacet
  facet normal 0 0 -1
    outer loop
      vertex -1.16671 61.9944 -7.6
      vertex -2.5 59.5 -7.6
      vertex -1.40318 61.819 -7.6
    endloop
  endfacet
  facet normal 0 0 -1
    outer loop
      vertex -2.5 0.5 -7.6
      vertex -1.81903 -1.40318 -7.6
      vertex -1.99441 -1.16671 -7.6
    endloop
  endfacet
  facet normal 0 0 -1
    outer loop
      vertex -1.40318 61.819 -7.6
      vertex -2.5 59.5 -7.6
      vertex -1.62132 61.6213 -7.6
    endloop
  endfacet
  facet normal 0 0 -1
    outer loop
      vertex -2.5 0.5 -7.6
      vertex -1.99441 -1.16671 -7.6
      vertex -2.14576 -0.914189 -7.6
    endloop
  endfacet
  facet normal 0 0 -1
    outer loop
      vertex -1.62132 61.6213 -7.6
      vertex -2.5 59.5 -7.6
      vertex -1.81903 61.4032 -7.6
    endloop
  endfacet
  facet normal 0 0 -1
    outer loop
      vertex -2.5 0.5 -7.6
      vertex -2.14576 -0.914189 -7.6
      vertex -2.27164 -0.648049 -7.6
    endloop
  endfacet
  facet normal 0 0 -1
    outer loop
      vertex -1.81903 61.4032 -7.6
      vertex -2.5 59.5 -7.6
      vertex -1.99441 61.1667 -7.6
    endloop
  endfacet
  facet normal 0 0 -1
    outer loop
      vertex -2.5 0.5 -7.6
      vertex -2.27164 -0.648049 -7.6
      vertex -2.37082 -0.370853 -7.6
    endloop
  endfacet
  facet normal 0 0 -1
    outer loop
      vertex -1.99441 61.1667 -7.6
      vertex -2.5 59.5 -7.6
      vertex -2.14576 60.9142 -7.6
    endloop
  endfacet
  facet normal 0 0 -1
    outer loop
      vertex -2.5 0.5 -7.6
      vertex -2.37082 -0.370853 -7.6
      vertex -2.44236 -0.0852709 -7.6
    endloop
  endfacet
  facet normal 0 0 -1
    outer loop
      vertex -2.14576 60.9142 -7.6
      vertex -2.5 59.5 -7.6
      vertex -2.27164 60.648 -7.6
    endloop
  endfacet
  facet normal 0 0 -1
    outer loop
      vertex -2.5 0.5 -7.6
      vertex -2.44236 -0.0852709 -7.6
      vertex -2.48555 0.205948 -7.6
    endloop
  endfacet
  facet normal 0 0 -1
    outer loop
      vertex -2.27164 60.648 -7.6
      vertex -2.5 59.5 -7.6
      vertex -2.37082 60.3709 -7.6
    endloop
  endfacet
  facet normal 0 0 -1
    outer loop
      vertex -2.37082 60.3709 -7.6
      vertex -2.5 59.5 -7.6
      vertex -2.44236 60.0853 -7.6
    endloop
  endfacet
  facet normal 0 0 -1
    outer loop
      vertex -2.44236 60.0853 -7.6
      vertex -2.5 59.5 -7.6
      vertex -2.48555 59.7941 -7.6
    endloop
  endfacet
  facet normal -0.989181 -0.146703 0
    outer loop
      vertex -2.44236 -0.0852709 -7.6
      vertex -2.48555 0.205948 6
      vertex -2.48555 0.205948 -7.6
    endloop
  endfacet
  facet normal -0.989181 -0.146703 0
    outer loop
      vertex -2.48555 0.205948 6
      vertex -2.44236 -0.0852709 -7.6
      vertex -2.44236 -0.0852709 6
    endloop
  endfacet
  facet normal 0.336939 0.941527 -0
    outer loop
      vertex 70.648 62.2716 -7.6
      vertex 70.3708 62.3708 6
      vertex 70.648 62.2716 6
    endloop
  endfacet
  facet normal 0.336939 0.941527 0
    outer loop
      vertex 70.3708 62.3708 6
      vertex 70.648 62.2716 -7.6
      vertex 70.3708 62.3708 -7.6
    endloop
  endfacet
  facet normal 0.989224 0.146413 0
    outer loop
      vertex 72.4855 59.7941 6
      vertex 72.4424 60.0853 -7.6
      vertex 72.4424 60.0853 6
    endloop
  endfacet
  facet normal 0.989224 0.146413 0
    outer loop
      vertex 72.4424 60.0853 -7.6
      vertex 72.4855 59.7941 6
      vertex 72.4855 59.7941 -7.6
    endloop
  endfacet
  facet normal 0.857662 -0.514215 0
    outer loop
      vertex 71.9944 -1.16671 6
      vertex 72.1458 -0.914189 -7.6
      vertex 72.1458 -0.914189 6
    endloop
  endfacet
  facet normal 0.857662 -0.514215 0
    outer loop
      vertex 72.1458 -0.914189 -7.6
      vertex 71.9944 -1.16671 6
      vertex 71.9944 -1.16671 -7.6
    endloop
  endfacet
  facet normal 0.969979 -0.243189 0
    outer loop
      vertex 72.3708 -0.370853 6
      vertex 72.4424 -0.0852709 -7.6
      vertex 72.4424 -0.0852709 6
    endloop
  endfacet
  facet normal 0.969979 -0.243189 0
    outer loop
      vertex 72.4424 -0.0852709 -7.6
      vertex 72.3708 -0.370853 6
      vertex 72.3708 -0.370853 -7.6
    endloop
  endfacet
  facet normal 0.941525 -0.336943 0
    outer loop
      vertex 72.2716 -0.648049 6
      vertex 72.3708 -0.370853 -7.6
      vertex 72.3708 -0.370853 6
    endloop
  endfacet
  facet normal 0.941525 -0.336943 0
    outer loop
      vertex 72.3708 -0.370853 -7.6
      vertex 72.2716 -0.648049 6
      vertex 72.2716 -0.648049 -7.6
    endloop
  endfacet
  facet normal -0.51409 -0.857736 0
    outer loop
      vertex -1.16671 -1.99441 -7.6
      vertex -0.914189 -2.14576 6
      vertex -1.16671 -1.99441 6
    endloop
  endfacet
  facet normal -0.51409 -0.857736 -0
    outer loop
      vertex -0.914189 -2.14576 6
      vertex -1.16671 -1.99441 -7.6
      vertex -0.914189 -2.14576 -7.6
    endloop
  endfacet
  facet normal -0.242997 -0.970027 0
    outer loop
      vertex -0.370853 -2.37082 -7.6
      vertex -0.0852709 -2.44236 6
      vertex -0.370853 -2.37082 6
    endloop
  endfacet
  facet normal -0.242997 -0.970027 -0
    outer loop
      vertex -0.0852709 -2.44236 6
      vertex -0.370853 -2.37082 -7.6
      vertex -0.0852709 -2.44236 -7.6
    endloop
  endfacet
  facet normal -0.336883 -0.941547 0
    outer loop
      vertex -0.648049 -2.27164 -7.6
      vertex -0.370853 -2.37082 6
      vertex -0.648049 -2.27164 6
    endloop
  endfacet
  facet normal -0.336883 -0.941547 -0
    outer loop
      vertex -0.370853 -2.37082 6
      vertex -0.648049 -2.27164 -7.6
      vertex -0.370853 -2.37082 -7.6
    endloop
  endfacet
  facet normal 0.336879 -0.941548 0
    outer loop
      vertex 70.3708 -2.37082 -7.6
      vertex 70.648 -2.27164 6
      vertex 70.3708 -2.37082 6
    endloop
  endfacet
  facet normal 0.336879 -0.941548 0
    outer loop
      vertex 70.648 -2.27164 6
      vertex 70.3708 -2.37082 -7.6
      vertex 70.648 -2.27164 -7.6
    endloop
  endfacet
  facet normal 0.427491 -0.90402 0
    outer loop
      vertex 70.648 -2.27164 -7.6
      vertex 70.9142 -2.14576 6
      vertex 70.648 -2.27164 6
    endloop
  endfacet
  facet normal 0.427491 -0.90402 0
    outer loop
      vertex 70.9142 -2.14576 6
      vertex 70.648 -2.27164 -7.6
      vertex 70.9142 -2.14576 -7.6
    endloop
  endfacet
  facet normal -0.970031 0.242983 0
    outer loop
      vertex -2.44236 60.0853 -7.6
      vertex -2.37082 60.3709 6
      vertex -2.37082 60.3709 -7.6
    endloop
  endfacet
  facet normal -0.970031 0.242983 0
    outer loop
      vertex -2.37082 60.3709 6
      vertex -2.44236 60.0853 -7.6
      vertex -2.44236 60.0853 6
    endloop
  endfacet
  facet normal -0.90402 0.427491 0
    outer loop
      vertex -2.27164 60.648 -7.6
      vertex -2.14576 60.9142 6
      vertex -2.14576 60.9142 -7.6
    endloop
  endfacet
  facet normal -0.90402 0.427491 0
    outer loop
      vertex -2.14576 60.9142 6
      vertex -2.27164 60.648 -7.6
      vertex -2.27164 60.648 6
    endloop
  endfacet
  facet normal -0.989179 0.146712 0
    outer loop
      vertex -2.48555 59.7941 -7.6
      vertex -2.44236 60.0853 6
      vertex -2.44236 60.0853 -7.6
    endloop
  endfacet
  facet normal -0.989179 0.146712 0
    outer loop
      vertex -2.44236 60.0853 6
      vertex -2.48555 59.7941 -7.6
      vertex -2.48555 59.7941 6
    endloop
  endfacet
  facet normal -0.803241 0.595655 0
    outer loop
      vertex -1.99441 61.1667 -7.6
      vertex -1.81903 61.4032 6
      vertex -1.81903 61.4032 -7.6
    endloop
  endfacet
  facet normal -0.803241 0.595655 0
    outer loop
      vertex -1.81903 61.4032 6
      vertex -1.99441 61.1667 -7.6
      vertex -1.99441 61.1667 6
    endloop
  endfacet
  facet normal -0.857736 -0.51409 0
    outer loop
      vertex -1.99441 -1.16671 -7.6
      vertex -2.14576 -0.914189 6
      vertex -2.14576 -0.914189 -7.6
    endloop
  endfacet
  facet normal -0.857736 -0.51409 0
    outer loop
      vertex -2.14576 -0.914189 6
      vertex -1.99441 -1.16671 -7.6
      vertex -1.99441 -1.16671 6
    endloop
  endfacet
  facet normal -0.903983 -0.427569 0
    outer loop
      vertex -2.14576 -0.914189 -7.6
      vertex -2.27164 -0.648049 6
      vertex -2.27164 -0.648049 -7.6
    endloop
  endfacet
  facet normal -0.903983 -0.427569 0
    outer loop
      vertex -2.27164 -0.648049 6
      vertex -2.14576 -0.914189 -7.6
      vertex -2.14576 -0.914189 6
    endloop
  endfacet
  facet normal 0.243255 0.969962 -0
    outer loop
      vertex 70.3708 62.3708 -7.6
      vertex 70.0853 62.4424 6
      vertex 70.3708 62.3708 6
    endloop
  endfacet
  facet normal 0.243255 0.969962 0
    outer loop
      vertex 70.0853 62.4424 6
      vertex 70.3708 62.3708 -7.6
      vertex 70.0853 62.4424 -7.6
    endloop
  endfacet
  facet normal 0.595699 0.803208 -0
    outer loop
      vertex 71.4032 61.819 -7.6
      vertex 71.1667 61.9944 6
      vertex 71.4032 61.819 6
    endloop
  endfacet
  facet normal 0.595699 0.803208 0
    outer loop
      vertex 71.1667 61.9944 6
      vertex 71.4032 61.819 -7.6
      vertex 71.1667 61.9944 -7.6
    endloop
  endfacet
  facet normal 0.671607 0.740908 -0
    outer loop
      vertex 71.6213 61.6213 -7.6
      vertex 71.4032 61.819 6
      vertex 71.6213 61.6213 6
    endloop
  endfacet
  facet normal 0.671607 0.740908 0
    outer loop
      vertex 71.4032 61.819 6
      vertex 71.6213 61.6213 -7.6
      vertex 71.4032 61.819 -7.6
    endloop
  endfacet
  facet normal 0.514246 0.857643 -0
    outer loop
      vertex 71.1667 61.9944 -7.6
      vertex 70.9142 62.1458 6
      vertex 71.1667 61.9944 6
    endloop
  endfacet
  facet normal 0.514246 0.857643 0
    outer loop
      vertex 70.9142 62.1458 6
      vertex 71.1667 61.9944 -7.6
      vertex 70.9142 62.1458 -7.6
    endloop
  endfacet
  facet normal 0.740908 0.671607 0
    outer loop
      vertex 71.819 61.4032 6
      vertex 71.6213 61.6213 -7.6
      vertex 71.6213 61.6213 6
    endloop
  endfacet
  facet normal 0.740908 0.671607 0
    outer loop
      vertex 71.6213 61.6213 -7.6
      vertex 71.819 61.4032 6
      vertex 71.819 61.4032 -7.6
    endloop
  endfacet
  facet normal 0.904125 0.427269 0
    outer loop
      vertex 72.2716 60.648 6
      vertex 72.1458 60.9142 -7.6
      vertex 72.1458 60.9142 6
    endloop
  endfacet
  facet normal 0.904125 0.427269 0
    outer loop
      vertex 72.1458 60.9142 -7.6
      vertex 72.2716 60.648 6
      vertex 72.2716 60.648 -7.6
    endloop
  endfacet
  facet normal 0.857643 0.514246 0
    outer loop
      vertex 72.1458 60.9142 6
      vertex 71.9944 61.1667 -7.6
      vertex 71.9944 61.1667 6
    endloop
  endfacet
  facet normal 0.857643 0.514246 0
    outer loop
      vertex 71.9944 61.1667 -7.6
      vertex 72.1458 60.9142 6
      vertex 72.1458 60.9142 -7.6
    endloop
  endfacet
  facet normal -0.595747 0.803172 0
    outer loop
      vertex -1.16671 61.9944 -7.6
      vertex -1.40318 61.819 6
      vertex -1.16671 61.9944 6
    endloop
  endfacet
  facet normal -0.595747 0.803172 0
    outer loop
      vertex -1.40318 61.819 6
      vertex -1.16671 61.9944 -7.6
      vertex -1.40318 61.819 -7.6
    endloop
  endfacet
  facet normal -0.0489123 0.998803 0
    outer loop
      vertex 0.5 62.5 -7.6
      vertex 0.205948 62.4856 6
      vertex 0.5 62.5 6
    endloop
  endfacet
  facet normal -0.0489123 0.998803 0
    outer loop
      vertex 0.205948 62.4856 6
      vertex 0.5 62.5 -7.6
      vertex 0.205948 62.4856 -7.6
    endloop
  endfacet
  facet normal -0.243189 0.969979 0
    outer loop
      vertex -0.0852709 62.4424 -7.6
      vertex -0.370853 62.3708 6
      vertex -0.0852709 62.4424 6
    endloop
  endfacet
  facet normal -0.243189 0.969979 0
    outer loop
      vertex -0.370853 62.3708 6
      vertex -0.0852709 62.4424 -7.6
      vertex -0.370853 62.3708 -7.6
    endloop
  endfacet
  facet normal -0.146736 0.989176 0
    outer loop
      vertex 0.205948 62.4856 -7.6
      vertex -0.0852709 62.4424 6
      vertex 0.205948 62.4856 6
    endloop
  endfacet
  facet normal -0.146736 0.989176 0
    outer loop
      vertex -0.0852709 62.4424 6
      vertex 0.205948 62.4856 -7.6
      vertex -0.0852709 62.4424 -7.6
    endloop
  endfacet
  facet normal -0.514215 0.857662 0
    outer loop
      vertex -0.914189 62.1458 -7.6
      vertex -1.16671 61.9944 6
      vertex -0.914189 62.1458 6
    endloop
  endfacet
  facet normal -0.514215 0.857662 0
    outer loop
      vertex -1.16671 61.9944 6
      vertex -0.914189 62.1458 -7.6
      vertex -1.16671 61.9944 -7.6
    endloop
  endfacet
  facet normal -0.427347 0.904088 0
    outer loop
      vertex -0.648049 62.2716 -7.6
      vertex -0.914189 62.1458 6
      vertex -0.648049 62.2716 6
    endloop
  endfacet
  facet normal -0.427347 0.904088 0
    outer loop
      vertex -0.914189 62.1458 6
      vertex -0.648049 62.2716 -7.6
      vertex -0.914189 62.1458 -7.6
    endloop
  endfacet
  facet normal 0.989225 -0.146404 0
    outer loop
      vertex 72.4424 -0.0852709 6
      vertex 72.4855 0.205948 -7.6
      vertex 72.4855 0.205948 6
    endloop
  endfacet
  facet normal 0.989225 -0.146404 0
    outer loop
      vertex 72.4855 0.205948 -7.6
      vertex 72.4424 -0.0852709 6
      vertex 72.4424 -0.0852709 -7.6
    endloop
  endfacet
  facet normal -0.595703 -0.803204 0
    outer loop
      vertex -1.40318 -1.81903 -7.6
      vertex -1.16671 -1.99441 6
      vertex -1.40318 -1.81903 6
    endloop
  endfacet
  facet normal -0.595703 -0.803204 -0
    outer loop
      vertex -1.16671 -1.99441 6
      vertex -1.40318 -1.81903 -7.6
      vertex -1.16671 -1.99441 -7.6
    endloop
  endfacet
  facet normal -0.146703 -0.989181 0
    outer loop
      vertex -0.0852709 -2.44236 -7.6
      vertex 0.205948 -2.48555 6
      vertex -0.0852709 -2.44236 6
    endloop
  endfacet
  facet normal -0.146703 -0.989181 -0
    outer loop
      vertex 0.205948 -2.48555 6
      vertex -0.0852709 -2.44236 -7.6
      vertex 0.205948 -2.48555 -7.6
    endloop
  endfacet
  facet normal 0.595655 -0.803241 0
    outer loop
      vertex 71.1667 -1.99441 -7.6
      vertex 71.4032 -1.81903 6
      vertex 71.1667 -1.99441 6
    endloop
  endfacet
  facet normal 0.595655 -0.803241 0
    outer loop
      vertex 71.4032 -1.81903 6
      vertex 71.1667 -1.99441 -7.6
      vertex 71.4032 -1.81903 -7.6
    endloop
  endfacet
  facet normal 0.243063 -0.97001 0
    outer loop
      vertex 70.0853 -2.44236 -7.6
      vertex 70.3708 -2.37082 6
      vertex 70.0853 -2.44236 6
    endloop
  endfacet
  facet normal 0.243063 -0.97001 0
    outer loop
      vertex 70.3708 -2.37082 6
      vertex 70.0853 -2.44236 -7.6
      vertex 70.3708 -2.37082 -7.6
    endloop
  endfacet
  facet normal -0.970027 -0.242997 0
    outer loop
      vertex -2.37082 -0.370853 -7.6
      vertex -2.44236 -0.0852709 6
      vertex -2.44236 -0.0852709 -7.6
    endloop
  endfacet
  facet normal -0.970027 -0.242997 0
    outer loop
      vertex -2.44236 -0.0852709 6
      vertex -2.37082 -0.370853 -7.6
      vertex -2.37082 -0.370853 6
    endloop
  endfacet
  facet normal 0.146746 0.989174 -0
    outer loop
      vertex 70.0853 62.4424 -7.6
      vertex 69.7941 62.4856 6
      vertex 70.0853 62.4424 6
    endloop
  endfacet
  facet normal 0.146746 0.989174 0
    outer loop
      vertex 69.7941 62.4856 6
      vertex 70.0853 62.4424 -7.6
      vertex 69.7941 62.4856 -7.6
    endloop
  endfacet
  facet normal 0.803208 0.595699 0
    outer loop
      vertex 71.9944 61.1667 6
      vertex 71.819 61.4032 -7.6
      vertex 71.819 61.4032 6
    endloop
  endfacet
  facet normal 0.803208 0.595699 0
    outer loop
      vertex 71.819 61.4032 -7.6
      vertex 71.9944 61.1667 6
      vertex 71.9944 61.1667 -7.6
    endloop
  endfacet
  facet normal 0.941488 0.337047 0
    outer loop
      vertex 72.3708 60.3709 6
      vertex 72.2716 60.648 -7.6
      vertex 72.2716 60.648 6
    endloop
  endfacet
  facet normal 0.941488 0.337047 0
    outer loop
      vertex 72.2716 60.648 -7.6
      vertex 72.3708 60.3709 6
      vertex 72.3708 60.3709 -7.6
    endloop
  endfacet
  facet normal -0.336943 0.941525 0
    outer loop
      vertex -0.370853 62.3708 -7.6
      vertex -0.648049 62.2716 6
      vertex -0.370853 62.3708 6
    endloop
  endfacet
  facet normal -0.336943 0.941525 0
    outer loop
      vertex -0.648049 62.2716 6
      vertex -0.370853 62.3708 -7.6
      vertex -0.648049 62.2716 -7.6
    endloop
  endfacet
  facet normal 0.0489044 0.998803 -0
    outer loop
      vertex 69.7941 62.4856 -7.6
      vertex 69.5 62.5 6
      vertex 69.7941 62.4856 6
    endloop
  endfacet
  facet normal 0.0489044 0.998803 0
    outer loop
      vertex 69.5 62.5 6
      vertex 69.7941 62.4856 -7.6
      vertex 69.5 62.5 -7.6
    endloop
  endfacet
  facet normal 0.998795 0.0490746 0
    outer loop
      vertex -0.495184 0.401982 6
      vertex -0.5 0.5 -5.6
      vertex -0.5 0.5 6
    endloop
  endfacet
  facet normal 0.998795 0.0490746 0
    outer loop
      vertex -0.5 0.5 -5.6
      vertex -0.495184 0.401982 6
      vertex -0.495184 0.401982 -5.6
    endloop
  endfacet
  facet normal 1 -0 0
    outer loop
      vertex -0.5 0.5 6
      vertex -0.5 59.5 -5.6
      vertex -0.5 59.5 6
    endloop
  endfacet
  facet normal 1 0 0
    outer loop
      vertex -0.5 59.5 -5.6
      vertex -0.5 0.5 6
      vertex -0.5 0.5 -5.6
    endloop
  endfacet
  facet normal 0 -1 0
    outer loop
      vertex 0.5 60.5 6
      vertex 13.9178 60.5 5.63734
      vertex 13.9 60.5 6
    endloop
  endfacet
  facet normal 0 -1 0
    outer loop
      vertex 0.5 60.5 6
      vertex 13.9711 60.5 5.27816
      vertex 13.9178 60.5 5.63734
    endloop
  endfacet
  facet normal 0 -1 0
    outer loop
      vertex 0.5 60.5 6
      vertex 14.0593 60.5 4.92595
      vertex 13.9711 60.5 5.27816
    endloop
  endfacet
  facet normal 0 -1 0
    outer loop
      vertex 0.5 60.5 6
      vertex 14.1816 60.5 4.58407
      vertex 14.0593 60.5 4.92595
    endloop
  endfacet
  facet normal 0 -1 0
    outer loop
      vertex 0.5 60.5 6
      vertex 14.3369 60.5 4.25583
      vertex 14.1816 60.5 4.58407
    endloop
  endfacet
  facet normal 0 -1 0
    outer loop
      vertex 0.5 60.5 -5.6
      vertex 14.3369 60.5 4.25583
      vertex 0.5 60.5 6
    endloop
  endfacet
  facet normal 0 -1 -0
    outer loop
      vertex 14.3369 60.5 4.25583
      vertex 0.5 60.5 -5.6
      vertex 14.5236 60.5 3.94439
    endloop
  endfacet
  facet normal 0 -1 -0
    outer loop
      vertex 14.5236 60.5 3.94439
      vertex 0.5 60.5 -5.6
      vertex 14.7399 60.5 3.65274
    endloop
  endfacet
  facet normal 0 -1 -0
    outer loop
      vertex 14.7399 60.5 3.65274
      vertex 0.5 60.5 -5.6
      vertex 14.9837 60.5 3.3837
    endloop
  endfacet
  facet normal 0 -1 -0
    outer loop
      vertex 14.9837 60.5 3.3837
      vertex 0.5 60.5 -5.6
      vertex 15.2527 60.5 3.13986
    endloop
  endfacet
  facet normal 0 -1 -0
    outer loop
      vertex 15.2527 60.5 3.13986
      vertex 0.5 60.5 -5.6
      vertex 15.5444 60.5 2.92356
    endloop
  endfacet
  facet normal 0 -1 -0
    outer loop
      vertex 15.5444 60.5 2.92356
      vertex 0.5 60.5 -5.6
      vertex 15.8558 60.5 2.73689
    endloop
  endfacet
  facet normal 0 -1 -0
    outer loop
      vertex 15.8558 60.5 2.73689
      vertex 0.5 60.5 -5.6
      vertex 16.1841 60.5 2.58165
    endloop
  endfacet
  facet normal 0 -1 -0
    outer loop
      vertex 16.1841 60.5 2.58165
      vertex 0.5 60.5 -5.6
      vertex 16.5259 60.5 2.45932
    endloop
  endfacet
  facet normal 0 -1 0
    outer loop
      vertex 69.5 60.5 -5.6
      vertex 40.4373 60.5 2.31782
      vertex 0.5 60.5 -5.6
    endloop
  endfacet
  facet normal 0 -1 0
    outer loop
      vertex 40.4373 60.5 2.31782
      vertex 69.5 60.5 -5.6
      vertex 40.8 60.5 2.3
    endloop
  endfacet
  facet normal 0 -1 -0
    outer loop
      vertex 17.2373 60.5 2.31782
      vertex 0.5 60.5 -5.6
      vertex 17.6 60.5 2.3
    endloop
  endfacet
  facet normal 0 -1 -0
    outer loop
      vertex 16.8782 60.5 2.37109
      vertex 0.5 60.5 -5.6
      vertex 17.2373 60.5 2.31782
    endloop
  endfacet
  facet normal 0 -1 -0
    outer loop
      vertex 16.5259 60.5 2.45932
      vertex 0.5 60.5 -5.6
      vertex 16.8782 60.5 2.37109
    endloop
  endfacet
  facet normal 0 -1 0
    outer loop
      vertex 21.2822 60.5 5.63734
      vertex 37.1 60.5 6
      vertex 21.3 60.5 6
    endloop
  endfacet
  facet normal 0 -1 0
    outer loop
      vertex 21.2822 60.5 5.63734
      vertex 37.1178 60.5 5.63734
      vertex 37.1 60.5 6
    endloop
  endfacet
  facet normal 0 -1 0
    outer loop
      vertex 21.2289 60.5 5.27816
      vertex 37.1178 60.5 5.63734
      vertex 21.2822 60.5 5.63734
    endloop
  endfacet
  facet normal 0 -1 0
    outer loop
      vertex 21.2289 60.5 5.27816
      vertex 37.1711 60.5 5.27816
      vertex 37.1178 60.5 5.63734
    endloop
  endfacet
  facet normal 0 -1 0
    outer loop
      vertex 21.1407 60.5 4.92595
      vertex 37.1711 60.5 5.27816
      vertex 21.2289 60.5 5.27816
    endloop
  endfacet
  facet normal 0 -1 0
    outer loop
      vertex 21.1407 60.5 4.92595
      vertex 37.2593 60.5 4.92595
      vertex 37.1711 60.5 5.27816
    endloop
  endfacet
  facet normal 0 -1 0
    outer loop
      vertex 21.0184 60.5 4.58407
      vertex 37.2593 60.5 4.92595
      vertex 21.1407 60.5 4.92595
    endloop
  endfacet
  facet normal 0 -1 0
    outer loop
      vertex 21.0184 60.5 4.58407
      vertex 37.3816 60.5 4.58407
      vertex 37.2593 60.5 4.92595
    endloop
  endfacet
  facet normal 0 -1 0
    outer loop
      vertex 20.8631 60.5 4.25583
      vertex 37.3816 60.5 4.58407
      vertex 21.0184 60.5 4.58407
    endloop
  endfacet
  facet normal 0 -1 0
    outer loop
      vertex 20.8631 60.5 4.25583
      vertex 37.5369 60.5 4.25583
      vertex 37.3816 60.5 4.58407
    endloop
  endfacet
  facet normal 0 -1 0
    outer loop
      vertex 20.6764 60.5 3.94439
      vertex 37.5369 60.5 4.25583
      vertex 20.8631 60.5 4.25583
    endloop
  endfacet
  facet normal 0 -1 0
    outer loop
      vertex 20.6764 60.5 3.94439
      vertex 37.7236 60.5 3.94439
      vertex 37.5369 60.5 4.25583
    endloop
  endfacet
  facet normal 0 -1 0
    outer loop
      vertex 20.4601 60.5 3.65274
      vertex 37.7236 60.5 3.94439
      vertex 20.6764 60.5 3.94439
    endloop
  endfacet
  facet normal 0 -1 0
    outer loop
      vertex 20.4601 60.5 3.65274
      vertex 37.9399 60.5 3.65274
      vertex 37.7236 60.5 3.94439
    endloop
  endfacet
  facet normal 0 -1 0
    outer loop
      vertex 20.2163 60.5 3.3837
      vertex 37.9399 60.5 3.65274
      vertex 20.4601 60.5 3.65274
    endloop
  endfacet
  facet normal 0 -1 0
    outer loop
      vertex 20.2163 60.5 3.3837
      vertex 38.1837 60.5 3.3837
      vertex 37.9399 60.5 3.65274
    endloop
  endfacet
  facet normal 0 -1 0
    outer loop
      vertex 19.9473 60.5 3.13986
      vertex 38.1837 60.5 3.3837
      vertex 20.2163 60.5 3.3837
    endloop
  endfacet
  facet normal 0 -1 0
    outer loop
      vertex 19.9473 60.5 3.13986
      vertex 38.4527 60.5 3.13986
      vertex 38.1837 60.5 3.3837
    endloop
  endfacet
  facet normal 0 -1 0
    outer loop
      vertex 19.6556 60.5 2.92356
      vertex 38.4527 60.5 3.13986
      vertex 19.9473 60.5 3.13986
    endloop
  endfacet
  facet normal 0 -1 0
    outer loop
      vertex 19.6556 60.5 2.92356
      vertex 38.7444 60.5 2.92356
      vertex 38.4527 60.5 3.13986
    endloop
  endfacet
  facet normal 0 -1 0
    outer loop
      vertex 19.3442 60.5 2.73689
      vertex 38.7444 60.5 2.92356
      vertex 19.6556 60.5 2.92356
    endloop
  endfacet
  facet normal 0 -1 0
    outer loop
      vertex 19.3442 60.5 2.73689
      vertex 39.0558 60.5 2.73689
      vertex 38.7444 60.5 2.92356
    endloop
  endfacet
  facet normal 0 -1 0
    outer loop
      vertex 19.0159 60.5 2.58165
      vertex 39.0558 60.5 2.73689
      vertex 19.3442 60.5 2.73689
    endloop
  endfacet
  facet normal 0 -1 0
    outer loop
      vertex 19.0159 60.5 2.58165
      vertex 39.3841 60.5 2.58165
      vertex 39.0558 60.5 2.73689
    endloop
  endfacet
  facet normal 0 -1 0
    outer loop
      vertex 18.6741 60.5 2.45932
      vertex 39.3841 60.5 2.58165
      vertex 19.0159 60.5 2.58165
    endloop
  endfacet
  facet normal 0 -1 0
    outer loop
      vertex 18.6741 60.5 2.45932
      vertex 39.7259 60.5 2.45932
      vertex 39.3841 60.5 2.58165
    endloop
  endfacet
  facet normal 0 -1 0
    outer loop
      vertex 18.3218 60.5 2.37109
      vertex 39.7259 60.5 2.45932
      vertex 18.6741 60.5 2.45932
    endloop
  endfacet
  facet normal 0 -1 0
    outer loop
      vertex 18.3218 60.5 2.37109
      vertex 40.0782 60.5 2.37109
      vertex 39.7259 60.5 2.45932
    endloop
  endfacet
  facet normal 0 -1 0
    outer loop
      vertex 0.5 60.5 -5.6
      vertex 18.3218 60.5 2.37109
      vertex 17.9627 60.5 2.31782
    endloop
  endfacet
  facet normal 0 -1 -0
    outer loop
      vertex 18.3218 60.5 2.37109
      vertex 0.5 60.5 -5.6
      vertex 40.0782 60.5 2.37109
    endloop
  endfacet
  facet normal 0 -1 0
    outer loop
      vertex 0.5 60.5 -5.6
      vertex 17.9627 60.5 2.31782
      vertex 17.6 60.5 2.3
    endloop
  endfacet
  facet normal 0 -1 -0
    outer loop
      vertex 40.0782 60.5 2.37109
      vertex 0.5 60.5 -5.6
      vertex 40.4373 60.5 2.31782
    endloop
  endfacet
  facet normal 0 -1 0
    outer loop
      vertex 44.4822 60.5 5.63734
      vertex 60.3 60.5 6
      vertex 44.5 60.5 6
    endloop
  endfacet
  facet normal 0 -1 0
    outer loop
      vertex 44.4822 60.5 5.63734
      vertex 60.3178 60.5 5.63734
      vertex 60.3 60.5 6
    endloop
  endfacet
  facet normal 0 -1 0
    outer loop
      vertex 44.4289 60.5 5.27816
      vertex 60.3178 60.5 5.63734
      vertex 44.4822 60.5 5.63734
    endloop
  endfacet
  facet normal 0 -1 0
    outer loop
      vertex 44.4289 60.5 5.27816
      vertex 60.3711 60.5 5.27816
      vertex 60.3178 60.5 5.63734
    endloop
  endfacet
  facet normal 0 -1 0
    outer loop
      vertex 44.3407 60.5 4.92595
      vertex 60.3711 60.5 5.27816
      vertex 44.4289 60.5 5.27816
    endloop
  endfacet
  facet normal 0 -1 0
    outer loop
      vertex 44.3407 60.5 4.92595
      vertex 60.4593 60.5 4.92595
      vertex 60.3711 60.5 5.27816
    endloop
  endfacet
  facet normal 0 -1 0
    outer loop
      vertex 44.2184 60.5 4.58407
      vertex 60.4593 60.5 4.92595
      vertex 44.3407 60.5 4.92595
    endloop
  endfacet
  facet normal 0 -1 0
    outer loop
      vertex 44.2184 60.5 4.58407
      vertex 60.5816 60.5 4.58407
      vertex 60.4593 60.5 4.92595
    endloop
  endfacet
  facet normal 0 -1 0
    outer loop
      vertex 44.0631 60.5 4.25583
      vertex 60.5816 60.5 4.58407
      vertex 44.2184 60.5 4.58407
    endloop
  endfacet
  facet normal 0 -1 0
    outer loop
      vertex 44.0631 60.5 4.25583
      vertex 60.7369 60.5 4.25583
      vertex 60.5816 60.5 4.58407
    endloop
  endfacet
  facet normal 0 -1 0
    outer loop
      vertex 43.8764 60.5 3.94439
      vertex 60.7369 60.5 4.25583
      vertex 44.0631 60.5 4.25583
    endloop
  endfacet
  facet normal 0 -1 0
    outer loop
      vertex 43.8764 60.5 3.94439
      vertex 60.9236 60.5 3.94439
      vertex 60.7369 60.5 4.25583
    endloop
  endfacet
  facet normal 0 -1 0
    outer loop
      vertex 43.6601 60.5 3.65274
      vertex 60.9236 60.5 3.94439
      vertex 43.8764 60.5 3.94439
    endloop
  endfacet
  facet normal 0 -1 0
    outer loop
      vertex 43.6601 60.5 3.65274
      vertex 61.1399 60.5 3.65274
      vertex 60.9236 60.5 3.94439
    endloop
  endfacet
  facet normal 0 -1 0
    outer loop
      vertex 43.4163 60.5 3.3837
      vertex 61.1399 60.5 3.65274
      vertex 43.6601 60.5 3.65274
    endloop
  endfacet
  facet normal 0 -1 0
    outer loop
      vertex 43.4163 60.5 3.3837
      vertex 61.3837 60.5 3.3837
      vertex 61.1399 60.5 3.65274
    endloop
  endfacet
  facet normal 0 -1 0
    outer loop
      vertex 43.1473 60.5 3.13986
      vertex 61.3837 60.5 3.3837
      vertex 43.4163 60.5 3.3837
    endloop
  endfacet
  facet normal 0 -1 0
    outer loop
      vertex 43.1473 60.5 3.13986
      vertex 61.6527 60.5 3.13986
      vertex 61.3837 60.5 3.3837
    endloop
  endfacet
  facet normal 0 -1 0
    outer loop
      vertex 42.8556 60.5 2.92356
      vertex 61.6527 60.5 3.13986
      vertex 43.1473 60.5 3.13986
    endloop
  endfacet
  facet normal 0 -1 0
    outer loop
      vertex 42.8556 60.5 2.92356
      vertex 61.9444 60.5 2.92356
      vertex 61.6527 60.5 3.13986
    endloop
  endfacet
  facet normal 0 -1 0
    outer loop
      vertex 42.5442 60.5 2.73689
      vertex 61.9444 60.5 2.92356
      vertex 42.8556 60.5 2.92356
    endloop
  endfacet
  facet normal 0 -1 0
    outer loop
      vertex 42.5442 60.5 2.73689
      vertex 62.2558 60.5 2.73689
      vertex 61.9444 60.5 2.92356
    endloop
  endfacet
  facet normal 0 -1 0
    outer loop
      vertex 42.2159 60.5 2.58165
      vertex 62.2558 60.5 2.73689
      vertex 42.5442 60.5 2.73689
    endloop
  endfacet
  facet normal 0 -1 0
    outer loop
      vertex 42.2159 60.5 2.58165
      vertex 62.5841 60.5 2.58165
      vertex 62.2558 60.5 2.73689
    endloop
  endfacet
  facet normal 0 -1 0
    outer loop
      vertex 41.8741 60.5 2.45932
      vertex 62.5841 60.5 2.58165
      vertex 42.2159 60.5 2.58165
    endloop
  endfacet
  facet normal 0 -1 0
    outer loop
      vertex 41.8741 60.5 2.45932
      vertex 62.9259 60.5 2.45932
      vertex 62.5841 60.5 2.58165
    endloop
  endfacet
  facet normal 0 -1 0
    outer loop
      vertex 41.5218 60.5 2.37109
      vertex 62.9259 60.5 2.45932
      vertex 41.8741 60.5 2.45932
    endloop
  endfacet
  facet normal 0 -1 0
    outer loop
      vertex 41.5218 60.5 2.37109
      vertex 63.2782 60.5 2.37109
      vertex 62.9259 60.5 2.45932
    endloop
  endfacet
  facet normal 0 -1 0
    outer loop
      vertex 41.1627 60.5 2.31782
      vertex 63.2782 60.5 2.37109
      vertex 41.5218 60.5 2.37109
    endloop
  endfacet
  facet normal 0 -1 0
    outer loop
      vertex 41.1627 60.5 2.31782
      vertex 63.6373 60.5 2.31782
      vertex 63.2782 60.5 2.37109
    endloop
  endfacet
  facet normal 0 -1 0
    outer loop
      vertex 40.8 60.5 2.3
      vertex 63.6373 60.5 2.31782
      vertex 41.1627 60.5 2.31782
    endloop
  endfacet
  facet normal 0 -1 -0
    outer loop
      vertex 63.6373 60.5 2.31782
      vertex 40.8 60.5 2.3
      vertex 64 60.5 2.3
    endloop
  endfacet
  facet normal 0 -1 0
    outer loop
      vertex 67.6822 60.5 5.63734
      vertex 69.5 60.5 6
      vertex 67.7 60.5 6
    endloop
  endfacet
  facet normal 0 -1 0
    outer loop
      vertex 67.6289 60.5 5.27816
      vertex 69.5 60.5 6
      vertex 67.6822 60.5 5.63734
    endloop
  endfacet
  facet normal 0 -1 0
    outer loop
      vertex 67.5407 60.5 4.92595
      vertex 69.5 60.5 6
      vertex 67.6289 60.5 5.27816
    endloop
  endfacet
  facet normal 0 -1 0
    outer loop
      vertex 67.4184 60.5 4.58407
      vertex 69.5 60.5 6
      vertex 67.5407 60.5 4.92595
    endloop
  endfacet
  facet normal 0 -1 0
    outer loop
      vertex 67.2631 60.5 4.25583
      vertex 69.5 60.5 6
      vertex 67.4184 60.5 4.58407
    endloop
  endfacet
  facet normal 0 -1 0
    outer loop
      vertex 67.0764 60.5 3.94439
      vertex 69.5 60.5 6
      vertex 67.2631 60.5 4.25583
    endloop
  endfacet
  facet normal 0 -1 0
    outer loop
      vertex 69.5 60.5 -5.6
      vertex 67.0764 60.5 3.94439
      vertex 66.8601 60.5 3.65274
    endloop
  endfacet
  facet normal 0 -1 0
    outer loop
      vertex 69.5 60.5 -5.6
      vertex 66.8601 60.5 3.65274
      vertex 66.6163 60.5 3.3837
    endloop
  endfacet
  facet normal 0 -1 0
    outer loop
      vertex 40.8 60.5 2.3
      vertex 69.5 60.5 -5.6
      vertex 64 60.5 2.3
    endloop
  endfacet
  facet normal 0 -1 0
    outer loop
      vertex 67.0764 60.5 3.94439
      vertex 69.5 60.5 -5.6
      vertex 69.5 60.5 6
    endloop
  endfacet
  facet normal 0 -1 0
    outer loop
      vertex 66.3473 60.5 3.13986
      vertex 69.5 60.5 -5.6
      vertex 66.6163 60.5 3.3837
    endloop
  endfacet
  facet normal 0 -1 0
    outer loop
      vertex 66.0556 60.5 2.92356
      vertex 69.5 60.5 -5.6
      vertex 66.3473 60.5 3.13986
    endloop
  endfacet
  facet normal 0 -1 0
    outer loop
      vertex 65.7442 60.5 2.73689
      vertex 69.5 60.5 -5.6
      vertex 66.0556 60.5 2.92356
    endloop
  endfacet
  facet normal 0 -1 0
    outer loop
      vertex 65.4159 60.5 2.58165
      vertex 69.5 60.5 -5.6
      vertex 65.7442 60.5 2.73689
    endloop
  endfacet
  facet normal 0 -1 0
    outer loop
      vertex 65.0741 60.5 2.45932
      vertex 69.5 60.5 -5.6
      vertex 65.4159 60.5 2.58165
    endloop
  endfacet
  facet normal 0 -1 0
    outer loop
      vertex 64.7218 60.5 2.37109
      vertex 69.5 60.5 -5.6
      vertex 65.0741 60.5 2.45932
    endloop
  endfacet
  facet normal 0 -1 0
    outer loop
      vertex 64.3627 60.5 2.31782
      vertex 69.5 60.5 -5.6
      vertex 64.7218 60.5 2.37109
    endloop
  endfacet
  facet normal 0 -1 0
    outer loop
      vertex 64 60.5 2.3
      vertex 69.5 60.5 -5.6
      vertex 64.3627 60.5 2.31782
    endloop
  endfacet
  facet normal 0 1 0
    outer loop
      vertex 69.5 -0.5 6
      vertex 38.6 -0.5 3.63
      vertex 0.5 -0.5 6
    endloop
  endfacet
  facet normal 0 1 0
    outer loop
      vertex 69.5 -0.5 6
      vertex 38.7274 -0.5 3.62374
      vertex 38.6 -0.5 3.63
    endloop
  endfacet
  facet normal 0 1 0
    outer loop
      vertex 69.5 -0.5 6
      vertex 38.8536 -0.5 3.60502
      vertex 38.7274 -0.5 3.62374
    endloop
  endfacet
  facet normal 0 1 0
    outer loop
      vertex 69.5 -0.5 6
      vertex 38.9774 -0.5 3.57402
      vertex 38.8536 -0.5 3.60502
    endloop
  endfacet
  facet normal 0 1 0
    outer loop
      vertex 69.5 -0.5 6
      vertex 39.0975 -0.5 3.53105
      vertex 38.9774 -0.5 3.57402
    endloop
  endfacet
  facet normal 0 1 0
    outer loop
      vertex 69.5 -0.5 6
      vertex 39.2128 -0.5 3.4765
      vertex 39.0975 -0.5 3.53105
    endloop
  endfacet
  facet normal 0 1 0
    outer loop
      vertex 69.5 -0.5 6
      vertex 39.3222 -0.5 3.41091
      vertex 39.2128 -0.5 3.4765
    endloop
  endfacet
  facet normal 0 1 0
    outer loop
      vertex 69.5 -0.5 6
      vertex 39.4247 -0.5 3.33491
      vertex 39.3222 -0.5 3.41091
    endloop
  endfacet
  facet normal 0 1 0
    outer loop
      vertex 69.5 -0.5 6
      vertex 39.5192 -0.5 3.24923
      vertex 39.4247 -0.5 3.33491
    endloop
  endfacet
  facet normal 0 1 0
    outer loop
      vertex 69.5 -0.5 6
      vertex 39.6049 -0.5 3.1547
      vertex 39.5192 -0.5 3.24923
    endloop
  endfacet
  facet normal 0 1 0
    outer loop
      vertex 69.5 -0.5 6
      vertex 39.6809 -0.5 3.05224
      vertex 39.6049 -0.5 3.1547
    endloop
  endfacet
  facet normal 0 1 0
    outer loop
      vertex 69.5 -0.5 6
      vertex 39.7465 -0.5 2.94281
      vertex 39.6809 -0.5 3.05224
    endloop
  endfacet
  facet normal 0 1 0
    outer loop
      vertex 69.5 -0.5 6
      vertex 39.801 -0.5 2.82748
      vertex 39.7465 -0.5 2.94281
    endloop
  endfacet
  facet normal 0 1 0
    outer loop
      vertex 69.5 -0.5 6
      vertex 39.844 -0.5 2.70736
      vertex 39.801 -0.5 2.82748
    endloop
  endfacet
  facet normal 0 1 0
    outer loop
      vertex 69.5 -0.5 6
      vertex 39.875 -0.5 2.58361
      vertex 39.844 -0.5 2.70736
    endloop
  endfacet
  facet normal 0 1 0
    outer loop
      vertex 69.5 -0.5 6
      vertex 39.8937 -0.5 2.45742
      vertex 39.875 -0.5 2.58361
    endloop
  endfacet
  facet normal 0 1 0
    outer loop
      vertex 69.5 -0.5 6
      vertex 39.9 -0.5 2.33
      vertex 39.8937 -0.5 2.45742
    endloop
  endfacet
  facet normal 0 1 0
    outer loop
      vertex 69.5 -0.5 6
      vertex 39.9 -0.5 0.930003
      vertex 39.9 -0.5 2.33
    endloop
  endfacet
  facet normal 0 1 0
    outer loop
      vertex 69.5 -0.5 6
      vertex 39.8937 -0.5 0.802577
      vertex 39.9 -0.5 0.930003
    endloop
  endfacet
  facet normal 0 1 -0
    outer loop
      vertex 69.5 -0.5 -5.6
      vertex 39.8937 -0.5 0.802577
      vertex 69.5 -0.5 6
    endloop
  endfacet
  facet normal 0 1 0
    outer loop
      vertex 39.8937 -0.5 0.802577
      vertex 69.5 -0.5 -5.6
      vertex 39.875 -0.5 0.676387
    endloop
  endfacet
  facet normal 0 1 0
    outer loop
      vertex 39.875 -0.5 0.676387
      vertex 69.5 -0.5 -5.6
      vertex 39.844 -0.5 0.552638
    endloop
  endfacet
  facet normal 0 1 0
    outer loop
      vertex 39.844 -0.5 0.552638
      vertex 69.5 -0.5 -5.6
      vertex 39.801 -0.5 0.432521
    endloop
  endfacet
  facet normal 0 1 0
    outer loop
      vertex 39.801 -0.5 0.432521
      vertex 69.5 -0.5 -5.6
      vertex 39.7465 -0.5 0.317195
    endloop
  endfacet
  facet normal 0 1 0
    outer loop
      vertex 39.7465 -0.5 0.317195
      vertex 69.5 -0.5 -5.6
      vertex 39.6809 -0.5 0.207759
    endloop
  endfacet
  facet normal 0 1 0
    outer loop
      vertex 39.6809 -0.5 0.207759
      vertex 69.5 -0.5 -5.6
      vertex 39.6049 -0.5 0.105296
    endloop
  endfacet
  facet normal 0 1 0
    outer loop
      vertex 39.6049 -0.5 0.105296
      vertex 69.5 -0.5 -5.6
      vertex 39.5192 -0.5 0.0107678
    endloop
  endfacet
  facet normal 0 1 0
    outer loop
      vertex 39.5192 -0.5 0.0107678
      vertex 69.5 -0.5 -5.6
      vertex 39.4247 -0.5 -0.0749103
    endloop
  endfacet
  facet normal 0 1 0
    outer loop
      vertex 39.4247 -0.5 -0.0749103
      vertex 69.5 -0.5 -5.6
      vertex 39.3222 -0.5 -0.150914
    endloop
  endfacet
  facet normal 0 1 0
    outer loop
      vertex 39.3222 -0.5 -0.150914
      vertex 69.5 -0.5 -5.6
      vertex 39.2128 -0.5 -0.216497
    endloop
  endfacet
  facet normal 0 1 0
    outer loop
      vertex 39.2128 -0.5 -0.216497
      vertex 69.5 -0.5 -5.6
      vertex 39.0975 -0.5 -0.271047
    endloop
  endfacet
  facet normal 0 1 0
    outer loop
      vertex 39.0975 -0.5 -0.271047
      vertex 69.5 -0.5 -5.6
      vertex 38.9774 -0.5 -0.314016
    endloop
  endfacet
  facet normal 0 1 0
    outer loop
      vertex 38.6 -0.5 -0.37
      vertex 69.5 -0.5 -5.6
      vertex 31.4 -0.5 -0.37
    endloop
  endfacet
  facet normal 0 1 0
    outer loop
      vertex 38.7274 -0.5 -0.363744
      vertex 69.5 -0.5 -5.6
      vertex 38.6 -0.5 -0.37
    endloop
  endfacet
  facet normal 0 1 0
    outer loop
      vertex 38.8536 -0.5 -0.345021
      vertex 69.5 -0.5 -5.6
      vertex 38.7274 -0.5 -0.363744
    endloop
  endfacet
  facet normal 0 1 0
    outer loop
      vertex 38.9774 -0.5 -0.314016
      vertex 69.5 -0.5 -5.6
      vertex 38.8536 -0.5 -0.345021
    endloop
  endfacet
  facet normal 0 1 -0
    outer loop
      vertex 31.4 -0.5 3.63
      vertex 0.5 -0.5 6
      vertex 38.6 -0.5 3.63
    endloop
  endfacet
  facet normal 0 1 -0
    outer loop
      vertex 31.2726 -0.5 3.62374
      vertex 0.5 -0.5 6
      vertex 31.4 -0.5 3.63
    endloop
  endfacet
  facet normal 0 1 -0
    outer loop
      vertex 31.1464 -0.5 3.60502
      vertex 0.5 -0.5 6
      vertex 31.2726 -0.5 3.62374
    endloop
  endfacet
  facet normal 0 1 -0
    outer loop
      vertex 31.0226 -0.5 3.57402
      vertex 0.5 -0.5 6
      vertex 31.1464 -0.5 3.60502
    endloop
  endfacet
  facet normal 0 1 -0
    outer loop
      vertex 30.9025 -0.5 3.53105
      vertex 0.5 -0.5 6
      vertex 31.0226 -0.5 3.57402
    endloop
  endfacet
  facet normal 0 1 -0
    outer loop
      vertex 30.7872 -0.5 3.4765
      vertex 0.5 -0.5 6
      vertex 30.9025 -0.5 3.53105
    endloop
  endfacet
  facet normal 0 1 -0
    outer loop
      vertex 30.6778 -0.5 3.41091
      vertex 0.5 -0.5 6
      vertex 30.7872 -0.5 3.4765
    endloop
  endfacet
  facet normal 0 1 -0
    outer loop
      vertex 30.5753 -0.5 3.33491
      vertex 0.5 -0.5 6
      vertex 30.6778 -0.5 3.41091
    endloop
  endfacet
  facet normal 0 1 -0
    outer loop
      vertex 30.4808 -0.5 3.24923
      vertex 0.5 -0.5 6
      vertex 30.5753 -0.5 3.33491
    endloop
  endfacet
  facet normal 0 1 -0
    outer loop
      vertex 30.3951 -0.5 3.1547
      vertex 0.5 -0.5 6
      vertex 30.4808 -0.5 3.24923
    endloop
  endfacet
  facet normal 0 1 -0
    outer loop
      vertex 30.3191 -0.5 3.05224
      vertex 0.5 -0.5 6
      vertex 30.3951 -0.5 3.1547
    endloop
  endfacet
  facet normal 0 1 -0
    outer loop
      vertex 30.2535 -0.5 2.94281
      vertex 0.5 -0.5 6
      vertex 30.3191 -0.5 3.05224
    endloop
  endfacet
  facet normal 0 1 -0
    outer loop
      vertex 30.199 -0.5 2.82748
      vertex 0.5 -0.5 6
      vertex 30.2535 -0.5 2.94281
    endloop
  endfacet
  facet normal 0 1 -0
    outer loop
      vertex 30.156 -0.5 2.70736
      vertex 0.5 -0.5 6
      vertex 30.199 -0.5 2.82748
    endloop
  endfacet
  facet normal 0 1 -0
    outer loop
      vertex 30.125 -0.5 2.58361
      vertex 0.5 -0.5 6
      vertex 30.156 -0.5 2.70736
    endloop
  endfacet
  facet normal 0 1 -0
    outer loop
      vertex 30.1063 -0.5 2.45742
      vertex 0.5 -0.5 6
      vertex 30.125 -0.5 2.58361
    endloop
  endfacet
  facet normal 0 1 -0
    outer loop
      vertex 30.1 -0.5 2.33
      vertex 0.5 -0.5 6
      vertex 30.1063 -0.5 2.45742
    endloop
  endfacet
  facet normal 0 1 -0
    outer loop
      vertex 30.1 -0.5 0.930003
      vertex 0.5 -0.5 6
      vertex 30.1 -0.5 2.33
    endloop
  endfacet
  facet normal 0 1 0
    outer loop
      vertex 30.1063 -0.5 0.802577
      vertex 0.5 -0.5 6
      vertex 30.1 -0.5 0.930003
    endloop
  endfacet
  facet normal 0 1 0
    outer loop
      vertex 0.5 -0.5 -5.6
      vertex 30.1063 -0.5 0.802577
      vertex 30.125 -0.5 0.676387
    endloop
  endfacet
  facet normal 0 1 0
    outer loop
      vertex 0.5 -0.5 -5.6
      vertex 30.125 -0.5 0.676387
      vertex 30.156 -0.5 0.552638
    endloop
  endfacet
  facet normal 0 1 0
    outer loop
      vertex 0.5 -0.5 -5.6
      vertex 30.156 -0.5 0.552638
      vertex 30.199 -0.5 0.432521
    endloop
  endfacet
  facet normal 0 1 0
    outer loop
      vertex 0.5 -0.5 -5.6
      vertex 30.199 -0.5 0.432521
      vertex 30.2535 -0.5 0.317195
    endloop
  endfacet
  facet normal 0 1 0
    outer loop
      vertex 0.5 -0.5 -5.6
      vertex 30.2535 -0.5 0.317195
      vertex 30.3191 -0.5 0.207759
    endloop
  endfacet
  facet normal 0 1 0
    outer loop
      vertex 0.5 -0.5 -5.6
      vertex 30.3191 -0.5 0.207759
      vertex 30.3951 -0.5 0.105296
    endloop
  endfacet
  facet normal 0 1 0
    outer loop
      vertex 0.5 -0.5 -5.6
      vertex 30.3951 -0.5 0.105296
      vertex 30.4808 -0.5 0.0107678
    endloop
  endfacet
  facet normal 0 1 0
    outer loop
      vertex 0.5 -0.5 -5.6
      vertex 30.4808 -0.5 0.0107678
      vertex 30.5753 -0.5 -0.0749103
    endloop
  endfacet
  facet normal 0 1 0
    outer loop
      vertex 0.5 -0.5 -5.6
      vertex 30.5753 -0.5 -0.0749103
      vertex 30.6778 -0.5 -0.150914
    endloop
  endfacet
  facet normal 0 1 0
    outer loop
      vertex 0.5 -0.5 -5.6
      vertex 30.6778 -0.5 -0.150914
      vertex 30.7872 -0.5 -0.216497
    endloop
  endfacet
  facet normal 0 1 0
    outer loop
      vertex 0.5 -0.5 -5.6
      vertex 30.7872 -0.5 -0.216497
      vertex 30.9025 -0.5 -0.271047
    endloop
  endfacet
  facet normal 0 1 0
    outer loop
      vertex 0.5 -0.5 -5.6
      vertex 30.9025 -0.5 -0.271047
      vertex 31.0226 -0.5 -0.314016
    endloop
  endfacet
  facet normal 0 1 0
    outer loop
      vertex 0.5 -0.5 -5.6
      vertex 31.0226 -0.5 -0.314016
      vertex 31.1464 -0.5 -0.345021
    endloop
  endfacet
  facet normal 0 1 0
    outer loop
      vertex 0.5 -0.5 -5.6
      vertex 31.4 -0.5 -0.37
      vertex 69.5 -0.5 -5.6
    endloop
  endfacet
  facet normal 0 1 0
    outer loop
      vertex 30.1063 -0.5 0.802577
      vertex 0.5 -0.5 -5.6
      vertex 0.5 -0.5 6
    endloop
  endfacet
  facet normal 0 1 0
    outer loop
      vertex 31.2726 -0.5 -0.363744
      vertex 0.5 -0.5 -5.6
      vertex 31.1464 -0.5 -0.345021
    endloop
  endfacet
  facet normal 0 1 0
    outer loop
      vertex 31.4 -0.5 -0.37
      vertex 0.5 -0.5 -5.6
      vertex 31.2726 -0.5 -0.363744
    endloop
  endfacet
  facet normal -0.671607 -0.740908 0
    outer loop
      vertex 70.1344 60.273 -5.6
      vertex 70.2071 60.2071 6
      vertex 70.1344 60.273 6
    endloop
  endfacet
  facet normal -0.671607 -0.740908 -0
    outer loop
      vertex 70.2071 60.2071 6
      vertex 70.1344 60.273 -5.6
      vertex 70.2071 60.2071 -5.6
    endloop
  endfacet
  facet normal -1 0 0
    outer loop
      vertex 70.5 0.5 -5.6
      vertex 70.5 59.5 6
      vertex 70.5 59.5 -5.6
    endloop
  endfacet
  facet normal -1 -0 0
    outer loop
      vertex 70.5 59.5 6
      vertex 70.5 0.5 -5.6
      vertex 70.5 0.5 6
    endloop
  endfacet
  facet normal 0.671536 -0.740972 0
    outer loop
      vertex -0.207107 60.2071 -5.6
      vertex -0.134393 60.273 6
      vertex -0.207107 60.2071 6
    endloop
  endfacet
  facet normal 0.671536 -0.740972 0
    outer loop
      vertex -0.134393 60.273 6
      vertex -0.207107 60.2071 -5.6
      vertex -0.134393 60.273 -5.6
    endloop
  endfacet
  facet normal 0.903966 -0.427605 0
    outer loop
      vertex -0.423879 59.8827 6
      vertex -0.381921 59.9714 -5.6
      vertex -0.381921 59.9714 6
    endloop
  endfacet
  facet normal 0.903966 -0.427605 0
    outer loop
      vertex -0.381921 59.9714 -5.6
      vertex -0.423879 59.8827 6
      vertex -0.423879 59.8827 -5.6
    endloop
  endfacet
  facet normal 0.80312 -0.595817 0
    outer loop
      vertex -0.33147 60.0556 6
      vertex -0.27301 60.1344 -5.6
      vertex -0.27301 60.1344 6
    endloop
  endfacet
  facet normal 0.80312 -0.595817 0
    outer loop
      vertex -0.27301 60.1344 -5.6
      vertex -0.33147 60.0556 6
      vertex -0.33147 60.0556 -5.6
    endloop
  endfacet
  facet normal 0.146736 0.989176 -0
    outer loop
      vertex 0.401982 -0.495184 -5.6
      vertex 0.304909 -0.480784 6
      vertex 0.401982 -0.495184 6
    endloop
  endfacet
  facet normal 0.146736 0.989176 0
    outer loop
      vertex 0.304909 -0.480784 6
      vertex 0.401982 -0.495184 -5.6
      vertex 0.304909 -0.480784 -5.6
    endloop
  endfacet
  facet normal 0.048912 -0.998803 0
    outer loop
      vertex 0.401982 60.4952 -5.6
      vertex 0.5 60.5 6
      vertex 0.401982 60.4952 6
    endloop
  endfacet
  facet normal 0.048912 -0.998803 0
    outer loop
      vertex 0.5 60.5 6
      vertex 0.401982 60.4952 -5.6
      vertex 0.5 60.5 -5.6
    endloop
  endfacet
  facet normal 0.857803 -0.513979 0
    outer loop
      vertex -0.381921 59.9714 6
      vertex -0.33147 60.0556 -5.6
      vertex -0.33147 60.0556 6
    endloop
  endfacet
  facet normal 0.857803 -0.513979 0
    outer loop
      vertex -0.33147 60.0556 -5.6
      vertex -0.381921 59.9714 6
      vertex -0.381921 59.9714 -5.6
    endloop
  endfacet
  facet normal 0.740892 -0.671624 0
    outer loop
      vertex -0.27301 60.1344 6
      vertex -0.207107 60.2071 -5.6
      vertex -0.207107 60.2071 6
    endloop
  endfacet
  facet normal 0.740892 -0.671624 0
    outer loop
      vertex -0.207107 60.2071 -5.6
      vertex -0.27301 60.1344 6
      vertex -0.27301 60.1344 -5.6
    endloop
  endfacet
  facet normal 0.970037 -0.242958 0
    outer loop
      vertex -0.480784 59.6951 6
      vertex -0.45694 59.7903 -5.6
      vertex -0.45694 59.7903 6
    endloop
  endfacet
  facet normal 0.970037 -0.242958 0
    outer loop
      vertex -0.45694 59.7903 -5.6
      vertex -0.480784 59.6951 6
      vertex -0.480784 59.6951 -5.6
    endloop
  endfacet
  facet normal 0.989182 -0.146696 0
    outer loop
      vertex -0.495184 59.598 6
      vertex -0.480784 59.6951 -5.6
      vertex -0.480784 59.6951 6
    endloop
  endfacet
  facet normal 0.989182 -0.146696 0
    outer loop
      vertex -0.480784 59.6951 -5.6
      vertex -0.495184 59.598 6
      vertex -0.495184 59.598 -5.6
    endloop
  endfacet
  facet normal 0.941545 -0.336888 0
    outer loop
      vertex -0.45694 59.7903 6
      vertex -0.423879 59.8827 -5.6
      vertex -0.423879 59.8827 6
    endloop
  endfacet
  facet normal 0.941545 -0.336888 0
    outer loop
      vertex -0.423879 59.8827 -5.6
      vertex -0.45694 59.7903 6
      vertex -0.45694 59.7903 -5.6
    endloop
  endfacet
  facet normal 0.998795 -0.0490836 0
    outer loop
      vertex -0.5 59.5 6
      vertex -0.495184 59.598 -5.6
      vertex -0.495184 59.598 6
    endloop
  endfacet
  facet normal 0.998795 -0.0490836 0
    outer loop
      vertex -0.495184 59.598 -5.6
      vertex -0.5 59.5 6
      vertex -0.5 59.5 -5.6
    endloop
  endfacet
  facet normal 0.970033 0.242972 0
    outer loop
      vertex -0.45694 0.209715 6
      vertex -0.480784 0.304909 -5.6
      vertex -0.480784 0.304909 6
    endloop
  endfacet
  facet normal 0.970033 0.242972 0
    outer loop
      vertex -0.480784 0.304909 -5.6
      vertex -0.45694 0.209715 6
      vertex -0.45694 0.209715 -5.6
    endloop
  endfacet
  facet normal 0.740957 0.671553 0
    outer loop
      vertex -0.207107 -0.207107 6
      vertex -0.27301 -0.134393 -5.6
      vertex -0.27301 -0.134393 6
    endloop
  endfacet
  facet normal 0.740957 0.671553 0
    outer loop
      vertex -0.27301 -0.134393 -5.6
      vertex -0.207107 -0.207107 6
      vertex -0.207107 -0.207107 -5.6
    endloop
  endfacet
  facet normal 0.595703 0.803205 -0
    outer loop
      vertex -0.0555696 -0.33147 -5.6
      vertex -0.134393 -0.27301 6
      vertex -0.0555696 -0.33147 6
    endloop
  endfacet
  facet normal 0.595703 0.803205 0
    outer loop
      vertex -0.134393 -0.27301 6
      vertex -0.0555696 -0.33147 -5.6
      vertex -0.134393 -0.27301 -5.6
    endloop
  endfacet
  facet normal -0.740972 0.671536 0
    outer loop
      vertex 70.2071 -0.207107 -5.6
      vertex 70.273 -0.134393 6
      vertex 70.273 -0.134393 -5.6
    endloop
  endfacet
  facet normal -0.740972 0.671536 0
    outer loop
      vertex 70.273 -0.134393 6
      vertex 70.2071 -0.207107 -5.6
      vertex 70.2071 -0.207107 6
    endloop
  endfacet
  facet normal -0.9038 -0.427955 0
    outer loop
      vertex 70.4239 59.8827 -5.6
      vertex 70.3819 59.9714 6
      vertex 70.3819 59.9714 -5.6
    endloop
  endfacet
  facet normal -0.9038 -0.427955 0
    outer loop
      vertex 70.3819 59.9714 6
      vertex 70.4239 59.8827 -5.6
      vertex 70.4239 59.8827 6
    endloop
  endfacet
  facet normal -0.802925 -0.59608 0
    outer loop
      vertex 70.3315 60.0556 -5.6
      vertex 70.273 60.1344 6
      vertex 70.273 60.1344 -5.6
    endloop
  endfacet
  facet normal -0.802925 -0.59608 0
    outer loop
      vertex 70.273 60.1344 6
      vertex 70.3315 60.0556 -5.6
      vertex 70.3315 60.0556 6
    endloop
  endfacet
  facet normal 0.513721 -0.857957 0
    outer loop
      vertex -0.0555696 60.3315 -5.6
      vertex 0.0286026 60.3819 6
      vertex -0.0555696 60.3315 6
    endloop
  endfacet
  facet normal 0.513721 -0.857957 0
    outer loop
      vertex 0.0286026 60.3819 6
      vertex -0.0555696 60.3315 -5.6
      vertex 0.0286026 60.3819 -5.6
    endloop
  endfacet
  facet normal 0.146736 -0.989176 0
    outer loop
      vertex 0.304909 60.4808 -5.6
      vertex 0.401982 60.4952 6
      vertex 0.304909 60.4808 6
    endloop
  endfacet
  facet normal 0.146736 -0.989176 0
    outer loop
      vertex 0.401982 60.4952 6
      vertex 0.304909 60.4808 -5.6
      vertex 0.401982 60.4952 -5.6
    endloop
  endfacet
  facet normal 0 0 1
    outer loop
      vertex 62.3045 45.5643 -5.6
      vertex 7.69552 45.5643 -5.6
      vertex 62.4723 45.2094 -5.6
    endloop
  endfacet
  facet normal 0 0 1
    outer loop
      vertex 62.6741 6.22228 -5.6
      vertex 7.98074 4.39207 -5.6
      vertex 8 4 -5.6
    endloop
  endfacet
  facet normal 0 0 1
    outer loop
      vertex 7.52768 45.2094 -5.6
      vertex 62.4723 45.2094 -5.6
      vertex 7.69552 45.5643 -5.6
    endloop
  endfacet
  facet normal 0 0 1
    outer loop
      vertex 62.6741 6.22228 -5.6
      vertex 7.92314 4.78036 -5.6
      vertex 7.98074 4.39207 -5.6
    endloop
  endfacet
  facet normal 0 0 1
    outer loop
      vertex 62.4723 45.2094 -5.6
      vertex 7.52768 45.2094 -5.6
      vertex 62.6741 44.8727 -5.6
    endloop
  endfacet
  facet normal 0 0 1
    outer loop
      vertex 62.6741 6.22228 -5.6
      vertex 7.82776 5.16114 -5.6
      vertex 7.92314 4.78036 -5.6
    endloop
  endfacet
  facet normal 0 0 1
    outer loop
      vertex 7.32588 44.8727 -5.6
      vertex 62.6741 44.8727 -5.6
      vertex 7.52768 45.2094 -5.6
    endloop
  endfacet
  facet normal 0 0 1
    outer loop
      vertex 62.6741 6.22228 -5.6
      vertex 7.69552 5.53073 -5.6
      vertex 7.82776 5.16114 -5.6
    endloop
  endfacet
  facet normal 0 0 1
    outer loop
      vertex 62.6741 44.8727 -5.6
      vertex 7.32588 44.8727 -5.6
      vertex 62.6741 6.22228 -5.6
    endloop
  endfacet
  facet normal 0 0 1
    outer loop
      vertex 62.6741 6.22228 -5.6
      vertex 7.52768 5.88559 -5.6
      vertex 7.69552 5.53073 -5.6
    endloop
  endfacet
  facet normal 0 0 1
    outer loop
      vertex 7.32588 6.22228 -5.6
      vertex 62.6741 6.22228 -5.6
      vertex 7.32588 44.8727 -5.6
    endloop
  endfacet
  facet normal 0 0 1
    outer loop
      vertex 62.6741 6.22228 -5.6
      vertex 7.32588 6.22228 -5.6
      vertex 7.52768 5.88559 -5.6
    endloop
  endfacet
  facet normal -0 0 1
    outer loop
      vertex 7.09204 44.5574 -5.6
      vertex 7.32588 6.22228 -5.6
      vertex 7.32588 44.8727 -5.6
    endloop
  endfacet
  facet normal 0 0 1
    outer loop
      vertex 7.09204 44.5574 -5.6
      vertex 7.09204 6.53757 -5.6
      vertex 7.32588 6.22228 -5.6
    endloop
  endfacet
  facet normal -0 0 1
    outer loop
      vertex 6.82843 44.2666 -5.6
      vertex 7.09204 6.53757 -5.6
      vertex 7.09204 44.5574 -5.6
    endloop
  endfacet
  facet normal 0 0 1
    outer loop
      vertex 6.82843 44.2666 -5.6
      vertex 6.82843 6.82843 -5.6
      vertex 7.09204 6.53757 -5.6
    endloop
  endfacet
  facet normal -0 0 1
    outer loop
      vertex 6.53757 44.003 -5.6
      vertex 6.82843 6.82843 -5.6
      vertex 6.82843 44.2666 -5.6
    endloop
  endfacet
  facet normal 0 0 1
    outer loop
      vertex 6.53757 44.003 -5.6
      vertex 6.53757 7.09204 -5.6
      vertex 6.82843 6.82843 -5.6
    endloop
  endfacet
  facet normal -0 0 1
    outer loop
      vertex 6.22228 43.7691 -5.6
      vertex 6.53757 7.09204 -5.6
      vertex 6.53757 44.003 -5.6
    endloop
  endfacet
  facet normal 0 0 1
    outer loop
      vertex 6.22228 43.7691 -5.6
      vertex 6.22228 7.32588 -5.6
      vertex 6.53757 7.09204 -5.6
    endloop
  endfacet
  facet normal -0 0 1
    outer loop
      vertex 5.88559 43.5673 -5.6
      vertex 6.22228 7.32588 -5.6
      vertex 6.22228 43.7691 -5.6
    endloop
  endfacet
  facet normal 0 0 1
    outer loop
      vertex 5.88559 43.5673 -5.6
      vertex 5.88559 7.52768 -5.6
      vertex 6.22228 7.32588 -5.6
    endloop
  endfacet
  facet normal -0 0 1
    outer loop
      vertex 5.53073 43.3995 -5.6
      vertex 5.88559 7.52768 -5.6
      vertex 5.88559 43.5673 -5.6
    endloop
  endfacet
  facet normal 0 0 1
    outer loop
      vertex 5.53073 43.3995 -5.6
      vertex 5.53073 7.69552 -5.6
      vertex 5.88559 7.52768 -5.6
    endloop
  endfacet
  facet normal -0 0 1
    outer loop
      vertex 5.16114 43.2672 -5.6
      vertex 5.53073 7.69552 -5.6
      vertex 5.53073 43.3995 -5.6
    endloop
  endfacet
  facet normal 0 0 1
    outer loop
      vertex 5.16114 43.2672 -5.6
      vertex 5.16114 7.82776 -5.6
      vertex 5.53073 7.69552 -5.6
    endloop
  endfacet
  facet normal -0 0 1
    outer loop
      vertex 4.78036 43.1719 -5.6
      vertex 5.16114 7.82776 -5.6
      vertex 5.16114 43.2672 -5.6
    endloop
  endfacet
  facet normal 0 0 1
    outer loop
      vertex 4.78036 43.1719 -5.6
      vertex 4.78036 7.92314 -5.6
      vertex 5.16114 7.82776 -5.6
    endloop
  endfacet
  facet normal -0 0 1
    outer loop
      vertex 4.39207 43.1143 -5.6
      vertex 4.78036 7.92314 -5.6
      vertex 4.78036 43.1719 -5.6
    endloop
  endfacet
  facet normal 0 0 1
    outer loop
      vertex 4.39207 43.1143 -5.6
      vertex 4.39207 7.98074 -5.6
      vertex 4.78036 7.92314 -5.6
    endloop
  endfacet
  facet normal -0 0 1
    outer loop
      vertex 4 43.095 -5.6
      vertex 4.39207 7.98074 -5.6
      vertex 4.39207 43.1143 -5.6
    endloop
  endfacet
  facet normal 0 0 1
    outer loop
      vertex 4 43.095 -5.6
      vertex 4 8 -5.6
      vertex 4.39207 7.98074 -5.6
    endloop
  endfacet
  facet normal 0 0 1
    outer loop
      vertex 3.60793 43.1143 -5.6
      vertex 4 8 -5.6
      vertex 4 43.095 -5.6
    endloop
  endfacet
  facet normal 0 0 1
    outer loop
      vertex 3.60793 43.1143 -5.6
      vertex 3.60793 7.98074 -5.6
      vertex 4 8 -5.6
    endloop
  endfacet
  facet normal 0 0 1
    outer loop
      vertex 3.21964 43.1719 -5.6
      vertex 3.60793 7.98074 -5.6
      vertex 3.60793 43.1143 -5.6
    endloop
  endfacet
  facet normal 0 0 1
    outer loop
      vertex 3.21964 43.1719 -5.6
      vertex 3.21964 7.92314 -5.6
      vertex 3.60793 7.98074 -5.6
    endloop
  endfacet
  facet normal 0 0 1
    outer loop
      vertex 2.83886 43.2672 -5.6
      vertex 3.21964 7.92314 -5.6
      vertex 3.21964 43.1719 -5.6
    endloop
  endfacet
  facet normal 0 0 1
    outer loop
      vertex 2.83886 43.2672 -5.6
      vertex 2.83886 7.82776 -5.6
      vertex 3.21964 7.92314 -5.6
    endloop
  endfacet
  facet normal 0 0 1
    outer loop
      vertex 2.46927 43.3995 -5.6
      vertex 2.83886 7.82776 -5.6
      vertex 2.83886 43.2672 -5.6
    endloop
  endfacet
  facet normal 0 0 1
    outer loop
      vertex 2.46927 43.3995 -5.6
      vertex 2.46927 7.69552 -5.6
      vertex 2.83886 7.82776 -5.6
    endloop
  endfacet
  facet normal 0 0 1
    outer loop
      vertex 2.11441 43.5673 -5.6
      vertex 2.46927 7.69552 -5.6
      vertex 2.46927 43.3995 -5.6
    endloop
  endfacet
  facet normal 0 0 1
    outer loop
      vertex 2.11441 43.5673 -5.6
      vertex 2.11441 7.52768 -5.6
      vertex 2.46927 7.69552 -5.6
    endloop
  endfacet
  facet normal 0 0 1
    outer loop
      vertex 1.77772 43.7691 -5.6
      vertex 2.11441 7.52768 -5.6
      vertex 2.11441 43.5673 -5.6
    endloop
  endfacet
  facet normal 0 0 1
    outer loop
      vertex 1.77772 43.7691 -5.6
      vertex 1.77772 7.32588 -5.6
      vertex 2.11441 7.52768 -5.6
    endloop
  endfacet
  facet normal 0 0 1
    outer loop
      vertex 1.46243 44.003 -5.6
      vertex 1.77772 7.32588 -5.6
      vertex 1.77772 43.7691 -5.6
    endloop
  endfacet
  facet normal 0 0 1
    outer loop
      vertex 1.46243 44.003 -5.6
      vertex 1.46243 7.09204 -5.6
      vertex 1.77772 7.32588 -5.6
    endloop
  endfacet
  facet normal 0 0 1
    outer loop
      vertex 1.17157 44.2666 -5.6
      vertex 1.46243 7.09204 -5.6
      vertex 1.46243 44.003 -5.6
    endloop
  endfacet
  facet normal 0 0 1
    outer loop
      vertex 1.17157 44.2666 -5.6
      vertex 1.17157 6.82843 -5.6
      vertex 1.46243 7.09204 -5.6
    endloop
  endfacet
  facet normal 0 0 1
    outer loop
      vertex 0.907958 44.5574 -5.6
      vertex 1.17157 6.82843 -5.6
      vertex 1.17157 44.2666 -5.6
    endloop
  endfacet
  facet normal 0 0 1
    outer loop
      vertex 0.907958 44.5574 -5.6
      vertex 0.907958 6.53757 -5.6
      vertex 1.17157 6.82843 -5.6
    endloop
  endfacet
  facet normal 0 0 1
    outer loop
      vertex 0.674121 44.8727 -5.6
      vertex 0.907958 6.53757 -5.6
      vertex 0.907958 44.5574 -5.6
    endloop
  endfacet
  facet normal 0 0 1
    outer loop
      vertex 0.674121 44.8727 -5.6
      vertex 0.674121 6.22228 -5.6
      vertex 0.907958 6.53757 -5.6
    endloop
  endfacet
  facet normal 0 0 1
    outer loop
      vertex 0.472315 45.2094 -5.6
      vertex 0.674121 6.22228 -5.6
      vertex 0.674121 44.8727 -5.6
    endloop
  endfacet
  facet normal 0 0 1
    outer loop
      vertex 0.472315 45.2094 -5.6
      vertex 0.472315 5.88559 -5.6
      vertex 0.674121 6.22228 -5.6
    endloop
  endfacet
  facet normal 0 0 1
    outer loop
      vertex 0.304482 45.5643 -5.6
      vertex 0.472315 5.88559 -5.6
      vertex 0.472315 45.2094 -5.6
    endloop
  endfacet
  facet normal 0 0 1
    outer loop
      vertex 0.304482 45.5643 -5.6
      vertex 0.304482 5.53073 -5.6
      vertex 0.472315 5.88559 -5.6
    endloop
  endfacet
  facet normal 0 0 1
    outer loop
      vertex 0.172238 45.9339 -5.6
      vertex 0.304482 5.53073 -5.6
      vertex 0.304482 45.5643 -5.6
    endloop
  endfacet
  facet normal 0 0 1
    outer loop
      vertex 0.172238 45.9339 -5.6
      vertex 0.172238 5.16114 -5.6
      vertex 0.304482 5.53073 -5.6
    endloop
  endfacet
  facet normal 0 0 1
    outer loop
      vertex 0.0768585 46.3146 -5.6
      vertex 0.172238 5.16114 -5.6
      vertex 0.172238 45.9339 -5.6
    endloop
  endfacet
  facet normal 0 0 1
    outer loop
      vertex 0.0768585 46.3146 -5.6
      vertex 0.0768585 4.78036 -5.6
      vertex 0.172238 5.16114 -5.6
    endloop
  endfacet
  facet normal 0 0 1
    outer loop
      vertex 0.0192604 46.7029 -5.6
      vertex 0.0768585 4.78036 -5.6
      vertex 0.0768585 46.3146 -5.6
    endloop
  endfacet
  facet normal 0 0 1
    outer loop
      vertex 0.0192604 46.7029 -5.6
      vertex 0.0192604 4.39207 -5.6
      vertex 0.0768585 4.78036 -5.6
    endloop
  endfacet
  facet normal 0 0 1
    outer loop
      vertex -0.5 0.5 -5.6
      vertex 0.0192604 46.7029 -5.6
      vertex 0 47.095 -5.6
    endloop
  endfacet
  facet normal 0 0 1
    outer loop
      vertex 0.0192604 46.7029 -5.6
      vertex -0.5 0.5 -5.6
      vertex 0.0192604 4.39207 -5.6
    endloop
  endfacet
  facet normal -0 0 1
    outer loop
      vertex 69.9807 4.39207 -5.6
      vertex 70.5 0.5 -5.6
      vertex 69.9807 46.7029 -5.6
    endloop
  endfacet
  facet normal 0 0 1
    outer loop
      vertex 70.5 0.5 -5.6
      vertex 69.9807 4.39207 -5.6
      vertex 70 4 -5.6
    endloop
  endfacet
  facet normal -0 0 1
    outer loop
      vertex 69.9231 46.3146 -5.6
      vertex 69.9807 4.39207 -5.6
      vertex 69.9807 46.7029 -5.6
    endloop
  endfacet
  facet normal 0 0 1
    outer loop
      vertex 69.9231 46.3146 -5.6
      vertex 69.9231 4.78036 -5.6
      vertex 69.9807 4.39207 -5.6
    endloop
  endfacet
  facet normal -0 0 1
    outer loop
      vertex 69.8278 45.9339 -5.6
      vertex 69.9231 4.78036 -5.6
      vertex 69.9231 46.3146 -5.6
    endloop
  endfacet
  facet normal 0 0 1
    outer loop
      vertex 69.8278 45.9339 -5.6
      vertex 69.8278 5.16114 -5.6
      vertex 69.9231 4.78036 -5.6
    endloop
  endfacet
  facet normal -0 0 1
    outer loop
      vertex 69.6955 45.5643 -5.6
      vertex 69.8278 5.16114 -5.6
      vertex 69.8278 45.9339 -5.6
    endloop
  endfacet
  facet normal 0 0 1
    outer loop
      vertex 69.6955 45.5643 -5.6
      vertex 69.6955 5.53073 -5.6
      vertex 69.8278 5.16114 -5.6
    endloop
  endfacet
  facet normal -0 0 1
    outer loop
      vertex 69.5277 45.2094 -5.6
      vertex 69.6955 5.53073 -5.6
      vertex 69.6955 45.5643 -5.6
    endloop
  endfacet
  facet normal 0 0 1
    outer loop
      vertex 69.5277 45.2094 -5.6
      vertex 69.5277 5.88559 -5.6
      vertex 69.6955 5.53073 -5.6
    endloop
  endfacet
  facet normal -0 0 1
    outer loop
      vertex 69.3259 44.8727 -5.6
      vertex 69.5277 5.88559 -5.6
      vertex 69.5277 45.2094 -5.6
    endloop
  endfacet
  facet normal 0 0 1
    outer loop
      vertex 69.3259 44.8727 -5.6
      vertex 69.3259 6.22228 -5.6
      vertex 69.5277 5.88559 -5.6
    endloop
  endfacet
  facet normal -0 0 1
    outer loop
      vertex 69.092 44.5574 -5.6
      vertex 69.3259 6.22228 -5.6
      vertex 69.3259 44.8727 -5.6
    endloop
  endfacet
  facet normal 0 0 1
    outer loop
      vertex 69.092 44.5574 -5.6
      vertex 69.092 6.53757 -5.6
      vertex 69.3259 6.22228 -5.6
    endloop
  endfacet
  facet normal -0 0 1
    outer loop
      vertex 68.8284 44.2666 -5.6
      vertex 69.092 6.53757 -5.6
      vertex 69.092 44.5574 -5.6
    endloop
  endfacet
  facet normal 0 0 1
    outer loop
      vertex 68.8284 44.2666 -5.6
      vertex 68.8284 6.82843 -5.6
      vertex 69.092 6.53757 -5.6
    endloop
  endfacet
  facet normal -0 0 1
    outer loop
      vertex 68.5376 44.003 -5.6
      vertex 68.8284 6.82843 -5.6
      vertex 68.8284 44.2666 -5.6
    endloop
  endfacet
  facet normal 0 0 1
    outer loop
      vertex 68.5376 44.003 -5.6
      vertex 68.5376 7.09204 -5.6
      vertex 68.8284 6.82843 -5.6
    endloop
  endfacet
  facet normal -0 0 1
    outer loop
      vertex 68.2223 43.7691 -5.6
      vertex 68.5376 7.09204 -5.6
      vertex 68.5376 44.003 -5.6
    endloop
  endfacet
  facet normal 0 0 1
    outer loop
      vertex 68.2223 43.7691 -5.6
      vertex 68.2223 7.32588 -5.6
      vertex 68.5376 7.09204 -5.6
    endloop
  endfacet
  facet normal -0 0 1
    outer loop
      vertex 67.8856 43.5673 -5.6
      vertex 68.2223 7.32588 -5.6
      vertex 68.2223 43.7691 -5.6
    endloop
  endfacet
  facet normal 0 0 1
    outer loop
      vertex 67.8856 43.5673 -5.6
      vertex 67.8856 7.52768 -5.6
      vertex 68.2223 7.32588 -5.6
    endloop
  endfacet
  facet normal -0 0 1
    outer loop
      vertex 67.5307 43.3995 -5.6
      vertex 67.8856 7.52768 -5.6
      vertex 67.8856 43.5673 -5.6
    endloop
  endfacet
  facet normal 0 0 1
    outer loop
      vertex 67.5307 43.3995 -5.6
      vertex 67.5307 7.69552 -5.6
      vertex 67.8856 7.52768 -5.6
    endloop
  endfacet
  facet normal -0 0 1
    outer loop
      vertex 67.1611 43.2672 -5.6
      vertex 67.5307 7.69552 -5.6
      vertex 67.5307 43.3995 -5.6
    endloop
  endfacet
  facet normal 0 0 1
    outer loop
      vertex 67.1611 43.2672 -5.6
      vertex 67.1611 7.82776 -5.6
      vertex 67.5307 7.69552 -5.6
    endloop
  endfacet
  facet normal -0 0 1
    outer loop
      vertex 66.7804 43.1719 -5.6
      vertex 67.1611 7.82776 -5.6
      vertex 67.1611 43.2672 -5.6
    endloop
  endfacet
  facet normal 0 0 1
    outer loop
      vertex 66.7804 43.1719 -5.6
      vertex 66.7804 7.92314 -5.6
      vertex 67.1611 7.82776 -5.6
    endloop
  endfacet
  facet normal -0 0 1
    outer loop
      vertex 66.3921 43.1143 -5.6
      vertex 66.7804 7.92314 -5.6
      vertex 66.7804 43.1719 -5.6
    endloop
  endfacet
  facet normal 0 0 1
    outer loop
      vertex 66.3921 43.1143 -5.6
      vertex 66.3921 7.98074 -5.6
      vertex 66.7804 7.92314 -5.6
    endloop
  endfacet
  facet normal -0 0 1
    outer loop
      vertex 66 43.095 -5.6
      vertex 66.3921 7.98074 -5.6
      vertex 66.3921 43.1143 -5.6
    endloop
  endfacet
  facet normal 0 0 1
    outer loop
      vertex 66 43.095 -5.6
      vertex 66 8 -5.6
      vertex 66.3921 7.98074 -5.6
    endloop
  endfacet
  facet normal 0 0 1
    outer loop
      vertex 65.6079 43.1143 -5.6
      vertex 66 8 -5.6
      vertex 66 43.095 -5.6
    endloop
  endfacet
  facet normal 0 0 1
    outer loop
      vertex 65.6079 43.1143 -5.6
      vertex 65.6079 7.98074 -5.6
      vertex 66 8 -5.6
    endloop
  endfacet
  facet normal 0 0 1
    outer loop
      vertex 65.2196 43.1719 -5.6
      vertex 65.6079 7.98074 -5.6
      vertex 65.6079 43.1143 -5.6
    endloop
  endfacet
  facet normal 0 0 1
    outer loop
      vertex 65.2196 43.1719 -5.6
      vertex 65.2196 7.92314 -5.6
      vertex 65.6079 7.98074 -5.6
    endloop
  endfacet
  facet normal 0 0 1
    outer loop
      vertex 64.8389 43.2672 -5.6
      vertex 65.2196 7.92314 -5.6
      vertex 65.2196 43.1719 -5.6
    endloop
  endfacet
  facet normal 0 0 1
    outer loop
      vertex 64.8389 43.2672 -5.6
      vertex 64.8389 7.82776 -5.6
      vertex 65.2196 7.92314 -5.6
    endloop
  endfacet
  facet normal 0 0 1
    outer loop
      vertex 64.4693 43.3995 -5.6
      vertex 64.8389 7.82776 -5.6
      vertex 64.8389 43.2672 -5.6
    endloop
  endfacet
  facet normal 0 0 1
    outer loop
      vertex 64.4693 43.3995 -5.6
      vertex 64.4693 7.69552 -5.6
      vertex 64.8389 7.82776 -5.6
    endloop
  endfacet
  facet normal 0 0 1
    outer loop
      vertex 64.1144 43.5673 -5.6
      vertex 64.4693 7.69552 -5.6
      vertex 64.4693 43.3995 -5.6
    endloop
  endfacet
  facet normal 0 0 1
    outer loop
      vertex 64.1144 43.5673 -5.6
      vertex 64.1144 7.52768 -5.6
      vertex 64.4693 7.69552 -5.6
    endloop
  endfacet
  facet normal 0 0 1
    outer loop
      vertex 63.7777 43.7691 -5.6
      vertex 64.1144 7.52768 -5.6
      vertex 64.1144 43.5673 -5.6
    endloop
  endfacet
  facet normal 0 0 1
    outer loop
      vertex 63.7777 43.7691 -5.6
      vertex 63.7777 7.32588 -5.6
      vertex 64.1144 7.52768 -5.6
    endloop
  endfacet
  facet normal 0 0 1
    outer loop
      vertex 63.4624 44.003 -5.6
      vertex 63.7777 7.32588 -5.6
      vertex 63.7777 43.7691 -5.6
    endloop
  endfacet
  facet normal 0 0 1
    outer loop
      vertex 63.4624 44.003 -5.6
      vertex 63.4624 7.09204 -5.6
      vertex 63.7777 7.32588 -5.6
    endloop
  endfacet
  facet normal 0 0 1
    outer loop
      vertex 63.1716 44.2666 -5.6
      vertex 63.4624 7.09204 -5.6
      vertex 63.4624 44.003 -5.6
    endloop
  endfacet
  facet normal 0 0 1
    outer loop
      vertex 63.1716 44.2666 -5.6
      vertex 63.1716 6.82843 -5.6
      vertex 63.4624 7.09204 -5.6
    endloop
  endfacet
  facet normal 0 0 1
    outer loop
      vertex 62.908 44.5574 -5.6
      vertex 63.1716 6.82843 -5.6
      vertex 63.1716 44.2666 -5.6
    endloop
  endfacet
  facet normal 0 0 1
    outer loop
      vertex 62.908 44.5574 -5.6
      vertex 62.908 6.53757 -5.6
      vertex 63.1716 6.82843 -5.6
    endloop
  endfacet
  facet normal 0 0 1
    outer loop
      vertex 62.6741 44.8727 -5.6
      vertex 62.908 6.53757 -5.6
      vertex 62.908 44.5574 -5.6
    endloop
  endfacet
  facet normal 0 0 1
    outer loop
      vertex 62.6741 44.8727 -5.6
      vertex 62.6741 6.22228 -5.6
      vertex 62.908 6.53757 -5.6
    endloop
  endfacet
  facet normal 0 0 1
    outer loop
      vertex 7.82776 45.9339 -5.6
      vertex 62.1722 45.9339 -5.6
      vertex 7.92314 46.3146 -5.6
    endloop
  endfacet
  facet normal 0 0 1
    outer loop
      vertex 62.1722 45.9339 -5.6
      vertex 7.82776 45.9339 -5.6
      vertex 62.3045 45.5643 -5.6
    endloop
  endfacet
  facet normal 0 0 1
    outer loop
      vertex 62.0769 46.3146 -5.6
      vertex 7.92314 46.3146 -5.6
      vertex 62.1722 45.9339 -5.6
    endloop
  endfacet
  facet normal 0 0 1
    outer loop
      vertex 7.69552 45.5643 -5.6
      vertex 62.3045 45.5643 -5.6
      vertex 7.82776 45.9339 -5.6
    endloop
  endfacet
  facet normal 0 0 1
    outer loop
      vertex 7.92314 46.3146 -5.6
      vertex 62.0769 46.3146 -5.6
      vertex 7.98074 46.7029 -5.6
    endloop
  endfacet
  facet normal 0 0 1
    outer loop
      vertex 62.6741 6.22228 -5.6
      vertex 8 4 -5.6
      vertex 62.4723 5.88559 -5.6
    endloop
  endfacet
  facet normal 0 0 1
    outer loop
      vertex 62.0193 46.7029 -5.6
      vertex 7.98074 46.7029 -5.6
      vertex 62.0769 46.3146 -5.6
    endloop
  endfacet
  facet normal 0 0 1
    outer loop
      vertex 62.4723 5.88559 -5.6
      vertex 8 4 -5.6
      vertex 62.3045 5.53073 -5.6
    endloop
  endfacet
  facet normal 0 0 1
    outer loop
      vertex 7.98074 46.7029 -5.6
      vertex 62.0193 46.7029 -5.6
      vertex 8 47.095 -5.6
    endloop
  endfacet
  facet normal 0 0 1
    outer loop
      vertex 62.3045 5.53073 -5.6
      vertex 8 4 -5.6
      vertex 62.1722 5.16114 -5.6
    endloop
  endfacet
  facet normal -0 0 1
    outer loop
      vertex 8 47.095 -5.6
      vertex 62.0193 46.7029 -5.6
      vertex 62 47.095 -5.6
    endloop
  endfacet
  facet normal 0 0 1
    outer loop
      vertex 62.1722 5.16114 -5.6
      vertex 8 4 -5.6
      vertex 62.0769 4.78036 -5.6
    endloop
  endfacet
  facet normal 0 0 1
    outer loop
      vertex 69.5 60.5 -5.6
      vertex 70.5 59.5 -5.6
      vertex 70.4952 59.598 -5.6
    endloop
  endfacet
  facet normal 0 0 1
    outer loop
      vertex 70.5 59.5 -5.6
      vertex 70 47.095 -5.6
      vertex 70.5 0.5 -5.6
    endloop
  endfacet
  facet normal 0 0 1
    outer loop
      vertex 69.5 60.5 -5.6
      vertex 70.4952 59.598 -5.6
      vertex 70.4808 59.6951 -5.6
    endloop
  endfacet
  facet normal -0 0 1
    outer loop
      vertex 69.9807 46.7029 -5.6
      vertex 70.5 0.5 -5.6
      vertex 70 47.095 -5.6
    endloop
  endfacet
  facet normal 0 0 1
    outer loop
      vertex 69.5 60.5 -5.6
      vertex 70.4808 59.6951 -5.6
      vertex 70.4569 59.7903 -5.6
    endloop
  endfacet
  facet normal -0 0 1
    outer loop
      vertex 69.9807 3.60793 -5.6
      vertex 70.5 0.5 -5.6
      vertex 70 4 -5.6
    endloop
  endfacet
  facet normal 0 0 1
    outer loop
      vertex 69.5 60.5 -5.6
      vertex 70.4569 59.7903 -5.6
      vertex 70.4239 59.8827 -5.6
    endloop
  endfacet
  facet normal -0 0 1
    outer loop
      vertex 69.9231 3.21964 -5.6
      vertex 70.5 0.5 -5.6
      vertex 69.9807 3.60793 -5.6
    endloop
  endfacet
  facet normal 0 0 1
    outer loop
      vertex 69.5 60.5 -5.6
      vertex 70.4239 59.8827 -5.6
      vertex 70.3819 59.9714 -5.6
    endloop
  endfacet
  facet normal -0 0 1
    outer loop
      vertex 69.8278 2.83886 -5.6
      vertex 70.5 0.5 -5.6
      vertex 69.9231 3.21964 -5.6
    endloop
  endfacet
  facet normal 0 0 1
    outer loop
      vertex 69.5 60.5 -5.6
      vertex 70.3819 59.9714 -5.6
      vertex 70.3315 60.0556 -5.6
    endloop
  endfacet
  facet normal -0 0 1
    outer loop
      vertex 69.6955 2.46927 -5.6
      vertex 70.5 0.5 -5.6
      vertex 69.8278 2.83886 -5.6
    endloop
  endfacet
  facet normal 0 0 1
    outer loop
      vertex 69.5 60.5 -5.6
      vertex 70.3315 60.0556 -5.6
      vertex 70.273 60.1344 -5.6
    endloop
  endfacet
  facet normal -0 0 1
    outer loop
      vertex 69.5277 2.11441 -5.6
      vertex 70.5 0.5 -5.6
      vertex 69.6955 2.46927 -5.6
    endloop
  endfacet
  facet normal 0 0 1
    outer loop
      vertex 69.5 60.5 -5.6
      vertex 70.273 60.1344 -5.6
      vertex 70.2071 60.2071 -5.6
    endloop
  endfacet
  facet normal -0 0 1
    outer loop
      vertex 69.3259 1.77772 -5.6
      vertex 70.5 0.5 -5.6
      vertex 69.5277 2.11441 -5.6
    endloop
  endfacet
  facet normal 0 0 1
    outer loop
      vertex 69.5 60.5 -5.6
      vertex 70.2071 60.2071 -5.6
      vertex 70.1344 60.273 -5.6
    endloop
  endfacet
  facet normal -0 0 1
    outer loop
      vertex 69.092 1.46243 -5.6
      vertex 70.5 0.5 -5.6
      vertex 69.3259 1.77772 -5.6
    endloop
  endfacet
  facet normal 0 0 1
    outer loop
      vertex 69.5 60.5 -5.6
      vertex 70.1344 60.273 -5.6
      vertex 70.0556 60.3315 -5.6
    endloop
  endfacet
  facet normal -0 0 1
    outer loop
      vertex 68.8284 1.17157 -5.6
      vertex 70.5 0.5 -5.6
      vertex 69.092 1.46243 -5.6
    endloop
  endfacet
  facet normal 0 0 1
    outer loop
      vertex 70.5 0.5 -5.6
      vertex 68.8284 1.17157 -5.6
      vertex 70.4952 0.401982 -5.6
    endloop
  endfacet
  facet normal 0 0 1
    outer loop
      vertex 70.5 59.5 -5.6
      vertex 69.9807 47.4871 -5.6
      vertex 70 47.095 -5.6
    endloop
  endfacet
  facet normal 0 0 1
    outer loop
      vertex 69.5 60.5 -5.6
      vertex 70.0556 60.3315 -5.6
      vertex 69.9714 60.3819 -5.6
    endloop
  endfacet
  facet normal 0 0 1
    outer loop
      vertex 70.5 59.5 -5.6
      vertex 69.9231 47.8754 -5.6
      vertex 69.9807 47.4871 -5.6
    endloop
  endfacet
  facet normal 0 0 1
    outer loop
      vertex 69.5 60.5 -5.6
      vertex 69.9714 60.3819 -5.6
      vertex 69.8827 60.4239 -5.6
    endloop
  endfacet
  facet normal 0 0 1
    outer loop
      vertex 70.5 59.5 -5.6
      vertex 69.8278 48.2561 -5.6
      vertex 69.9231 47.8754 -5.6
    endloop
  endfacet
  facet normal 0 0 1
    outer loop
      vertex 69.5 60.5 -5.6
      vertex 69.8827 60.4239 -5.6
      vertex 69.7903 60.4569 -5.6
    endloop
  endfacet
  facet normal 0 0 1
    outer loop
      vertex 70.5 59.5 -5.6
      vertex 69.6955 48.6257 -5.6
      vertex 69.8278 48.2561 -5.6
    endloop
  endfacet
  facet normal 0 0 1
    outer loop
      vertex 69.5 60.5 -5.6
      vertex 69.7903 60.4569 -5.6
      vertex 69.6951 60.4808 -5.6
    endloop
  endfacet
  facet normal 0 0 1
    outer loop
      vertex 69.5 60.5 -5.6
      vertex 69.6951 60.4808 -5.6
      vertex 69.598 60.4952 -5.6
    endloop
  endfacet
  facet normal 0 0 1
    outer loop
      vertex 70.5 59.5 -5.6
      vertex 69.5277 48.9806 -5.6
      vertex 69.6955 48.6257 -5.6
    endloop
  endfacet
  facet normal 0 0 1
    outer loop
      vertex 66 51.095 -5.6
      vertex 70.5 59.5 -5.6
      vertex 69.5 60.5 -5.6
    endloop
  endfacet
  facet normal 0 0 1
    outer loop
      vertex 70.5 59.5 -5.6
      vertex 69.3259 49.3173 -5.6
      vertex 69.5277 48.9806 -5.6
    endloop
  endfacet
  facet normal 0 0 1
    outer loop
      vertex 70.5 59.5 -5.6
      vertex 69.092 49.6326 -5.6
      vertex 69.3259 49.3173 -5.6
    endloop
  endfacet
  facet normal 0 0 1
    outer loop
      vertex 70.5 59.5 -5.6
      vertex 68.8284 49.9234 -5.6
      vertex 69.092 49.6326 -5.6
    endloop
  endfacet
  facet normal 0 0 1
    outer loop
      vertex 70.5 59.5 -5.6
      vertex 68.5376 50.187 -5.6
      vertex 68.8284 49.9234 -5.6
    endloop
  endfacet
  facet normal 0 0 1
    outer loop
      vertex 70.5 59.5 -5.6
      vertex 68.2223 50.4209 -5.6
      vertex 68.5376 50.187 -5.6
    endloop
  endfacet
  facet normal 0 0 1
    outer loop
      vertex 70.5 59.5 -5.6
      vertex 67.8856 50.6227 -5.6
      vertex 68.2223 50.4209 -5.6
    endloop
  endfacet
  facet normal 0 0 1
    outer loop
      vertex 70.5 59.5 -5.6
      vertex 67.5307 50.7905 -5.6
      vertex 67.8856 50.6227 -5.6
    endloop
  endfacet
  facet normal 0 0 1
    outer loop
      vertex 70.5 59.5 -5.6
      vertex 67.1611 50.9228 -5.6
      vertex 67.5307 50.7905 -5.6
    endloop
  endfacet
  facet normal 0 0 1
    outer loop
      vertex 70.5 59.5 -5.6
      vertex 66.7804 51.0181 -5.6
      vertex 67.1611 50.9228 -5.6
    endloop
  endfacet
  facet normal 0 0 1
    outer loop
      vertex 70.5 59.5 -5.6
      vertex 66.3921 51.0757 -5.6
      vertex 66.7804 51.0181 -5.6
    endloop
  endfacet
  facet normal 0 0 1
    outer loop
      vertex 70.5 59.5 -5.6
      vertex 66 51.095 -5.6
      vertex 66.3921 51.0757 -5.6
    endloop
  endfacet
  facet normal 0 0 1
    outer loop
      vertex 69.5 60.5 -5.6
      vertex 65.6079 51.0757 -5.6
      vertex 66 51.095 -5.6
    endloop
  endfacet
  facet normal 0 0 1
    outer loop
      vertex 69.5 60.5 -5.6
      vertex 65.2196 51.0181 -5.6
      vertex 65.6079 51.0757 -5.6
    endloop
  endfacet
  facet normal 0 0 1
    outer loop
      vertex 69.5 60.5 -5.6
      vertex 64.8389 50.9228 -5.6
      vertex 65.2196 51.0181 -5.6
    endloop
  endfacet
  facet normal 0 0 1
    outer loop
      vertex 69.5 60.5 -5.6
      vertex 64.4693 50.7905 -5.6
      vertex 64.8389 50.9228 -5.6
    endloop
  endfacet
  facet normal 0 0 1
    outer loop
      vertex 69.5 60.5 -5.6
      vertex 64.1144 50.6227 -5.6
      vertex 64.4693 50.7905 -5.6
    endloop
  endfacet
  facet normal 0 0 1
    outer loop
      vertex 69.5 60.5 -5.6
      vertex 63.7777 50.4209 -5.6
      vertex 64.1144 50.6227 -5.6
    endloop
  endfacet
  facet normal 0 0 1
    outer loop
      vertex 69.5 60.5 -5.6
      vertex 63.4624 50.187 -5.6
      vertex 63.7777 50.4209 -5.6
    endloop
  endfacet
  facet normal 0 0 1
    outer loop
      vertex 69.5 60.5 -5.6
      vertex 63.1716 49.9234 -5.6
      vertex 63.4624 50.187 -5.6
    endloop
  endfacet
  facet normal 0 0 1
    outer loop
      vertex 69.5 60.5 -5.6
      vertex 62.908 49.6326 -5.6
      vertex 63.1716 49.9234 -5.6
    endloop
  endfacet
  facet normal 0 0 1
    outer loop
      vertex 7.09204 49.6326 -5.6
      vertex 62.908 49.6326 -5.6
      vertex 69.5 60.5 -5.6
    endloop
  endfacet
  facet normal 0 0 1
    outer loop
      vertex 62.0769 4.78036 -5.6
      vertex 8 4 -5.6
      vertex 62.0193 4.39207 -5.6
    endloop
  endfacet
  facet normal 0 0 1
    outer loop
      vertex 62.0193 47.4871 -5.6
      vertex 8 47.095 -5.6
      vertex 62 47.095 -5.6
    endloop
  endfacet
  facet normal 0 0 1
    outer loop
      vertex 7.98074 47.4871 -5.6
      vertex 62.0193 47.4871 -5.6
      vertex 62.0769 47.8754 -5.6
    endloop
  endfacet
  facet normal 0 0 1
    outer loop
      vertex 7.92314 47.8754 -5.6
      vertex 62.0769 47.8754 -5.6
      vertex 62.1722 48.2561 -5.6
    endloop
  endfacet
  facet normal 0 0 1
    outer loop
      vertex 7.82776 48.2561 -5.6
      vertex 62.1722 48.2561 -5.6
      vertex 62.3045 48.6257 -5.6
    endloop
  endfacet
  facet normal 0 0 1
    outer loop
      vertex 7.69552 48.6257 -5.6
      vertex 62.3045 48.6257 -5.6
      vertex 62.4723 48.9806 -5.6
    endloop
  endfacet
  facet normal 0 0 1
    outer loop
      vertex 7.52768 48.9806 -5.6
      vertex 62.4723 48.9806 -5.6
      vertex 62.6741 49.3173 -5.6
    endloop
  endfacet
  facet normal 0 0 1
    outer loop
      vertex 62.908 49.6326 -5.6
      vertex 7.09204 49.6326 -5.6
      vertex 62.6741 49.3173 -5.6
    endloop
  endfacet
  facet normal 0 0 1
    outer loop
      vertex 62.0193 47.4871 -5.6
      vertex 7.98074 47.4871 -5.6
      vertex 8 47.095 -5.6
    endloop
  endfacet
  facet normal 0 0 1
    outer loop
      vertex 62.0769 47.8754 -5.6
      vertex 7.92314 47.8754 -5.6
      vertex 7.98074 47.4871 -5.6
    endloop
  endfacet
  facet normal 0 0 1
    outer loop
      vertex 62.1722 48.2561 -5.6
      vertex 7.82776 48.2561 -5.6
      vertex 7.92314 47.8754 -5.6
    endloop
  endfacet
  facet normal 0 0 1
    outer loop
      vertex 62.3045 48.6257 -5.6
      vertex 7.69552 48.6257 -5.6
      vertex 7.82776 48.2561 -5.6
    endloop
  endfacet
  facet normal 0 0 1
    outer loop
      vertex 62.4723 48.9806 -5.6
      vertex 7.52768 48.9806 -5.6
      vertex 7.69552 48.6257 -5.6
    endloop
  endfacet
  facet normal 0 0 1
    outer loop
      vertex 62.6741 49.3173 -5.6
      vertex 7.32588 49.3173 -5.6
      vertex 7.52768 48.9806 -5.6
    endloop
  endfacet
  facet normal 0 0 1
    outer loop
      vertex 62.6741 49.3173 -5.6
      vertex 7.09204 49.6326 -5.6
      vertex 7.32588 49.3173 -5.6
    endloop
  endfacet
  facet normal -0 0 1
    outer loop
      vertex 0.5 60.5 -5.6
      vertex 7.09204 49.6326 -5.6
      vertex 69.5 60.5 -5.6
    endloop
  endfacet
  facet normal 0 0 1
    outer loop
      vertex 7.09204 49.6326 -5.6
      vertex 0.5 60.5 -5.6
      vertex 6.82843 49.9234 -5.6
    endloop
  endfacet
  facet normal 0 0 1
    outer loop
      vertex 6.82843 49.9234 -5.6
      vertex 0.5 60.5 -5.6
      vertex 6.53757 50.187 -5.6
    endloop
  endfacet
  facet normal 0 0 1
    outer loop
      vertex 6.53757 50.187 -5.6
      vertex 0.5 60.5 -5.6
      vertex 6.22228 50.4209 -5.6
    endloop
  endfacet
  facet normal 0 0 1
    outer loop
      vertex 6.22228 50.4209 -5.6
      vertex 0.5 60.5 -5.6
      vertex 5.88559 50.6227 -5.6
    endloop
  endfacet
  facet normal 0 0 1
    outer loop
      vertex 5.88559 50.6227 -5.6
      vertex 0.5 60.5 -5.6
      vertex 5.53073 50.7905 -5.6
    endloop
  endfacet
  facet normal 0 0 1
    outer loop
      vertex 5.53073 50.7905 -5.6
      vertex 0.5 60.5 -5.6
      vertex 5.16114 50.9228 -5.6
    endloop
  endfacet
  facet normal 0 0 1
    outer loop
      vertex 5.16114 50.9228 -5.6
      vertex 0.5 60.5 -5.6
      vertex 4.78036 51.0181 -5.6
    endloop
  endfacet
  facet normal 0 0 1
    outer loop
      vertex 4.78036 51.0181 -5.6
      vertex 0.5 60.5 -5.6
      vertex 4.39207 51.0757 -5.6
    endloop
  endfacet
  facet normal 0 0 1
    outer loop
      vertex 4.39207 51.0757 -5.6
      vertex 0.5 60.5 -5.6
      vertex 4 51.095 -5.6
    endloop
  endfacet
  facet normal -0 0 1
    outer loop
      vertex -0.5 59.5 -5.6
      vertex 4 51.095 -5.6
      vertex 0.5 60.5 -5.6
    endloop
  endfacet
  facet normal 0 0 1
    outer loop
      vertex 4 51.095 -5.6
      vertex -0.5 59.5 -5.6
      vertex 3.60793 51.0757 -5.6
    endloop
  endfacet
  facet normal 0 0 1
    outer loop
      vertex 3.60793 51.0757 -5.6
      vertex -0.5 59.5 -5.6
      vertex 3.21964 51.0181 -5.6
    endloop
  endfacet
  facet normal 0 0 1
    outer loop
      vertex 3.21964 51.0181 -5.6
      vertex -0.5 59.5 -5.6
      vertex 2.83886 50.9228 -5.6
    endloop
  endfacet
  facet normal 0 0 1
    outer loop
      vertex 2.83886 50.9228 -5.6
      vertex -0.5 59.5 -5.6
      vertex 2.46927 50.7905 -5.6
    endloop
  endfacet
  facet normal 0 0 1
    outer loop
      vertex 2.46927 50.7905 -5.6
      vertex -0.5 59.5 -5.6
      vertex 2.11441 50.6227 -5.6
    endloop
  endfacet
  facet normal 0 0 1
    outer loop
      vertex 2.11441 50.6227 -5.6
      vertex -0.5 59.5 -5.6
      vertex 1.77772 50.4209 -5.6
    endloop
  endfacet
  facet normal 0 0 1
    outer loop
      vertex 1.77772 50.4209 -5.6
      vertex -0.5 59.5 -5.6
      vertex 1.46243 50.187 -5.6
    endloop
  endfacet
  facet normal 0 0 1
    outer loop
      vertex 1.46243 50.187 -5.6
      vertex -0.5 59.5 -5.6
      vertex 1.17157 49.9234 -5.6
    endloop
  endfacet
  facet normal 0 0 1
    outer loop
      vertex 1.17157 49.9234 -5.6
      vertex -0.5 59.5 -5.6
      vertex 0.907958 49.6326 -5.6
    endloop
  endfacet
  facet normal 0 0 1
    outer loop
      vertex 0.907958 49.6326 -5.6
      vertex -0.5 59.5 -5.6
      vertex 0.674121 49.3173 -5.6
    endloop
  endfacet
  facet normal 0 0 1
    outer loop
      vertex -0.5 59.5 -5.6
      vertex 0.5 60.5 -5.6
      vertex 0.401982 60.4952 -5.6
    endloop
  endfacet
  facet normal 0 0 1
    outer loop
      vertex -0.5 59.5 -5.6
      vertex 0.401982 60.4952 -5.6
      vertex 0.304909 60.4808 -5.6
    endloop
  endfacet
  facet normal 0 0 1
    outer loop
      vertex 0.674121 49.3173 -5.6
      vertex -0.5 59.5 -5.6
      vertex 0.472315 48.9806 -5.6
    endloop
  endfacet
  facet normal 0 0 1
    outer loop
      vertex -0.5 59.5 -5.6
      vertex 0.304909 60.4808 -5.6
      vertex 0.209715 60.4569 -5.6
    endloop
  endfacet
  facet normal 0 0 1
    outer loop
      vertex 0.472315 48.9806 -5.6
      vertex -0.5 59.5 -5.6
      vertex 0.304482 48.6257 -5.6
    endloop
  endfacet
  facet normal 0 0 1
    outer loop
      vertex -0.5 59.5 -5.6
      vertex 0.209715 60.4569 -5.6
      vertex 0.117316 60.4239 -5.6
    endloop
  endfacet
  facet normal 0 0 1
    outer loop
      vertex 0.304482 48.6257 -5.6
      vertex -0.5 59.5 -5.6
      vertex 0.172238 48.2561 -5.6
    endloop
  endfacet
  facet normal 0 0 1
    outer loop
      vertex -0.5 59.5 -5.6
      vertex 0.117316 60.4239 -5.6
      vertex 0.0286026 60.3819 -5.6
    endloop
  endfacet
  facet normal 0 0 1
    outer loop
      vertex 0.172238 48.2561 -5.6
      vertex -0.5 59.5 -5.6
      vertex 0.0768585 47.8754 -5.6
    endloop
  endfacet
  facet normal 0 0 1
    outer loop
      vertex 0.0768585 47.8754 -5.6
      vertex -0.5 59.5 -5.6
      vertex 0.0192604 47.4871 -5.6
    endloop
  endfacet
  facet normal 0 0 1
    outer loop
      vertex 0.0192604 47.4871 -5.6
      vertex -0.5 59.5 -5.6
      vertex 0 47.095 -5.6
    endloop
  endfacet
  facet normal 0 0 1
    outer loop
      vertex -0.5 59.5 -5.6
      vertex 0.0286026 60.3819 -5.6
      vertex -0.0555696 60.3315 -5.6
    endloop
  endfacet
  facet normal 0 0 1
    outer loop
      vertex 70.4952 0.401982 -5.6
      vertex 68.8284 1.17157 -5.6
      vertex 70.4808 0.304909 -5.6
    endloop
  endfacet
  facet normal 0 0 1
    outer loop
      vertex 70.4808 0.304909 -5.6
      vertex 68.8284 1.17157 -5.6
      vertex 70.4569 0.209715 -5.6
    endloop
  endfacet
  facet normal 0 0 1
    outer loop
      vertex 70.4569 0.209715 -5.6
      vertex 68.8284 1.17157 -5.6
      vertex 70.4239 0.117316 -5.6
    endloop
  endfacet
  facet normal 0 0 1
    outer loop
      vertex 70.4239 0.117316 -5.6
      vertex 68.8284 1.17157 -5.6
      vertex 70.3819 0.0286026 -5.6
    endloop
  endfacet
  facet normal 0 0 1
    outer loop
      vertex 70.3819 0.0286026 -5.6
      vertex 68.8284 1.17157 -5.6
      vertex 70.3315 -0.0555696 -5.6
    endloop
  endfacet
  facet normal 0 0 1
    outer loop
      vertex 70.3315 -0.0555696 -5.6
      vertex 68.8284 1.17157 -5.6
      vertex 70.273 -0.134393 -5.6
    endloop
  endfacet
  facet normal 0 0 1
    outer loop
      vertex 70.273 -0.134393 -5.6
      vertex 68.8284 1.17157 -5.6
      vertex 70.2071 -0.207107 -5.6
    endloop
  endfacet
  facet normal 0 0 1
    outer loop
      vertex 70.2071 -0.207107 -5.6
      vertex 68.8284 1.17157 -5.6
      vertex 70.1344 -0.27301 -5.6
    endloop
  endfacet
  facet normal 0 0 1
    outer loop
      vertex 70.1344 -0.27301 -5.6
      vertex 68.8284 1.17157 -5.6
      vertex 70.0556 -0.33147 -5.6
    endloop
  endfacet
  facet normal 0 0 1
    outer loop
      vertex 70.0556 -0.33147 -5.6
      vertex 68.8284 1.17157 -5.6
      vertex 69.9714 -0.381921 -5.6
    endloop
  endfacet
  facet normal 0 0 1
    outer loop
      vertex 69.9714 -0.381921 -5.6
      vertex 68.8284 1.17157 -5.6
      vertex 69.8827 -0.423879 -5.6
    endloop
  endfacet
  facet normal 0 0 1
    outer loop
      vertex 69.8827 -0.423879 -5.6
      vertex 68.8284 1.17157 -5.6
      vertex 69.7903 -0.45694 -5.6
    endloop
  endfacet
  facet normal 0 0 1
    outer loop
      vertex 69.7903 -0.45694 -5.6
      vertex 68.8284 1.17157 -5.6
      vertex 69.6951 -0.480784 -5.6
    endloop
  endfacet
  facet normal 0 0 1
    outer loop
      vertex 69.6951 -0.480784 -5.6
      vertex 68.8284 1.17157 -5.6
      vertex 69.598 -0.495184 -5.6
    endloop
  endfacet
  facet normal 0 0 1
    outer loop
      vertex 69.598 -0.495184 -5.6
      vertex 68.8284 1.17157 -5.6
      vertex 69.5 -0.5 -5.6
    endloop
  endfacet
  facet normal -0 0 1
    outer loop
      vertex 68.5376 0.907958 -5.6
      vertex 69.5 -0.5 -5.6
      vertex 68.8284 1.17157 -5.6
    endloop
  endfacet
  facet normal -0 0 1
    outer loop
      vertex 68.2223 0.674121 -5.6
      vertex 69.5 -0.5 -5.6
      vertex 68.5376 0.907958 -5.6
    endloop
  endfacet
  facet normal -0 0 1
    outer loop
      vertex 67.8856 0.472315 -5.6
      vertex 69.5 -0.5 -5.6
      vertex 68.2223 0.674121 -5.6
    endloop
  endfacet
  facet normal -0 0 1
    outer loop
      vertex 67.5307 0.304482 -5.6
      vertex 69.5 -0.5 -5.6
      vertex 67.8856 0.472315 -5.6
    endloop
  endfacet
  facet normal -0 0 1
    outer loop
      vertex 67.1611 0.172238 -5.6
      vertex 69.5 -0.5 -5.6
      vertex 67.5307 0.304482 -5.6
    endloop
  endfacet
  facet normal -0 0 1
    outer loop
      vertex 66.7804 0.0768585 -5.6
      vertex 69.5 -0.5 -5.6
      vertex 67.1611 0.172238 -5.6
    endloop
  endfacet
  facet normal -0 0 1
    outer loop
      vertex 66.3921 0.0192604 -5.6
      vertex 69.5 -0.5 -5.6
      vertex 66.7804 0.0768585 -5.6
    endloop
  endfacet
  facet normal -0 0 1
    outer loop
      vertex 66 0 -5.6
      vertex 69.5 -0.5 -5.6
      vertex 66.3921 0.0192604 -5.6
    endloop
  endfacet
  facet normal 0 0 1
    outer loop
      vertex 65.6079 0.0192604 -5.6
      vertex 69.5 -0.5 -5.6
      vertex 66 0 -5.6
    endloop
  endfacet
  facet normal 0 0 1
    outer loop
      vertex 62.0193 4.39207 -5.6
      vertex 8 4 -5.6
      vertex 62 4 -5.6
    endloop
  endfacet
  facet normal 0 0 1
    outer loop
      vertex 62 4 -5.6
      vertex 8 4 -5.6
      vertex 62.0193 3.60793 -5.6
    endloop
  endfacet
  facet normal 0 0 1
    outer loop
      vertex 7.98074 3.60793 -5.6
      vertex 62.0193 3.60793 -5.6
      vertex 8 4 -5.6
    endloop
  endfacet
  facet normal 0 0 1
    outer loop
      vertex 62.0193 3.60793 -5.6
      vertex 7.98074 3.60793 -5.6
      vertex 62.0769 3.21964 -5.6
    endloop
  endfacet
  facet normal 0 0 1
    outer loop
      vertex 7.92314 3.21964 -5.6
      vertex 62.0769 3.21964 -5.6
      vertex 7.98074 3.60793 -5.6
    endloop
  endfacet
  facet normal 0 0 1
    outer loop
      vertex 62.0769 3.21964 -5.6
      vertex 7.92314 3.21964 -5.6
      vertex 62.1722 2.83886 -5.6
    endloop
  endfacet
  facet normal 0 0 1
    outer loop
      vertex 7.82776 2.83886 -5.6
      vertex 62.1722 2.83886 -5.6
      vertex 7.92314 3.21964 -5.6
    endloop
  endfacet
  facet normal 0 0 1
    outer loop
      vertex 62.1722 2.83886 -5.6
      vertex 7.82776 2.83886 -5.6
      vertex 62.3045 2.46927 -5.6
    endloop
  endfacet
  facet normal 0 0 1
    outer loop
      vertex 7.69552 2.46927 -5.6
      vertex 62.3045 2.46927 -5.6
      vertex 7.82776 2.83886 -5.6
    endloop
  endfacet
  facet normal 0 0 1
    outer loop
      vertex 62.3045 2.46927 -5.6
      vertex 7.69552 2.46927 -5.6
      vertex 62.4723 2.11441 -5.6
    endloop
  endfacet
  facet normal 0 0 1
    outer loop
      vertex 7.52768 2.11441 -5.6
      vertex 62.4723 2.11441 -5.6
      vertex 7.69552 2.46927 -5.6
    endloop
  endfacet
  facet normal 0 0 1
    outer loop
      vertex 62.4723 2.11441 -5.6
      vertex 7.52768 2.11441 -5.6
      vertex 62.6741 1.77772 -5.6
    endloop
  endfacet
  facet normal 0 0 1
    outer loop
      vertex 7.32588 1.77772 -5.6
      vertex 62.6741 1.77772 -5.6
      vertex 7.52768 2.11441 -5.6
    endloop
  endfacet
  facet normal 0 0 1
    outer loop
      vertex 62.6741 1.77772 -5.6
      vertex 7.32588 1.77772 -5.6
      vertex 62.908 1.46243 -5.6
    endloop
  endfacet
  facet normal 0 0 1
    outer loop
      vertex 7.09204 1.46243 -5.6
      vertex 62.908 1.46243 -5.6
      vertex 7.32588 1.77772 -5.6
    endloop
  endfacet
  facet normal 0 0 1
    outer loop
      vertex 62.908 1.46243 -5.6
      vertex 7.09204 1.46243 -5.6
      vertex 63.1716 1.17157 -5.6
    endloop
  endfacet
  facet normal 0 0 1
    outer loop
      vertex 6.82843 1.17157 -5.6
      vertex 63.1716 1.17157 -5.6
      vertex 7.09204 1.46243 -5.6
    endloop
  endfacet
  facet normal 0 0 1
    outer loop
      vertex 63.1716 1.17157 -5.6
      vertex 6.82843 1.17157 -5.6
      vertex 63.4624 0.907958 -5.6
    endloop
  endfacet
  facet normal 0 0 1
    outer loop
      vertex 6.53757 0.907958 -5.6
      vertex 63.4624 0.907958 -5.6
      vertex 6.82843 1.17157 -5.6
    endloop
  endfacet
  facet normal 0 0 1
    outer loop
      vertex 63.4624 0.907958 -5.6
      vertex 6.53757 0.907958 -5.6
      vertex 63.7777 0.674121 -5.6
    endloop
  endfacet
  facet normal 0 0 1
    outer loop
      vertex 6.22228 0.674121 -5.6
      vertex 63.7777 0.674121 -5.6
      vertex 6.53757 0.907958 -5.6
    endloop
  endfacet
  facet normal 0 0 1
    outer loop
      vertex 63.7777 0.674121 -5.6
      vertex 6.22228 0.674121 -5.6
      vertex 64.1144 0.472315 -5.6
    endloop
  endfacet
  facet normal 0 0 1
    outer loop
      vertex 5.88559 0.472315 -5.6
      vertex 64.1144 0.472315 -5.6
      vertex 6.22228 0.674121 -5.6
    endloop
  endfacet
  facet normal 0 0 1
    outer loop
      vertex 64.1144 0.472315 -5.6
      vertex 5.88559 0.472315 -5.6
      vertex 64.4693 0.304482 -5.6
    endloop
  endfacet
  facet normal 0 0 1
    outer loop
      vertex 5.53073 0.304482 -5.6
      vertex 64.4693 0.304482 -5.6
      vertex 5.88559 0.472315 -5.6
    endloop
  endfacet
  facet normal 0 0 1
    outer loop
      vertex 64.4693 0.304482 -5.6
      vertex 5.53073 0.304482 -5.6
      vertex 64.8389 0.172238 -5.6
    endloop
  endfacet
  facet normal 0 0 1
    outer loop
      vertex 5.16114 0.172238 -5.6
      vertex 64.8389 0.172238 -5.6
      vertex 5.53073 0.304482 -5.6
    endloop
  endfacet
  facet normal 0 0 1
    outer loop
      vertex 64.8389 0.172238 -5.6
      vertex 5.16114 0.172238 -5.6
      vertex 65.2196 0.0768585 -5.6
    endloop
  endfacet
  facet normal 0 0 1
    outer loop
      vertex 4.78036 0.0768585 -5.6
      vertex 65.2196 0.0768585 -5.6
      vertex 5.16114 0.172238 -5.6
    endloop
  endfacet
  facet normal 0 0 1
    outer loop
      vertex 65.2196 0.0768585 -5.6
      vertex 4.78036 0.0768585 -5.6
      vertex 65.6079 0.0192604 -5.6
    endloop
  endfacet
  facet normal 0 0 1
    outer loop
      vertex 4.39207 0.0192604 -5.6
      vertex 65.6079 0.0192604 -5.6
      vertex 4.78036 0.0768585 -5.6
    endloop
  endfacet
  facet normal 0 0 1
    outer loop
      vertex 65.6079 0.0192604 -5.6
      vertex 4.39207 0.0192604 -5.6
      vertex 69.5 -0.5 -5.6
    endloop
  endfacet
  facet normal 0 0 1
    outer loop
      vertex 0.5 -0.5 -5.6
      vertex 4.39207 0.0192604 -5.6
      vertex 4 0 -5.6
    endloop
  endfacet
  facet normal 0 0 1
    outer loop
      vertex 4.39207 0.0192604 -5.6
      vertex 0.5 -0.5 -5.6
      vertex 69.5 -0.5 -5.6
    endloop
  endfacet
  facet normal 0 0 1
    outer loop
      vertex 3.60793 0.0192604 -5.6
      vertex 0.5 -0.5 -5.6
      vertex 4 0 -5.6
    endloop
  endfacet
  facet normal 0 0 1
    outer loop
      vertex 3.21964 0.0768585 -5.6
      vertex 0.5 -0.5 -5.6
      vertex 3.60793 0.0192604 -5.6
    endloop
  endfacet
  facet normal 0 0 1
    outer loop
      vertex 2.83886 0.172238 -5.6
      vertex 0.5 -0.5 -5.6
      vertex 3.21964 0.0768585 -5.6
    endloop
  endfacet
  facet normal 0 0 1
    outer loop
      vertex 2.46927 0.304482 -5.6
      vertex 0.5 -0.5 -5.6
      vertex 2.83886 0.172238 -5.6
    endloop
  endfacet
  facet normal 0 0 1
    outer loop
      vertex 2.11441 0.472315 -5.6
      vertex 0.5 -0.5 -5.6
      vertex 2.46927 0.304482 -5.6
    endloop
  endfacet
  facet normal 0 0 1
    outer loop
      vertex 1.77772 0.674121 -5.6
      vertex 0.5 -0.5 -5.6
      vertex 2.11441 0.472315 -5.6
    endloop
  endfacet
  facet normal 0 0 1
    outer loop
      vertex 1.46243 0.907958 -5.6
      vertex 0.5 -0.5 -5.6
      vertex 1.77772 0.674121 -5.6
    endloop
  endfacet
  facet normal 0 0 1
    outer loop
      vertex 1.17157 1.17157 -5.6
      vertex 0.5 -0.5 -5.6
      vertex 1.46243 0.907958 -5.6
    endloop
  endfacet
  facet normal 0 0 1
    outer loop
      vertex -0.5 0.5 -5.6
      vertex 1.17157 1.17157 -5.6
      vertex 0.907958 1.46243 -5.6
    endloop
  endfacet
  facet normal 0 0 1
    outer loop
      vertex -0.5 0.5 -5.6
      vertex 0.907958 1.46243 -5.6
      vertex 0.674121 1.77772 -5.6
    endloop
  endfacet
  facet normal 0 0 1
    outer loop
      vertex -0.5 0.5 -5.6
      vertex 0.674121 1.77772 -5.6
      vertex 0.472315 2.11441 -5.6
    endloop
  endfacet
  facet normal 0 -0 1
    outer loop
      vertex -0.27301 -0.134393 -5.6
      vertex 1.17157 1.17157 -5.6
      vertex -0.5 0.5 -5.6
    endloop
  endfacet
  facet normal 0 0 1
    outer loop
      vertex 1.17157 1.17157 -5.6
      vertex 0.401982 -0.495184 -5.6
      vertex 0.5 -0.5 -5.6
    endloop
  endfacet
  facet normal 0 0 1
    outer loop
      vertex -0.5 0.5 -5.6
      vertex 0.472315 2.11441 -5.6
      vertex 0.304482 2.46927 -5.6
    endloop
  endfacet
  facet normal 0 0 1
    outer loop
      vertex 1.17157 1.17157 -5.6
      vertex 0.304909 -0.480784 -5.6
      vertex 0.401982 -0.495184 -5.6
    endloop
  endfacet
  facet normal 0 0 1
    outer loop
      vertex -0.5 0.5 -5.6
      vertex 0.304482 2.46927 -5.6
      vertex 0.172238 2.83886 -5.6
    endloop
  endfacet
  facet normal 0 0 1
    outer loop
      vertex 1.17157 1.17157 -5.6
      vertex 0.209715 -0.45694 -5.6
      vertex 0.304909 -0.480784 -5.6
    endloop
  endfacet
  facet normal 0 0 1
    outer loop
      vertex -0.5 0.5 -5.6
      vertex 0.172238 2.83886 -5.6
      vertex 0.0768585 3.21964 -5.6
    endloop
  endfacet
  facet normal 0 0 1
    outer loop
      vertex 1.17157 1.17157 -5.6
      vertex 0.117316 -0.423879 -5.6
      vertex 0.209715 -0.45694 -5.6
    endloop
  endfacet
  facet normal 0 0 1
    outer loop
      vertex -0.5 0.5 -5.6
      vertex 0.0768585 3.21964 -5.6
      vertex 0.0192604 3.60793 -5.6
    endloop
  endfacet
  facet normal 0 0 1
    outer loop
      vertex -0.5 0.5 -5.6
      vertex 0.0192604 3.60793 -5.6
      vertex 0 4 -5.6
    endloop
  endfacet
  facet normal 0 0 1
    outer loop
      vertex 1.17157 1.17157 -5.6
      vertex 0.0286026 -0.381921 -5.6
      vertex 0.117316 -0.423879 -5.6
    endloop
  endfacet
  facet normal 0 0 1
    outer loop
      vertex -0.5 0.5 -5.6
      vertex 0 47.095 -5.6
      vertex -0.5 59.5 -5.6
    endloop
  endfacet
  facet normal 0 0 1
    outer loop
      vertex -0.5 59.5 -5.6
      vertex -0.0555696 60.3315 -5.6
      vertex -0.134393 60.273 -5.6
    endloop
  endfacet
  facet normal 0 0 1
    outer loop
      vertex 0.0192604 4.39207 -5.6
      vertex -0.5 0.5 -5.6
      vertex 0 4 -5.6
    endloop
  endfacet
  facet normal 0 0 1
    outer loop
      vertex -0.5 59.5 -5.6
      vertex -0.134393 60.273 -5.6
      vertex -0.207107 60.2071 -5.6
    endloop
  endfacet
  facet normal 0 0 1
    outer loop
      vertex 1.17157 1.17157 -5.6
      vertex -0.0555696 -0.33147 -5.6
      vertex 0.0286026 -0.381921 -5.6
    endloop
  endfacet
  facet normal 0 0 1
    outer loop
      vertex -0.5 59.5 -5.6
      vertex -0.207107 60.2071 -5.6
      vertex -0.27301 60.1344 -5.6
    endloop
  endfacet
  facet normal 0 0 1
    outer loop
      vertex 1.17157 1.17157 -5.6
      vertex -0.134393 -0.27301 -5.6
      vertex -0.0555696 -0.33147 -5.6
    endloop
  endfacet
  facet normal 0 0 1
    outer loop
      vertex -0.5 59.5 -5.6
      vertex -0.27301 60.1344 -5.6
      vertex -0.33147 60.0556 -5.6
    endloop
  endfacet
  facet normal 0 0 1
    outer loop
      vertex 1.17157 1.17157 -5.6
      vertex -0.207107 -0.207107 -5.6
      vertex -0.134393 -0.27301 -5.6
    endloop
  endfacet
  facet normal 0 0 1
    outer loop
      vertex -0.5 59.5 -5.6
      vertex -0.33147 60.0556 -5.6
      vertex -0.381921 59.9714 -5.6
    endloop
  endfacet
  facet normal 0 0 1
    outer loop
      vertex 1.17157 1.17157 -5.6
      vertex -0.27301 -0.134393 -5.6
      vertex -0.207107 -0.207107 -5.6
    endloop
  endfacet
  facet normal 0 0 1
    outer loop
      vertex -0.5 59.5 -5.6
      vertex -0.381921 59.9714 -5.6
      vertex -0.423879 59.8827 -5.6
    endloop
  endfacet
  facet normal 0 0 1
    outer loop
      vertex -0.27301 -0.134393 -5.6
      vertex -0.5 0.5 -5.6
      vertex -0.33147 -0.0555696 -5.6
    endloop
  endfacet
  facet normal 0 0 1
    outer loop
      vertex -0.5 59.5 -5.6
      vertex -0.423879 59.8827 -5.6
      vertex -0.45694 59.7903 -5.6
    endloop
  endfacet
  facet normal 0 0 1
    outer loop
      vertex -0.33147 -0.0555696 -5.6
      vertex -0.5 0.5 -5.6
      vertex -0.381921 0.0286026 -5.6
    endloop
  endfacet
  facet normal 0 0 1
    outer loop
      vertex -0.5 59.5 -5.6
      vertex -0.45694 59.7903 -5.6
      vertex -0.480784 59.6951 -5.6
    endloop
  endfacet
  facet normal 0 0 1
    outer loop
      vertex -0.381921 0.0286026 -5.6
      vertex -0.5 0.5 -5.6
      vertex -0.423879 0.117316 -5.6
    endloop
  endfacet
  facet normal 0 0 1
    outer loop
      vertex -0.5 59.5 -5.6
      vertex -0.480784 59.6951 -5.6
      vertex -0.495184 59.598 -5.6
    endloop
  endfacet
  facet normal 0 0 1
    outer loop
      vertex -0.423879 0.117316 -5.6
      vertex -0.5 0.5 -5.6
      vertex -0.45694 0.209715 -5.6
    endloop
  endfacet
  facet normal 0 0 1
    outer loop
      vertex -0.45694 0.209715 -5.6
      vertex -0.5 0.5 -5.6
      vertex -0.480784 0.304909 -5.6
    endloop
  endfacet
  facet normal 0 0 1
    outer loop
      vertex -0.480784 0.304909 -5.6
      vertex -0.5 0.5 -5.6
      vertex -0.495184 0.401982 -5.6
    endloop
  endfacet
  facet normal -0.857957 0.513721 0
    outer loop
      vertex 70.3315 -0.0555696 -5.6
      vertex 70.3819 0.0286026 6
      vertex 70.3819 0.0286026 -5.6
    endloop
  endfacet
  facet normal -0.857957 0.513721 0
    outer loop
      vertex 70.3819 0.0286026 6
      vertex 70.3315 -0.0555696 -5.6
      vertex 70.3315 -0.0555696 6
    endloop
  endfacet
  facet normal 0.903991 0.427552 0
    outer loop
      vertex -0.381921 0.0286026 6
      vertex -0.423879 0.117316 -5.6
      vertex -0.423879 0.117316 6
    endloop
  endfacet
  facet normal 0.903991 0.427552 0
    outer loop
      vertex -0.423879 0.117316 -5.6
      vertex -0.381921 0.0286026 6
      vertex -0.381921 0.0286026 -5.6
    endloop
  endfacet
  facet normal 0.803205 0.595703 0
    outer loop
      vertex -0.27301 -0.134393 6
      vertex -0.33147 -0.0555696 -5.6
      vertex -0.33147 -0.0555696 6
    endloop
  endfacet
  facet normal 0.803205 0.595703 0
    outer loop
      vertex -0.33147 -0.0555696 -5.6
      vertex -0.27301 -0.134393 6
      vertex -0.27301 -0.134393 -5.6
    endloop
  endfacet
  facet normal 0.0490746 0.998795 -0
    outer loop
      vertex 0.5 -0.5 -5.6
      vertex 0.401982 -0.495184 6
      vertex 0.5 -0.5 6
    endloop
  endfacet
  facet normal 0.0490746 0.998795 0
    outer loop
      vertex 0.401982 -0.495184 6
      vertex 0.5 -0.5 -5.6
      vertex 0.401982 -0.495184 -5.6
    endloop
  endfacet
  facet normal 0.336891 0.941544 -0
    outer loop
      vertex 0.209715 -0.45694 -5.6
      vertex 0.117316 -0.423879 6
      vertex 0.209715 -0.45694 6
    endloop
  endfacet
  facet normal 0.336891 0.941544 0
    outer loop
      vertex 0.117316 -0.423879 6
      vertex 0.209715 -0.45694 -5.6
      vertex 0.117316 -0.423879 -5.6
    endloop
  endfacet
  facet normal 0.427552 0.903991 -0
    outer loop
      vertex 0.117316 -0.423879 -5.6
      vertex 0.0286026 -0.381921 6
      vertex 0.117316 -0.423879 6
    endloop
  endfacet
  facet normal 0.427552 0.903991 0
    outer loop
      vertex 0.0286026 -0.381921 6
      vertex 0.117316 -0.423879 -5.6
      vertex 0.0286026 -0.381921 -5.6
    endloop
  endfacet
  facet normal 0.514104 0.857728 -0
    outer loop
      vertex 0.0286026 -0.381921 -5.6
      vertex -0.0555696 -0.33147 6
      vertex 0.0286026 -0.381921 6
    endloop
  endfacet
  facet normal 0.514104 0.857728 0
    outer loop
      vertex -0.0555696 -0.33147 6
      vertex 0.0286026 -0.381921 -5.6
      vertex -0.0555696 -0.33147 -5.6
    endloop
  endfacet
  facet normal 0.671553 0.740957 -0
    outer loop
      vertex -0.134393 -0.27301 -5.6
      vertex -0.207107 -0.207107 6
      vertex -0.134393 -0.27301 6
    endloop
  endfacet
  facet normal 0.671553 0.740957 0
    outer loop
      vertex -0.207107 -0.207107 6
      vertex -0.134393 -0.27301 -5.6
      vertex -0.207107 -0.207107 -5.6
    endloop
  endfacet
  facet normal -0.242958 0.970037 0
    outer loop
      vertex 69.7903 -0.45694 -5.6
      vertex 69.6951 -0.480784 6
      vertex 69.7903 -0.45694 6
    endloop
  endfacet
  facet normal -0.242958 0.970037 0
    outer loop
      vertex 69.6951 -0.480784 6
      vertex 69.7903 -0.45694 -5.6
      vertex 69.6951 -0.480784 -5.6
    endloop
  endfacet
  facet normal -0.671624 0.740892 0
    outer loop
      vertex 70.2071 -0.207107 -5.6
      vertex 70.1344 -0.27301 6
      vertex 70.2071 -0.207107 6
    endloop
  endfacet
  facet normal -0.671624 0.740892 0
    outer loop
      vertex 70.1344 -0.27301 6
      vertex 70.2071 -0.207107 -5.6
      vertex 70.1344 -0.27301 -5.6
    endloop
  endfacet
  facet normal -0.998803 0.048912 0
    outer loop
      vertex 70.4952 0.401982 -5.6
      vertex 70.5 0.5 6
      vertex 70.5 0.5 -5.6
    endloop
  endfacet
  facet normal -0.998803 0.048912 0
    outer loop
      vertex 70.5 0.5 6
      vertex 70.4952 0.401982 -5.6
      vertex 70.4952 0.401982 6
    endloop
  endfacet
  facet normal -0.336336 -0.941742 0
    outer loop
      vertex 69.7903 60.4569 -5.6
      vertex 69.8827 60.4239 6
      vertex 69.7903 60.4569 6
    endloop
  endfacet
  facet normal -0.336336 -0.941742 -0
    outer loop
      vertex 69.8827 60.4239 6
      vertex 69.7903 60.4569 -5.6
      vertex 69.8827 60.4239 -5.6
    endloop
  endfacet
  facet normal -0.989182 -0.146696 0
    outer loop
      vertex 70.4952 59.598 -5.6
      vertex 70.4808 59.6951 6
      vertex 70.4808 59.6951 -5.6
    endloop
  endfacet
  facet normal -0.989182 -0.146696 0
    outer loop
      vertex 70.4808 59.6951 6
      vertex 70.4952 59.598 -5.6
      vertex 70.4952 59.598 6
    endloop
  endfacet
  facet normal -0.969902 -0.243494 0
    outer loop
      vertex 70.4808 59.6951 -5.6
      vertex 70.4569 59.7903 6
      vertex 70.4569 59.7903 -5.6
    endloop
  endfacet
  facet normal -0.969902 -0.243494 0
    outer loop
      vertex 70.4569 59.7903 6
      vertex 70.4808 59.6951 -5.6
      vertex 70.4808 59.6951 6
    endloop
  endfacet
  facet normal -0.941742 -0.336336 0
    outer loop
      vertex 70.4569 59.7903 -5.6
      vertex 70.4239 59.8827 6
      vertex 70.4239 59.8827 -5.6
    endloop
  endfacet
  facet normal -0.941742 -0.336336 0
    outer loop
      vertex 70.4239 59.8827 6
      vertex 70.4569 59.7903 -5.6
      vertex 70.4569 59.7903 6
    endloop
  endfacet
  facet normal -0.858032 -0.513596 0
    outer loop
      vertex 70.3819 59.9714 -5.6
      vertex 70.3315 60.0556 6
      vertex 70.3315 60.0556 -5.6
    endloop
  endfacet
  facet normal -0.858032 -0.513596 0
    outer loop
      vertex 70.3315 60.0556 6
      vertex 70.3819 59.9714 -5.6
      vertex 70.3819 59.9714 6
    endloop
  endfacet
  facet normal 0.595966 -0.80301 0
    outer loop
      vertex -0.134393 60.273 -5.6
      vertex -0.0555696 60.3315 6
      vertex -0.134393 60.273 6
    endloop
  endfacet
  facet normal 0.595966 -0.80301 0
    outer loop
      vertex -0.0555696 60.3315 6
      vertex -0.134393 60.273 -5.6
      vertex -0.0555696 60.3315 -5.6
    endloop
  endfacet
  facet normal 0.427902 -0.903825 0
    outer loop
      vertex 0.0286026 60.3819 -5.6
      vertex 0.117316 60.4239 6
      vertex 0.0286026 60.3819 6
    endloop
  endfacet
  facet normal 0.427902 -0.903825 0
    outer loop
      vertex 0.117316 60.4239 6
      vertex 0.0286026 60.3819 -5.6
      vertex 0.117316 60.4239 -5.6
    endloop
  endfacet
  facet normal 0.33634 -0.941741 0
    outer loop
      vertex 0.117316 60.4239 -5.6
      vertex 0.209715 60.4569 6
      vertex 0.117316 60.4239 6
    endloop
  endfacet
  facet normal 0.33634 -0.941741 0
    outer loop
      vertex 0.209715 60.4569 6
      vertex 0.117316 60.4239 -5.6
      vertex 0.209715 60.4569 -5.6
    endloop
  endfacet
  facet normal 0.243509 -0.969899 0
    outer loop
      vertex 0.209715 60.4569 -5.6
      vertex 0.304909 60.4808 6
      vertex 0.209715 60.4569 6
    endloop
  endfacet
  facet normal 0.243509 -0.969899 0
    outer loop
      vertex 0.304909 60.4808 6
      vertex 0.209715 60.4569 -5.6
      vertex 0.304909 60.4808 -5.6
    endloop
  endfacet
  facet normal -0.969899 0.243509 0
    outer loop
      vertex 70.4569 0.209715 -5.6
      vertex 70.4808 0.304909 6
      vertex 70.4808 0.304909 -5.6
    endloop
  endfacet
  facet normal -0.969899 0.243509 0
    outer loop
      vertex 70.4808 0.304909 6
      vertex 70.4569 0.209715 -5.6
      vertex 70.4569 0.209715 6
    endloop
  endfacet
  facet normal 0.989176 0.146736 0
    outer loop
      vertex -0.480784 0.304909 6
      vertex -0.495184 0.401982 -5.6
      vertex -0.495184 0.401982 6
    endloop
  endfacet
  facet normal 0.989176 0.146736 0
    outer loop
      vertex -0.495184 0.401982 -5.6
      vertex -0.480784 0.304909 6
      vertex -0.480784 0.304909 -5.6
    endloop
  endfacet
  facet normal 0.941544 0.336891 0
    outer loop
      vertex -0.423879 0.117316 6
      vertex -0.45694 0.209715 -5.6
      vertex -0.45694 0.209715 6
    endloop
  endfacet
  facet normal 0.941544 0.336891 0
    outer loop
      vertex -0.45694 0.209715 -5.6
      vertex -0.423879 0.117316 6
      vertex -0.423879 0.117316 -5.6
    endloop
  endfacet
  facet normal 0.857728 0.514104 0
    outer loop
      vertex -0.33147 -0.0555696 6
      vertex -0.381921 0.0286026 -5.6
      vertex -0.381921 0.0286026 6
    endloop
  endfacet
  facet normal 0.857728 0.514104 0
    outer loop
      vertex -0.381921 0.0286026 -5.6
      vertex -0.33147 -0.0555696 6
      vertex -0.33147 -0.0555696 -5.6
    endloop
  endfacet
  facet normal 0.242972 0.970033 -0
    outer loop
      vertex 0.304909 -0.480784 -5.6
      vertex 0.209715 -0.45694 6
      vertex 0.304909 -0.480784 6
    endloop
  endfacet
  facet normal 0.242972 0.970033 0
    outer loop
      vertex 0.209715 -0.45694 6
      vertex 0.304909 -0.480784 -5.6
      vertex 0.209715 -0.45694 -5.6
    endloop
  endfacet
  facet normal -0.0490836 0.998795 0
    outer loop
      vertex 69.598 -0.495184 -5.6
      vertex 69.5 -0.5 6
      vertex 69.598 -0.495184 6
    endloop
  endfacet
  facet normal -0.0490836 0.998795 0
    outer loop
      vertex 69.5 -0.5 6
      vertex 69.598 -0.495184 -5.6
      vertex 69.5 -0.5 -5.6
    endloop
  endfacet
  facet normal -0.146696 0.989182 0
    outer loop
      vertex 69.6951 -0.480784 -5.6
      vertex 69.598 -0.495184 6
      vertex 69.6951 -0.480784 6
    endloop
  endfacet
  facet normal -0.146696 0.989182 0
    outer loop
      vertex 69.598 -0.495184 6
      vertex 69.6951 -0.480784 -5.6
      vertex 69.598 -0.495184 -5.6
    endloop
  endfacet
  facet normal -0.427605 0.903966 0
    outer loop
      vertex 69.9714 -0.381921 -5.6
      vertex 69.8827 -0.423879 6
      vertex 69.9714 -0.381921 6
    endloop
  endfacet
  facet normal -0.427605 0.903966 0
    outer loop
      vertex 69.8827 -0.423879 6
      vertex 69.9714 -0.381921 -5.6
      vertex 69.8827 -0.423879 -5.6
    endloop
  endfacet
  facet normal -0.595817 0.80312 0
    outer loop
      vertex 70.1344 -0.27301 -5.6
      vertex 70.0556 -0.33147 6
      vertex 70.1344 -0.27301 6
    endloop
  endfacet
  facet normal -0.595817 0.80312 0
    outer loop
      vertex 70.0556 -0.33147 6
      vertex 70.1344 -0.27301 -5.6
      vertex 70.0556 -0.33147 -5.6
    endloop
  endfacet
  facet normal -0.513979 0.857803 0
    outer loop
      vertex 70.0556 -0.33147 -5.6
      vertex 69.9714 -0.381921 6
      vertex 70.0556 -0.33147 6
    endloop
  endfacet
  facet normal -0.513979 0.857803 0
    outer loop
      vertex 69.9714 -0.381921 6
      vertex 70.0556 -0.33147 -5.6
      vertex 69.9714 -0.381921 -5.6
    endloop
  endfacet
  facet normal -0.80301 0.595966 0
    outer loop
      vertex 70.273 -0.134393 -5.6
      vertex 70.3315 -0.0555696 6
      vertex 70.3315 -0.0555696 -5.6
    endloop
  endfacet
  facet normal -0.80301 0.595966 0
    outer loop
      vertex 70.3315 -0.0555696 6
      vertex 70.273 -0.134393 -5.6
      vertex 70.273 -0.134393 6
    endloop
  endfacet
  facet normal -0.941741 0.33634 0
    outer loop
      vertex 70.4239 0.117316 -5.6
      vertex 70.4569 0.209715 6
      vertex 70.4569 0.209715 -5.6
    endloop
  endfacet
  facet normal -0.941741 0.33634 0
    outer loop
      vertex 70.4569 0.209715 6
      vertex 70.4239 0.117316 -5.6
      vertex 70.4239 0.117316 6
    endloop
  endfacet
  facet normal -0.989176 0.146736 0
    outer loop
      vertex 70.4808 0.304909 -5.6
      vertex 70.4952 0.401982 6
      vertex 70.4952 0.401982 -5.6
    endloop
  endfacet
  facet normal -0.989176 0.146736 0
    outer loop
      vertex 70.4952 0.401982 6
      vertex 70.4808 0.304909 -5.6
      vertex 70.4808 0.304909 6
    endloop
  endfacet
  facet normal -0.243494 -0.969902 0
    outer loop
      vertex 69.6951 60.4808 -5.6
      vertex 69.7903 60.4569 6
      vertex 69.6951 60.4808 6
    endloop
  endfacet
  facet normal -0.243494 -0.969902 -0
    outer loop
      vertex 69.7903 60.4569 6
      vertex 69.6951 60.4808 -5.6
      vertex 69.7903 60.4569 -5.6
    endloop
  endfacet
  facet normal -0.146696 -0.989182 0
    outer loop
      vertex 69.598 60.4952 -5.6
      vertex 69.6951 60.4808 6
      vertex 69.598 60.4952 6
    endloop
  endfacet
  facet normal -0.146696 -0.989182 -0
    outer loop
      vertex 69.6951 60.4808 6
      vertex 69.598 60.4952 -5.6
      vertex 69.6951 60.4808 -5.6
    endloop
  endfacet
  facet normal -0.59608 -0.802925 0
    outer loop
      vertex 70.0556 60.3315 -5.6
      vertex 70.1344 60.273 6
      vertex 70.0556 60.3315 6
    endloop
  endfacet
  facet normal -0.59608 -0.802925 -0
    outer loop
      vertex 70.1344 60.273 6
      vertex 70.0556 60.3315 -5.6
      vertex 70.1344 60.273 -5.6
    endloop
  endfacet
  facet normal -0.740908 -0.671607 0
    outer loop
      vertex 70.273 60.1344 -5.6
      vertex 70.2071 60.2071 6
      vertex 70.2071 60.2071 -5.6
    endloop
  endfacet
  facet normal -0.740908 -0.671607 0
    outer loop
      vertex 70.2071 60.2071 6
      vertex 70.273 60.1344 -5.6
      vertex 70.273 60.1344 6
    endloop
  endfacet
  facet normal -0.336888 0.941545 0
    outer loop
      vertex 69.8827 -0.423879 -5.6
      vertex 69.7903 -0.45694 6
      vertex 69.8827 -0.423879 6
    endloop
  endfacet
  facet normal -0.336888 0.941545 0
    outer loop
      vertex 69.7903 -0.45694 6
      vertex 69.8827 -0.423879 -5.6
      vertex 69.7903 -0.45694 -5.6
    endloop
  endfacet
  facet normal -0.903825 0.427902 0
    outer loop
      vertex 70.3819 0.0286026 -5.6
      vertex 70.4239 0.117316 6
      vertex 70.4239 0.117316 -5.6
    endloop
  endfacet
  facet normal -0.903825 0.427902 0
    outer loop
      vertex 70.4239 0.117316 6
      vertex 70.3819 0.0286026 -5.6
      vertex 70.3819 0.0286026 6
    endloop
  endfacet
  facet normal -0.0489209 -0.998803 0
    outer loop
      vertex 69.5 60.5 -5.6
      vertex 69.598 60.4952 6
      vertex 69.5 60.5 6
    endloop
  endfacet
  facet normal -0.0489209 -0.998803 -0
    outer loop
      vertex 69.598 60.4952 6
      vertex 69.5 60.5 -5.6
      vertex 69.598 60.4952 -5.6
    endloop
  endfacet
  facet normal -0.427955 -0.9038 0
    outer loop
      vertex 69.8827 60.4239 -5.6
      vertex 69.9714 60.3819 6
      vertex 69.8827 60.4239 6
    endloop
  endfacet
  facet normal -0.427955 -0.9038 -0
    outer loop
      vertex 69.9714 60.3819 6
      vertex 69.8827 60.4239 -5.6
      vertex 69.9714 60.3819 -5.6
    endloop
  endfacet
  facet normal -0.513596 -0.858032 0
    outer loop
      vertex 69.9714 60.3819 -5.6
      vertex 70.0556 60.3315 6
      vertex 69.9714 60.3819 6
    endloop
  endfacet
  facet normal -0.513596 -0.858032 -0
    outer loop
      vertex 70.0556 60.3315 6
      vertex 69.9714 60.3819 -5.6
      vertex 70.0556 60.3315 -5.6
    endloop
  endfacet
  facet normal -0.998803 -0.0489209 0
    outer loop
      vertex 70.5 59.5 -5.6
      vertex 70.4952 59.598 6
      vertex 70.4952 59.598 -5.6
    endloop
  endfacet
  facet normal -0.998803 -0.0489209 0
    outer loop
      vertex 70.4952 59.598 6
      vertex 70.5 59.5 -5.6
      vertex 70.5 59.5 6
    endloop
  endfacet
  facet normal 0.998796 0.0490647 0
    outer loop
      vertex 8 4 -1.6
      vertex 7.98074 4.39207 -5.6
      vertex 7.98074 4.39207 -1.6
    endloop
  endfacet
  facet normal 0.998796 0.0490647 0
    outer loop
      vertex 7.98074 4.39207 -5.6
      vertex 8 4 -1.6
      vertex 8 4 -5.6
    endloop
  endfacet
  facet normal -0.0490647 0.998796 0
    outer loop
      vertex 4 8 -5.6
      vertex 3.60793 7.98074 -1.6
      vertex 4 8 -1.6
    endloop
  endfacet
  facet normal -0.0490647 0.998796 0
    outer loop
      vertex 3.60793 7.98074 -1.6
      vertex 4 8 -5.6
      vertex 3.60793 7.98074 -5.6
    endloop
  endfacet
  facet normal 0.671545 0.740964 -0
    outer loop
      vertex 6.82843 6.82843 -5.6
      vertex 6.53757 7.09204 -1.6
      vertex 6.82843 6.82843 -1.6
    endloop
  endfacet
  facet normal 0.671545 0.740964 0
    outer loop
      vertex 6.53757 7.09204 -1.6
      vertex 6.82843 6.82843 -5.6
      vertex 6.53757 7.09204 -5.6
    endloop
  endfacet
  facet normal -0.740961 0.671548 0
    outer loop
      vertex 0.907958 6.53757 -5.6
      vertex 1.17157 6.82843 -1.6
      vertex 1.17157 6.82843 -5.6
    endloop
  endfacet
  facet normal -0.740961 0.671548 0
    outer loop
      vertex 1.17157 6.82843 -1.6
      vertex 0.907958 6.53757 -5.6
      vertex 0.907958 6.53757 -1.6
    endloop
  endfacet
  facet normal -0.427563 0.903986 0
    outer loop
      vertex 2.46927 7.69552 -5.6
      vertex 2.11441 7.52768 -1.6
      vertex 2.46927 7.69552 -1.6
    endloop
  endfacet
  facet normal -0.427563 0.903986 0
    outer loop
      vertex 2.11441 7.52768 -1.6
      vertex 2.46927 7.69552 -5.6
      vertex 2.11441 7.52768 -5.6
    endloop
  endfacet
  facet normal 0.903986 0.427563 0
    outer loop
      vertex 7.69552 5.53073 -1.6
      vertex 7.52768 5.88559 -5.6
      vertex 7.52768 5.88559 -1.6
    endloop
  endfacet
  facet normal 0.903986 0.427563 0
    outer loop
      vertex 7.52768 5.88559 -5.6
      vertex 7.69552 5.53073 -1.6
      vertex 7.69552 5.53073 -5.6
    endloop
  endfacet
  facet normal 0.336887 0.941545 -0
    outer loop
      vertex 5.53073 7.69552 -5.6
      vertex 5.16114 7.82776 -1.6
      vertex 5.53073 7.69552 -1.6
    endloop
  endfacet
  facet normal 0.336887 0.941545 0
    outer loop
      vertex 5.16114 7.82776 -1.6
      vertex 5.53073 7.69552 -5.6
      vertex 5.16114 7.82776 -5.6
    endloop
  endfacet
  facet normal 0.514095 0.857733 -0
    outer loop
      vertex 6.22228 7.32588 -5.6
      vertex 5.88559 7.52768 -1.6
      vertex 6.22228 7.32588 -1.6
    endloop
  endfacet
  facet normal 0.514095 0.857733 0
    outer loop
      vertex 5.88559 7.52768 -1.6
      vertex 6.22228 7.32588 -5.6
      vertex 5.88559 7.52768 -5.6
    endloop
  endfacet
  facet normal -0.941542 0.336896 0
    outer loop
      vertex 0.172238 5.16114 -5.6
      vertex 0.304482 5.53073 -1.6
      vertex 0.304482 5.53073 -5.6
    endloop
  endfacet
  facet normal -0.941542 0.336896 0
    outer loop
      vertex 0.304482 5.53073 -1.6
      vertex 0.172238 5.16114 -5.6
      vertex 0.172238 5.16114 -1.6
    endloop
  endfacet
  facet normal -0.242979 0.970032 0
    outer loop
      vertex 3.21964 7.92314 -5.6
      vertex 2.83886 7.82776 -1.6
      vertex 3.21964 7.92314 -1.6
    endloop
  endfacet
  facet normal -0.242979 0.970032 0
    outer loop
      vertex 2.83886 7.82776 -1.6
      vertex 3.21964 7.92314 -5.6
      vertex 2.83886 7.82776 -5.6
    endloop
  endfacet
  facet normal 0.941545 -0.336887 0
    outer loop
      vertex 7.69552 2.46927 -1.6
      vertex 7.82776 2.83886 -5.6
      vertex 7.82776 2.83886 -1.6
    endloop
  endfacet
  facet normal 0.941545 -0.336887 0
    outer loop
      vertex 7.82776 2.83886 -5.6
      vertex 7.69552 2.46927 -1.6
      vertex 7.69552 2.46927 -5.6
    endloop
  endfacet
  facet normal -0.671548 -0.740961 0
    outer loop
      vertex 1.17157 1.17157 -5.6
      vertex 1.46243 0.907958 -1.6
      vertex 1.17157 1.17157 -1.6
    endloop
  endfacet
  facet normal -0.671548 -0.740961 -0
    outer loop
      vertex 1.46243 0.907958 -1.6
      vertex 1.17157 1.17157 -5.6
      vertex 1.46243 0.907958 -5.6
    endloop
  endfacet
  facet normal 0.970032 0.242979 0
    outer loop
      vertex 7.92314 4.78036 -1.6
      vertex 7.82776 5.16114 -5.6
      vertex 7.82776 5.16114 -1.6
    endloop
  endfacet
  facet normal 0.970032 0.242979 0
    outer loop
      vertex 7.82776 5.16114 -5.6
      vertex 7.92314 4.78036 -1.6
      vertex 7.92314 4.78036 -5.6
    endloop
  endfacet
  facet normal 0.989176 0.146737 0
    outer loop
      vertex 7.98074 4.39207 -1.6
      vertex 7.92314 4.78036 -5.6
      vertex 7.92314 4.78036 -1.6
    endloop
  endfacet
  facet normal 0.989176 0.146737 0
    outer loop
      vertex 7.92314 4.78036 -5.6
      vertex 7.98074 4.39207 -1.6
      vertex 7.98074 4.39207 -5.6
    endloop
  endfacet
  facet normal 0.941545 0.336887 0
    outer loop
      vertex 7.82776 5.16114 -1.6
      vertex 7.69552 5.53073 -5.6
      vertex 7.69552 5.53073 -1.6
    endloop
  endfacet
  facet normal 0.941545 0.336887 0
    outer loop
      vertex 7.69552 5.53073 -5.6
      vertex 7.82776 5.16114 -1.6
      vertex 7.82776 5.16114 -5.6
    endloop
  endfacet
  facet normal 0.803201 0.595708 0
    outer loop
      vertex 7.32588 6.22228 -1.6
      vertex 7.09204 6.53757 -5.6
      vertex 7.09204 6.53757 -1.6
    endloop
  endfacet
  facet normal 0.803201 0.595708 0
    outer loop
      vertex 7.09204 6.53757 -5.6
      vertex 7.32588 6.22228 -1.6
      vertex 7.32588 6.22228 -5.6
    endloop
  endfacet
  facet normal 0.740964 0.671545 0
    outer loop
      vertex 7.09204 6.53757 -1.6
      vertex 6.82843 6.82843 -5.6
      vertex 6.82843 6.82843 -1.6
    endloop
  endfacet
  facet normal 0.740964 0.671545 0
    outer loop
      vertex 6.82843 6.82843 -5.6
      vertex 7.09204 6.53757 -1.6
      vertex 7.09204 6.53757 -5.6
    endloop
  endfacet
  facet normal 0.857733 0.514095 0
    outer loop
      vertex 7.52768 5.88559 -1.6
      vertex 7.32588 6.22228 -5.6
      vertex 7.32588 6.22228 -1.6
    endloop
  endfacet
  facet normal 0.857733 0.514095 0
    outer loop
      vertex 7.32588 6.22228 -5.6
      vertex 7.52768 5.88559 -1.6
      vertex 7.52768 5.88559 -5.6
    endloop
  endfacet
  facet normal 0.146737 0.989176 -0
    outer loop
      vertex 4.78036 7.92314 -5.6
      vertex 4.39207 7.98074 -1.6
      vertex 4.78036 7.92314 -1.6
    endloop
  endfacet
  facet normal 0.146737 0.989176 0
    outer loop
      vertex 4.39207 7.98074 -1.6
      vertex 4.78036 7.92314 -5.6
      vertex 4.39207 7.98074 -5.6
    endloop
  endfacet
  facet normal 0.242979 0.970032 -0
    outer loop
      vertex 5.16114 7.82776 -5.6
      vertex 4.78036 7.92314 -1.6
      vertex 5.16114 7.82776 -1.6
    endloop
  endfacet
  facet normal 0.242979 0.970032 0
    outer loop
      vertex 4.78036 7.92314 -1.6
      vertex 5.16114 7.82776 -5.6
      vertex 4.78036 7.92314 -5.6
    endloop
  endfacet
  facet normal 0.0490647 0.998796 -0
    outer loop
      vertex 4.39207 7.98074 -5.6
      vertex 4 8 -1.6
      vertex 4.39207 7.98074 -1.6
    endloop
  endfacet
  facet normal 0.0490647 0.998796 0
    outer loop
      vertex 4 8 -1.6
      vertex 4.39207 7.98074 -5.6
      vertex 4 8 -5.6
    endloop
  endfacet
  facet normal 0.427563 0.903986 -0
    outer loop
      vertex 5.88559 7.52768 -5.6
      vertex 5.53073 7.69552 -1.6
      vertex 5.88559 7.52768 -1.6
    endloop
  endfacet
  facet normal 0.427563 0.903986 0
    outer loop
      vertex 5.53073 7.69552 -1.6
      vertex 5.88559 7.52768 -5.6
      vertex 5.53073 7.69552 -5.6
    endloop
  endfacet
  facet normal 0.595708 0.803201 -0
    outer loop
      vertex 6.53757 7.09204 -5.6
      vertex 6.22228 7.32588 -1.6
      vertex 6.53757 7.09204 -1.6
    endloop
  endfacet
  facet normal 0.595708 0.803201 0
    outer loop
      vertex 6.22228 7.32588 -1.6
      vertex 6.53757 7.09204 -5.6
      vertex 6.22228 7.32588 -5.6
    endloop
  endfacet
  facet normal -0.989176 0.146732 0
    outer loop
      vertex 0.0192604 4.39207 -5.6
      vertex 0.0768585 4.78036 -1.6
      vertex 0.0768585 4.78036 -5.6
    endloop
  endfacet
  facet normal -0.989176 0.146732 0
    outer loop
      vertex 0.0768585 4.78036 -1.6
      vertex 0.0192604 4.39207 -5.6
      vertex 0.0192604 4.39207 -1.6
    endloop
  endfacet
  facet normal -0.857727 0.514106 0
    outer loop
      vertex 0.472315 5.88559 -5.6
      vertex 0.674121 6.22228 -1.6
      vertex 0.674121 6.22228 -5.6
    endloop
  endfacet
  facet normal -0.857727 0.514106 0
    outer loop
      vertex 0.674121 6.22228 -1.6
      vertex 0.472315 5.88559 -5.6
      vertex 0.472315 5.88559 -1.6
    endloop
  endfacet
  facet normal -0.803205 0.595703 0
    outer loop
      vertex 0.674121 6.22228 -5.6
      vertex 0.907958 6.53757 -1.6
      vertex 0.907958 6.53757 -5.6
    endloop
  endfacet
  facet normal -0.803205 0.595703 0
    outer loop
      vertex 0.907958 6.53757 -1.6
      vertex 0.674121 6.22228 -5.6
      vertex 0.674121 6.22228 -1.6
    endloop
  endfacet
  facet normal -0.903993 0.427548 0
    outer loop
      vertex 0.304482 5.53073 -5.6
      vertex 0.472315 5.88559 -1.6
      vertex 0.472315 5.88559 -5.6
    endloop
  endfacet
  facet normal -0.903993 0.427548 0
    outer loop
      vertex 0.472315 5.88559 -1.6
      vertex 0.304482 5.53073 -5.6
      vertex 0.304482 5.53073 -1.6
    endloop
  endfacet
  facet normal -0.970032 0.242978 0
    outer loop
      vertex 0.0768585 4.78036 -5.6
      vertex 0.172238 5.16114 -1.6
      vertex 0.172238 5.16114 -5.6
    endloop
  endfacet
  facet normal -0.970032 0.242978 0
    outer loop
      vertex 0.172238 5.16114 -1.6
      vertex 0.0768585 4.78036 -5.6
      vertex 0.0768585 4.78036 -1.6
    endloop
  endfacet
  facet normal -0.998796 0.0490657 0
    outer loop
      vertex 0 4 -5.6
      vertex 0.0192604 4.39207 -1.6
      vertex 0.0192604 4.39207 -5.6
    endloop
  endfacet
  facet normal -0.998796 0.0490657 0
    outer loop
      vertex 0.0192604 4.39207 -1.6
      vertex 0 4 -5.6
      vertex 0 4 -1.6
    endloop
  endfacet
  facet normal 0 0 1
    outer loop
      vertex 5.7 4 -1.6
      vertex 8 4 -1.6
      vertex 7.98074 4.39207 -1.6
    endloop
  endfacet
  facet normal 0 0 1
    outer loop
      vertex 5.69181 4.16663 -1.6
      vertex 7.98074 4.39207 -1.6
      vertex 7.92314 4.78036 -1.6
    endloop
  endfacet
  facet normal 0 0 1
    outer loop
      vertex 8 4 -1.6
      vertex 5.7 4 -1.6
      vertex 7.98074 3.60793 -1.6
    endloop
  endfacet
  facet normal 0 0 1
    outer loop
      vertex 5.66733 4.33165 -1.6
      vertex 7.92314 4.78036 -1.6
      vertex 7.82776 5.16114 -1.6
    endloop
  endfacet
  facet normal -0 0 1
    outer loop
      vertex 5.69181 3.83337 -1.6
      vertex 7.98074 3.60793 -1.6
      vertex 5.7 4 -1.6
    endloop
  endfacet
  facet normal 0 0 1
    outer loop
      vertex 5.6268 4.49348 -1.6
      vertex 7.82776 5.16114 -1.6
      vertex 7.69552 5.53073 -1.6
    endloop
  endfacet
  facet normal 0 0 1
    outer loop
      vertex 7.98074 3.60793 -1.6
      vertex 5.69181 3.83337 -1.6
      vertex 7.92314 3.21964 -1.6
    endloop
  endfacet
  facet normal 0 0 1
    outer loop
      vertex 5.57059 4.65056 -1.6
      vertex 7.69552 5.53073 -1.6
      vertex 7.52768 5.88559 -1.6
    endloop
  endfacet
  facet normal -0 0 1
    outer loop
      vertex 5.66733 3.66835 -1.6
      vertex 7.92314 3.21964 -1.6
      vertex 5.69181 3.83337 -1.6
    endloop
  endfacet
  facet normal 0 0 1
    outer loop
      vertex 5.49927 4.80137 -1.6
      vertex 7.52768 5.88559 -1.6
      vertex 7.32588 6.22228 -1.6
    endloop
  endfacet
  facet normal 0 0 1
    outer loop
      vertex 7.92314 3.21964 -1.6
      vertex 5.66733 3.66835 -1.6
      vertex 7.82776 2.83886 -1.6
    endloop
  endfacet
  facet normal 0 0 1
    outer loop
      vertex 5.4135 4.94447 -1.6
      vertex 7.32588 6.22228 -1.6
      vertex 7.09204 6.53757 -1.6
    endloop
  endfacet
  facet normal -0 0 1
    outer loop
      vertex 5.6268 3.50652 -1.6
      vertex 7.82776 2.83886 -1.6
      vertex 5.66733 3.66835 -1.6
    endloop
  endfacet
  facet normal 0 0 1
    outer loop
      vertex 5.31412 5.07847 -1.6
      vertex 7.09204 6.53757 -1.6
      vertex 6.82843 6.82843 -1.6
    endloop
  endfacet
  facet normal 0 0 1
    outer loop
      vertex 7.82776 2.83886 -1.6
      vertex 5.6268 3.50652 -1.6
      vertex 7.69552 2.46927 -1.6
    endloop
  endfacet
  facet normal 0 0 1
    outer loop
      vertex 5.20208 5.20208 -1.6
      vertex 6.82843 6.82843 -1.6
      vertex 6.53757 7.09204 -1.6
    endloop
  endfacet
  facet normal -0 0 1
    outer loop
      vertex 5.57059 3.34944 -1.6
      vertex 7.69552 2.46927 -1.6
      vertex 5.6268 3.50652 -1.6
    endloop
  endfacet
  facet normal 0 0 1
    outer loop
      vertex 5.07847 5.31412 -1.6
      vertex 6.53757 7.09204 -1.6
      vertex 6.22228 7.32588 -1.6
    endloop
  endfacet
  facet normal 0 0 1
    outer loop
      vertex 7.69552 2.46927 -1.6
      vertex 5.57059 3.34944 -1.6
      vertex 7.52768 2.11441 -1.6
    endloop
  endfacet
  facet normal 0 0 1
    outer loop
      vertex 4.94447 5.4135 -1.6
      vertex 6.22228 7.32588 -1.6
      vertex 5.88559 7.52768 -1.6
    endloop
  endfacet
  facet normal -0 0 1
    outer loop
      vertex 5.49927 3.19863 -1.6
      vertex 7.52768 2.11441 -1.6
      vertex 5.57059 3.34944 -1.6
    endloop
  endfacet
  facet normal 0 0 1
    outer loop
      vertex 7.52768 2.11441 -1.6
      vertex 5.49927 3.19863 -1.6
      vertex 7.32588 1.77772 -1.6
    endloop
  endfacet
  facet normal 0 0 1
    outer loop
      vertex 7.98074 4.39207 -1.6
      vertex 5.69181 4.16663 -1.6
      vertex 5.7 4 -1.6
    endloop
  endfacet
  facet normal 0 0 1
    outer loop
      vertex 7.92314 4.78036 -1.6
      vertex 5.66733 4.33165 -1.6
      vertex 5.69181 4.16663 -1.6
    endloop
  endfacet
  facet normal 0 0 1
    outer loop
      vertex 7.82776 5.16114 -1.6
      vertex 5.6268 4.49348 -1.6
      vertex 5.66733 4.33165 -1.6
    endloop
  endfacet
  facet normal 0 0 1
    outer loop
      vertex 7.69552 5.53073 -1.6
      vertex 5.57059 4.65056 -1.6
      vertex 5.6268 4.49348 -1.6
    endloop
  endfacet
  facet normal 0 0 1
    outer loop
      vertex 4.80137 5.49927 -1.6
      vertex 5.88559 7.52768 -1.6
      vertex 5.53073 7.69552 -1.6
    endloop
  endfacet
  facet normal 0 0 1
    outer loop
      vertex 7.52768 5.88559 -1.6
      vertex 5.49927 4.80137 -1.6
      vertex 5.57059 4.65056 -1.6
    endloop
  endfacet
  facet normal 0 0 1
    outer loop
      vertex 7.32588 6.22228 -1.6
      vertex 5.4135 4.94447 -1.6
      vertex 5.49927 4.80137 -1.6
    endloop
  endfacet
  facet normal 0 0 1
    outer loop
      vertex 7.09204 6.53757 -1.6
      vertex 5.31412 5.07847 -1.6
      vertex 5.4135 4.94447 -1.6
    endloop
  endfacet
  facet normal 0 0 1
    outer loop
      vertex 6.82843 6.82843 -1.6
      vertex 5.20208 5.20208 -1.6
      vertex 5.31412 5.07847 -1.6
    endloop
  endfacet
  facet normal 0 0 1
    outer loop
      vertex 4.65056 5.57059 -1.6
      vertex 5.53073 7.69552 -1.6
      vertex 5.16114 7.82776 -1.6
    endloop
  endfacet
  facet normal 0 0 1
    outer loop
      vertex 6.53757 7.09204 -1.6
      vertex 5.07847 5.31412 -1.6
      vertex 5.20208 5.20208 -1.6
    endloop
  endfacet
  facet normal 0 0 1
    outer loop
      vertex 6.22228 7.32588 -1.6
      vertex 4.94447 5.4135 -1.6
      vertex 5.07847 5.31412 -1.6
    endloop
  endfacet
  facet normal 0 0 1
    outer loop
      vertex 5.88559 7.52768 -1.6
      vertex 4.80137 5.49927 -1.6
      vertex 4.94447 5.4135 -1.6
    endloop
  endfacet
  facet normal 0 0 1
    outer loop
      vertex 4.49348 5.6268 -1.6
      vertex 5.16114 7.82776 -1.6
      vertex 4.78036 7.92314 -1.6
    endloop
  endfacet
  facet normal 0 0 1
    outer loop
      vertex 5.53073 7.69552 -1.6
      vertex 4.65056 5.57059 -1.6
      vertex 4.80137 5.49927 -1.6
    endloop
  endfacet
  facet normal 0 0 1
    outer loop
      vertex 5.16114 7.82776 -1.6
      vertex 4.49348 5.6268 -1.6
      vertex 4.65056 5.57059 -1.6
    endloop
  endfacet
  facet normal 0 0 1
    outer loop
      vertex 4.33165 5.66733 -1.6
      vertex 4.78036 7.92314 -1.6
      vertex 4.39207 7.98074 -1.6
    endloop
  endfacet
  facet normal 0 0 1
    outer loop
      vertex 4.78036 7.92314 -1.6
      vertex 4.33165 5.66733 -1.6
      vertex 4.49348 5.6268 -1.6
    endloop
  endfacet
  facet normal 0 0 1
    outer loop
      vertex 4.39207 7.98074 -1.6
      vertex 4.16663 5.69181 -1.6
      vertex 4.33165 5.66733 -1.6
    endloop
  endfacet
  facet normal 0 0 1
    outer loop
      vertex 4 8 -1.6
      vertex 4.16663 5.69181 -1.6
      vertex 4.39207 7.98074 -1.6
    endloop
  endfacet
  facet normal 0 0 1
    outer loop
      vertex 4 8 -1.6
      vertex 4 5.7 -1.6
      vertex 4.16663 5.69181 -1.6
    endloop
  endfacet
  facet normal 0 0 1
    outer loop
      vertex 4 8 -1.6
      vertex 3.83337 5.69181 -1.6
      vertex 4 5.7 -1.6
    endloop
  endfacet
  facet normal -0 0 1
    outer loop
      vertex 3.60793 7.98074 -1.6
      vertex 3.83337 5.69181 -1.6
      vertex 4 8 -1.6
    endloop
  endfacet
  facet normal 0 0 1
    outer loop
      vertex 3.83337 5.69181 -1.6
      vertex 3.60793 7.98074 -1.6
      vertex 3.66835 5.66733 -1.6
    endloop
  endfacet
  facet normal -0 0 1
    outer loop
      vertex 3.21964 7.92314 -1.6
      vertex 3.66835 5.66733 -1.6
      vertex 3.60793 7.98074 -1.6
    endloop
  endfacet
  facet normal 0 0 1
    outer loop
      vertex 3.66835 5.66733 -1.6
      vertex 3.21964 7.92314 -1.6
      vertex 3.50652 5.6268 -1.6
    endloop
  endfacet
  facet normal -0 0 1
    outer loop
      vertex 2.83886 7.82776 -1.6
      vertex 3.50652 5.6268 -1.6
      vertex 3.21964 7.92314 -1.6
    endloop
  endfacet
  facet normal 0 0 1
    outer loop
      vertex 3.50652 5.6268 -1.6
      vertex 2.83886 7.82776 -1.6
      vertex 3.34944 5.57059 -1.6
    endloop
  endfacet
  facet normal -0 0 1
    outer loop
      vertex 2.46927 7.69552 -1.6
      vertex 3.34944 5.57059 -1.6
      vertex 2.83886 7.82776 -1.6
    endloop
  endfacet
  facet normal 0 0 1
    outer loop
      vertex 3.34944 5.57059 -1.6
      vertex 2.46927 7.69552 -1.6
      vertex 3.19863 5.49927 -1.6
    endloop
  endfacet
  facet normal -0 0 1
    outer loop
      vertex 2.11441 7.52768 -1.6
      vertex 3.19863 5.49927 -1.6
      vertex 2.46927 7.69552 -1.6
    endloop
  endfacet
  facet normal 0 0 1
    outer loop
      vertex 3.19863 5.49927 -1.6
      vertex 2.11441 7.52768 -1.6
      vertex 3.05553 5.4135 -1.6
    endloop
  endfacet
  facet normal -0 0 1
    outer loop
      vertex 1.77772 7.32588 -1.6
      vertex 3.05553 5.4135 -1.6
      vertex 2.11441 7.52768 -1.6
    endloop
  endfacet
  facet normal 0 0 1
    outer loop
      vertex 3.05553 5.4135 -1.6
      vertex 1.77772 7.32588 -1.6
      vertex 2.92153 5.31412 -1.6
    endloop
  endfacet
  facet normal -0 0 1
    outer loop
      vertex 1.46243 7.09204 -1.6
      vertex 2.92153 5.31412 -1.6
      vertex 1.77772 7.32588 -1.6
    endloop
  endfacet
  facet normal 0 0 1
    outer loop
      vertex 2.92153 5.31412 -1.6
      vertex 1.46243 7.09204 -1.6
      vertex 2.79792 5.20208 -1.6
    endloop
  endfacet
  facet normal -0 0 1
    outer loop
      vertex 1.17157 6.82843 -1.6
      vertex 2.79792 5.20208 -1.6
      vertex 1.46243 7.09204 -1.6
    endloop
  endfacet
  facet normal 0 0 1
    outer loop
      vertex 2.79792 5.20208 -1.6
      vertex 1.17157 6.82843 -1.6
      vertex 2.68588 5.07847 -1.6
    endloop
  endfacet
  facet normal -0 0 1
    outer loop
      vertex 0.907958 6.53757 -1.6
      vertex 2.68588 5.07847 -1.6
      vertex 1.17157 6.82843 -1.6
    endloop
  endfacet
  facet normal 0 0 1
    outer loop
      vertex 2.68588 5.07847 -1.6
      vertex 0.907958 6.53757 -1.6
      vertex 2.5865 4.94447 -1.6
    endloop
  endfacet
  facet normal -0 0 1
    outer loop
      vertex 0.674121 6.22228 -1.6
      vertex 2.5865 4.94447 -1.6
      vertex 0.907958 6.53757 -1.6
    endloop
  endfacet
  facet normal 0 0 1
    outer loop
      vertex 2.5865 4.94447 -1.6
      vertex 0.674121 6.22228 -1.6
      vertex 2.50073 4.80137 -1.6
    endloop
  endfacet
  facet normal -0 0 1
    outer loop
      vertex 5.4135 3.05553 -1.6
      vertex 7.32588 1.77772 -1.6
      vertex 5.49927 3.19863 -1.6
    endloop
  endfacet
  facet normal 0 0 1
    outer loop
      vertex 7.32588 1.77772 -1.6
      vertex 5.4135 3.05553 -1.6
      vertex 7.09204 1.46243 -1.6
    endloop
  endfacet
  facet normal -0 0 1
    outer loop
      vertex 5.31412 2.92153 -1.6
      vertex 7.09204 1.46243 -1.6
      vertex 5.4135 3.05553 -1.6
    endloop
  endfacet
  facet normal 0 0 1
    outer loop
      vertex 7.09204 1.46243 -1.6
      vertex 5.31412 2.92153 -1.6
      vertex 6.82843 1.17157 -1.6
    endloop
  endfacet
  facet normal -0 0 1
    outer loop
      vertex 5.20208 2.79792 -1.6
      vertex 6.82843 1.17157 -1.6
      vertex 5.31412 2.92153 -1.6
    endloop
  endfacet
  facet normal 0 0 1
    outer loop
      vertex 6.82843 1.17157 -1.6
      vertex 5.20208 2.79792 -1.6
      vertex 6.53757 0.907958 -1.6
    endloop
  endfacet
  facet normal -0 0 1
    outer loop
      vertex 5.07847 2.68588 -1.6
      vertex 6.53757 0.907958 -1.6
      vertex 5.20208 2.79792 -1.6
    endloop
  endfacet
  facet normal 0 0 1
    outer loop
      vertex 6.53757 0.907958 -1.6
      vertex 5.07847 2.68588 -1.6
      vertex 6.22228 0.674121 -1.6
    endloop
  endfacet
  facet normal -0 0 1
    outer loop
      vertex 4.94447 2.5865 -1.6
      vertex 6.22228 0.674121 -1.6
      vertex 5.07847 2.68588 -1.6
    endloop
  endfacet
  facet normal 0 0 1
    outer loop
      vertex 6.22228 0.674121 -1.6
      vertex 4.94447 2.5865 -1.6
      vertex 5.88559 0.472315 -1.6
    endloop
  endfacet
  facet normal -0 0 1
    outer loop
      vertex 4.80137 2.50073 -1.6
      vertex 5.88559 0.472315 -1.6
      vertex 4.94447 2.5865 -1.6
    endloop
  endfacet
  facet normal 0 0 1
    outer loop
      vertex 5.88559 0.472315 -1.6
      vertex 4.80137 2.50073 -1.6
      vertex 5.53073 0.304482 -1.6
    endloop
  endfacet
  facet normal -0 0 1
    outer loop
      vertex 4.65056 2.42941 -1.6
      vertex 5.53073 0.304482 -1.6
      vertex 4.80137 2.50073 -1.6
    endloop
  endfacet
  facet normal 0 0 1
    outer loop
      vertex 5.53073 0.304482 -1.6
      vertex 4.65056 2.42941 -1.6
      vertex 5.16114 0.172238 -1.6
    endloop
  endfacet
  facet normal -0 0 1
    outer loop
      vertex 4.49348 2.3732 -1.6
      vertex 5.16114 0.172238 -1.6
      vertex 4.65056 2.42941 -1.6
    endloop
  endfacet
  facet normal 0 0 1
    outer loop
      vertex 5.16114 0.172238 -1.6
      vertex 4.49348 2.3732 -1.6
      vertex 4.78036 0.0768585 -1.6
    endloop
  endfacet
  facet normal -0 0 1
    outer loop
      vertex 4.33165 2.33267 -1.6
      vertex 4.78036 0.0768585 -1.6
      vertex 4.49348 2.3732 -1.6
    endloop
  endfacet
  facet normal 0 0 1
    outer loop
      vertex 4.78036 0.0768585 -1.6
      vertex 4.33165 2.33267 -1.6
      vertex 4.39207 0.0192604 -1.6
    endloop
  endfacet
  facet normal -0 0 1
    outer loop
      vertex 4.16663 2.30819 -1.6
      vertex 4.39207 0.0192604 -1.6
      vertex 4.33165 2.33267 -1.6
    endloop
  endfacet
  facet normal -0 0 1
    outer loop
      vertex 4 2.3 -1.6
      vertex 4.39207 0.0192604 -1.6
      vertex 4.16663 2.30819 -1.6
    endloop
  endfacet
  facet normal 0 0 1
    outer loop
      vertex 4 2.3 -1.6
      vertex 4 0 -1.6
      vertex 4.39207 0.0192604 -1.6
    endloop
  endfacet
  facet normal 0 0 1
    outer loop
      vertex 3.83337 2.30819 -1.6
      vertex 4 0 -1.6
      vertex 4 2.3 -1.6
    endloop
  endfacet
  facet normal 0 0 1
    outer loop
      vertex 3.60793 0.0192604 -1.6
      vertex 3.83337 2.30819 -1.6
      vertex 3.66835 2.33267 -1.6
    endloop
  endfacet
  facet normal 0 0 1
    outer loop
      vertex 3.83337 2.30819 -1.6
      vertex 3.60793 0.0192604 -1.6
      vertex 4 0 -1.6
    endloop
  endfacet
  facet normal 0 0 1
    outer loop
      vertex 3.21964 0.0768585 -1.6
      vertex 3.66835 2.33267 -1.6
      vertex 3.50652 2.3732 -1.6
    endloop
  endfacet
  facet normal 0 0 1
    outer loop
      vertex 2.83886 0.172238 -1.6
      vertex 3.50652 2.3732 -1.6
      vertex 3.34944 2.42941 -1.6
    endloop
  endfacet
  facet normal 0 0 1
    outer loop
      vertex 3.66835 2.33267 -1.6
      vertex 3.21964 0.0768585 -1.6
      vertex 3.60793 0.0192604 -1.6
    endloop
  endfacet
  facet normal 0 0 1
    outer loop
      vertex 2.46927 0.304482 -1.6
      vertex 3.34944 2.42941 -1.6
      vertex 3.19863 2.50073 -1.6
    endloop
  endfacet
  facet normal 0 0 1
    outer loop
      vertex 2.11441 0.472315 -1.6
      vertex 3.19863 2.50073 -1.6
      vertex 3.05553 2.5865 -1.6
    endloop
  endfacet
  facet normal 0 0 1
    outer loop
      vertex 1.77772 0.674121 -1.6
      vertex 3.05553 2.5865 -1.6
      vertex 2.92153 2.68588 -1.6
    endloop
  endfacet
  facet normal 0 0 1
    outer loop
      vertex 3.50652 2.3732 -1.6
      vertex 2.83886 0.172238 -1.6
      vertex 3.21964 0.0768585 -1.6
    endloop
  endfacet
  facet normal 0 0 1
    outer loop
      vertex 1.46243 0.907958 -1.6
      vertex 2.92153 2.68588 -1.6
      vertex 2.79792 2.79792 -1.6
    endloop
  endfacet
  facet normal 0 0 1
    outer loop
      vertex 1.17157 1.17157 -1.6
      vertex 2.79792 2.79792 -1.6
      vertex 2.68588 2.92153 -1.6
    endloop
  endfacet
  facet normal 0 0 1
    outer loop
      vertex 0.907958 1.46243 -1.6
      vertex 2.68588 2.92153 -1.6
      vertex 2.5865 3.05553 -1.6
    endloop
  endfacet
  facet normal 0 0 1
    outer loop
      vertex 0.674121 1.77772 -1.6
      vertex 2.5865 3.05553 -1.6
      vertex 2.50073 3.19863 -1.6
    endloop
  endfacet
  facet normal 0 0 1
    outer loop
      vertex 3.34944 2.42941 -1.6
      vertex 2.46927 0.304482 -1.6
      vertex 2.83886 0.172238 -1.6
    endloop
  endfacet
  facet normal 0 0 1
    outer loop
      vertex 0.472315 2.11441 -1.6
      vertex 2.50073 3.19863 -1.6
      vertex 2.42941 3.34944 -1.6
    endloop
  endfacet
  facet normal 0 0 1
    outer loop
      vertex 0.304482 2.46927 -1.6
      vertex 2.42941 3.34944 -1.6
      vertex 2.3732 3.50652 -1.6
    endloop
  endfacet
  facet normal 0 0 1
    outer loop
      vertex 0.172238 2.83886 -1.6
      vertex 2.3732 3.50652 -1.6
      vertex 2.33267 3.66835 -1.6
    endloop
  endfacet
  facet normal 0 0 1
    outer loop
      vertex 0.0768585 3.21964 -1.6
      vertex 2.33267 3.66835 -1.6
      vertex 2.30819 3.83337 -1.6
    endloop
  endfacet
  facet normal 0 0 1
    outer loop
      vertex 0.0192604 3.60793 -1.6
      vertex 2.30819 3.83337 -1.6
      vertex 2.3 4 -1.6
    endloop
  endfacet
  facet normal -0 0 1
    outer loop
      vertex 0.472315 5.88559 -1.6
      vertex 2.50073 4.80137 -1.6
      vertex 0.674121 6.22228 -1.6
    endloop
  endfacet
  facet normal 0 0 1
    outer loop
      vertex 3.19863 2.50073 -1.6
      vertex 2.11441 0.472315 -1.6
      vertex 2.46927 0.304482 -1.6
    endloop
  endfacet
  facet normal 0 0 1
    outer loop
      vertex 2.50073 4.80137 -1.6
      vertex 0.472315 5.88559 -1.6
      vertex 2.42941 4.65056 -1.6
    endloop
  endfacet
  facet normal 0 0 1
    outer loop
      vertex 3.05553 2.5865 -1.6
      vertex 1.77772 0.674121 -1.6
      vertex 2.11441 0.472315 -1.6
    endloop
  endfacet
  facet normal -0 0 1
    outer loop
      vertex 0.304482 5.53073 -1.6
      vertex 2.42941 4.65056 -1.6
      vertex 0.472315 5.88559 -1.6
    endloop
  endfacet
  facet normal 0 0 1
    outer loop
      vertex 2.92153 2.68588 -1.6
      vertex 1.46243 0.907958 -1.6
      vertex 1.77772 0.674121 -1.6
    endloop
  endfacet
  facet normal 0 0 1
    outer loop
      vertex 2.42941 4.65056 -1.6
      vertex 0.304482 5.53073 -1.6
      vertex 2.3732 4.49348 -1.6
    endloop
  endfacet
  facet normal 0 0 1
    outer loop
      vertex 2.79792 2.79792 -1.6
      vertex 1.17157 1.17157 -1.6
      vertex 1.46243 0.907958 -1.6
    endloop
  endfacet
  facet normal -0 0 1
    outer loop
      vertex 0.172238 5.16114 -1.6
      vertex 2.3732 4.49348 -1.6
      vertex 0.304482 5.53073 -1.6
    endloop
  endfacet
  facet normal 0 0 1
    outer loop
      vertex 2.68588 2.92153 -1.6
      vertex 0.907958 1.46243 -1.6
      vertex 1.17157 1.17157 -1.6
    endloop
  endfacet
  facet normal 0 0 1
    outer loop
      vertex 2.3732 4.49348 -1.6
      vertex 0.172238 5.16114 -1.6
      vertex 2.33267 4.33165 -1.6
    endloop
  endfacet
  facet normal 0 0 1
    outer loop
      vertex 2.5865 3.05553 -1.6
      vertex 0.674121 1.77772 -1.6
      vertex 0.907958 1.46243 -1.6
    endloop
  endfacet
  facet normal -0 0 1
    outer loop
      vertex 0.0768585 4.78036 -1.6
      vertex 2.33267 4.33165 -1.6
      vertex 0.172238 5.16114 -1.6
    endloop
  endfacet
  facet normal 0 0 1
    outer loop
      vertex 2.50073 3.19863 -1.6
      vertex 0.472315 2.11441 -1.6
      vertex 0.674121 1.77772 -1.6
    endloop
  endfacet
  facet normal 0 0 1
    outer loop
      vertex 2.33267 4.33165 -1.6
      vertex 0.0768585 4.78036 -1.6
      vertex 2.30819 4.16663 -1.6
    endloop
  endfacet
  facet normal 0 0 1
    outer loop
      vertex 2.42941 3.34944 -1.6
      vertex 0.304482 2.46927 -1.6
      vertex 0.472315 2.11441 -1.6
    endloop
  endfacet
  facet normal -0 0 1
    outer loop
      vertex 0.0192604 4.39207 -1.6
      vertex 2.30819 4.16663 -1.6
      vertex 0.0768585 4.78036 -1.6
    endloop
  endfacet
  facet normal 0 0 1
    outer loop
      vertex 2.3732 3.50652 -1.6
      vertex 0.172238 2.83886 -1.6
      vertex 0.304482 2.46927 -1.6
    endloop
  endfacet
  facet normal 0 0 1
    outer loop
      vertex 2.30819 4.16663 -1.6
      vertex 0.0192604 4.39207 -1.6
      vertex 2.3 4 -1.6
    endloop
  endfacet
  facet normal 0 0 1
    outer loop
      vertex 2.33267 3.66835 -1.6
      vertex 0.0768585 3.21964 -1.6
      vertex 0.172238 2.83886 -1.6
    endloop
  endfacet
  facet normal 0 0 1
    outer loop
      vertex 0 4 -1.6
      vertex 2.3 4 -1.6
      vertex 0.0192604 4.39207 -1.6
    endloop
  endfacet
  facet normal 0 0 1
    outer loop
      vertex 2.30819 3.83337 -1.6
      vertex 0.0192604 3.60793 -1.6
      vertex 0.0768585 3.21964 -1.6
    endloop
  endfacet
  facet normal 0 0 1
    outer loop
      vertex 2.3 4 -1.6
      vertex 0 4 -1.6
      vertex 0.0192604 3.60793 -1.6
    endloop
  endfacet
  facet normal -0.595708 0.803201 0
    outer loop
      vertex 1.77772 7.32588 -5.6
      vertex 1.46243 7.09204 -1.6
      vertex 1.77772 7.32588 -1.6
    endloop
  endfacet
  facet normal -0.595708 0.803201 0
    outer loop
      vertex 1.46243 7.09204 -1.6
      vertex 1.77772 7.32588 -5.6
      vertex 1.46243 7.09204 -5.6
    endloop
  endfacet
  facet normal -0.514095 0.857733 0
    outer loop
      vertex 2.11441 7.52768 -5.6
      vertex 1.77772 7.32588 -1.6
      vertex 2.11441 7.52768 -1.6
    endloop
  endfacet
  facet normal -0.514095 0.857733 0
    outer loop
      vertex 1.77772 7.32588 -1.6
      vertex 2.11441 7.52768 -5.6
      vertex 1.77772 7.32588 -5.6
    endloop
  endfacet
  facet normal -0.671545 0.740964 0
    outer loop
      vertex 1.46243 7.09204 -5.6
      vertex 1.17157 6.82843 -1.6
      vertex 1.46243 7.09204 -1.6
    endloop
  endfacet
  facet normal -0.671545 0.740964 0
    outer loop
      vertex 1.17157 6.82843 -1.6
      vertex 1.46243 7.09204 -5.6
      vertex 1.17157 6.82843 -5.6
    endloop
  endfacet
  facet normal -0.336887 0.941545 0
    outer loop
      vertex 2.83886 7.82776 -5.6
      vertex 2.46927 7.69552 -1.6
      vertex 2.83886 7.82776 -1.6
    endloop
  endfacet
  facet normal -0.336887 0.941545 0
    outer loop
      vertex 2.46927 7.69552 -1.6
      vertex 2.83886 7.82776 -5.6
      vertex 2.46927 7.69552 -5.6
    endloop
  endfacet
  facet normal -0.146737 0.989176 0
    outer loop
      vertex 3.60793 7.98074 -5.6
      vertex 3.21964 7.92314 -1.6
      vertex 3.60793 7.98074 -1.6
    endloop
  endfacet
  facet normal -0.146737 0.989176 0
    outer loop
      vertex 3.21964 7.92314 -1.6
      vertex 3.60793 7.98074 -5.6
      vertex 3.21964 7.92314 -5.6
    endloop
  endfacet
  facet normal 0.998796 -0.0490647 0
    outer loop
      vertex 7.98074 3.60793 -1.6
      vertex 8 4 -5.6
      vertex 8 4 -1.6
    endloop
  endfacet
  facet normal 0.998796 -0.0490647 0
    outer loop
      vertex 8 4 -5.6
      vertex 7.98074 3.60793 -1.6
      vertex 7.98074 3.60793 -5.6
    endloop
  endfacet
  facet normal 0.146732 -0.989176 0
    outer loop
      vertex 4.39207 0.0192604 -5.6
      vertex 4.78036 0.0768585 -1.6
      vertex 4.39207 0.0192604 -1.6
    endloop
  endfacet
  facet normal 0.146732 -0.989176 0
    outer loop
      vertex 4.78036 0.0768585 -1.6
      vertex 4.39207 0.0192604 -5.6
      vertex 4.78036 0.0768585 -5.6
    endloop
  endfacet
  facet normal 0.336896 -0.941542 0
    outer loop
      vertex 5.16114 0.172238 -5.6
      vertex 5.53073 0.304482 -1.6
      vertex 5.16114 0.172238 -1.6
    endloop
  endfacet
  facet normal 0.336896 -0.941542 0
    outer loop
      vertex 5.53073 0.304482 -1.6
      vertex 5.16114 0.172238 -5.6
      vertex 5.53073 0.304482 -5.6
    endloop
  endfacet
  facet normal 0.671548 -0.740961 0
    outer loop
      vertex 6.53757 0.907958 -5.6
      vertex 6.82843 1.17157 -1.6
      vertex 6.53757 0.907958 -1.6
    endloop
  endfacet
  facet normal 0.671548 -0.740961 0
    outer loop
      vertex 6.82843 1.17157 -1.6
      vertex 6.53757 0.907958 -5.6
      vertex 6.82843 1.17157 -5.6
    endloop
  endfacet
  facet normal 0.514106 -0.857727 0
    outer loop
      vertex 5.88559 0.472315 -5.6
      vertex 6.22228 0.674121 -1.6
      vertex 5.88559 0.472315 -1.6
    endloop
  endfacet
  facet normal 0.514106 -0.857727 0
    outer loop
      vertex 6.22228 0.674121 -1.6
      vertex 5.88559 0.472315 -5.6
      vertex 6.22228 0.674121 -5.6
    endloop
  endfacet
  facet normal 0.803201 -0.595708 0
    outer loop
      vertex 7.09204 1.46243 -1.6
      vertex 7.32588 1.77772 -5.6
      vertex 7.32588 1.77772 -1.6
    endloop
  endfacet
  facet normal 0.803201 -0.595708 0
    outer loop
      vertex 7.32588 1.77772 -5.6
      vertex 7.09204 1.46243 -1.6
      vertex 7.09204 1.46243 -5.6
    endloop
  endfacet
  facet normal 0.903986 -0.427563 0
    outer loop
      vertex 7.52768 2.11441 -1.6
      vertex 7.69552 2.46927 -5.6
      vertex 7.69552 2.46927 -1.6
    endloop
  endfacet
  facet normal 0.903986 -0.427563 0
    outer loop
      vertex 7.69552 2.46927 -5.6
      vertex 7.52768 2.11441 -1.6
      vertex 7.52768 2.11441 -5.6
    endloop
  endfacet
  facet normal -0.595703 -0.803205 0
    outer loop
      vertex 1.46243 0.907958 -5.6
      vertex 1.77772 0.674121 -1.6
      vertex 1.46243 0.907958 -1.6
    endloop
  endfacet
  facet normal -0.595703 -0.803205 -0
    outer loop
      vertex 1.77772 0.674121 -1.6
      vertex 1.46243 0.907958 -5.6
      vertex 1.77772 0.674121 -5.6
    endloop
  endfacet
  facet normal -0.427548 -0.903993 0
    outer loop
      vertex 2.11441 0.472315 -5.6
      vertex 2.46927 0.304482 -1.6
      vertex 2.11441 0.472315 -1.6
    endloop
  endfacet
  facet normal -0.427548 -0.903993 -0
    outer loop
      vertex 2.46927 0.304482 -1.6
      vertex 2.11441 0.472315 -5.6
      vertex 2.46927 0.304482 -5.6
    endloop
  endfacet
  facet normal -0.242978 -0.970032 0
    outer loop
      vertex 2.83886 0.172238 -5.6
      vertex 3.21964 0.0768585 -1.6
      vertex 2.83886 0.172238 -1.6
    endloop
  endfacet
  facet normal -0.242978 -0.970032 -0
    outer loop
      vertex 3.21964 0.0768585 -1.6
      vertex 2.83886 0.172238 -5.6
      vertex 3.21964 0.0768585 -5.6
    endloop
  endfacet
  facet normal -0.0490657 -0.998796 0
    outer loop
      vertex 3.60793 0.0192604 -5.6
      vertex 4 0 -1.6
      vertex 3.60793 0.0192604 -1.6
    endloop
  endfacet
  facet normal -0.0490657 -0.998796 -0
    outer loop
      vertex 4 0 -1.6
      vertex 3.60793 0.0192604 -5.6
      vertex 4 0 -5.6
    endloop
  endfacet
  facet normal -0.803205 -0.595703 0
    outer loop
      vertex 0.907958 1.46243 -5.6
      vertex 0.674121 1.77772 -1.6
      vertex 0.674121 1.77772 -5.6
    endloop
  endfacet
  facet normal -0.803205 -0.595703 0
    outer loop
      vertex 0.674121 1.77772 -1.6
      vertex 0.907958 1.46243 -5.6
      vertex 0.907958 1.46243 -1.6
    endloop
  endfacet
  facet normal -0.857727 -0.514106 0
    outer loop
      vertex 0.674121 1.77772 -5.6
      vertex 0.472315 2.11441 -1.6
      vertex 0.472315 2.11441 -5.6
    endloop
  endfacet
  facet normal -0.857727 -0.514106 0
    outer loop
      vertex 0.472315 2.11441 -1.6
      vertex 0.674121 1.77772 -5.6
      vertex 0.674121 1.77772 -1.6
    endloop
  endfacet
  facet normal -0.740961 -0.671548 0
    outer loop
      vertex 1.17157 1.17157 -5.6
      vertex 0.907958 1.46243 -1.6
      vertex 0.907958 1.46243 -5.6
    endloop
  endfacet
  facet normal -0.740961 -0.671548 0
    outer loop
      vertex 0.907958 1.46243 -1.6
      vertex 1.17157 1.17157 -5.6
      vertex 1.17157 1.17157 -1.6
    endloop
  endfacet
  facet normal -0.941542 -0.336896 0
    outer loop
      vertex 0.304482 2.46927 -5.6
      vertex 0.172238 2.83886 -1.6
      vertex 0.172238 2.83886 -5.6
    endloop
  endfacet
  facet normal -0.941542 -0.336896 0
    outer loop
      vertex 0.172238 2.83886 -1.6
      vertex 0.304482 2.46927 -5.6
      vertex 0.304482 2.46927 -1.6
    endloop
  endfacet
  facet normal -0.903993 -0.427548 0
    outer loop
      vertex 0.472315 2.11441 -5.6
      vertex 0.304482 2.46927 -1.6
      vertex 0.304482 2.46927 -5.6
    endloop
  endfacet
  facet normal -0.903993 -0.427548 0
    outer loop
      vertex 0.304482 2.46927 -1.6
      vertex 0.472315 2.11441 -5.6
      vertex 0.472315 2.11441 -1.6
    endloop
  endfacet
  facet normal -0.989176 -0.146732 0
    outer loop
      vertex 0.0768585 3.21964 -5.6
      vertex 0.0192604 3.60793 -1.6
      vertex 0.0192604 3.60793 -5.6
    endloop
  endfacet
  facet normal -0.989176 -0.146732 0
    outer loop
      vertex 0.0192604 3.60793 -1.6
      vertex 0.0768585 3.21964 -5.6
      vertex 0.0768585 3.21964 -1.6
    endloop
  endfacet
  facet normal -0.998796 -0.0490657 0
    outer loop
      vertex 0.0192604 3.60793 -5.6
      vertex 0 4 -1.6
      vertex 0 4 -5.6
    endloop
  endfacet
  facet normal -0.998796 -0.0490657 0
    outer loop
      vertex 0 4 -1.6
      vertex 0.0192604 3.60793 -5.6
      vertex 0.0192604 3.60793 -1.6
    endloop
  endfacet
  facet normal 0.242978 -0.970032 0
    outer loop
      vertex 4.78036 0.0768585 -5.6
      vertex 5.16114 0.172238 -1.6
      vertex 4.78036 0.0768585 -1.6
    endloop
  endfacet
  facet normal 0.242978 -0.970032 0
    outer loop
      vertex 5.16114 0.172238 -1.6
      vertex 4.78036 0.0768585 -5.6
      vertex 5.16114 0.172238 -5.6
    endloop
  endfacet
  facet normal 0.427548 -0.903993 0
    outer loop
      vertex 5.53073 0.304482 -5.6
      vertex 5.88559 0.472315 -1.6
      vertex 5.53073 0.304482 -1.6
    endloop
  endfacet
  facet normal 0.427548 -0.903993 0
    outer loop
      vertex 5.88559 0.472315 -1.6
      vertex 5.53073 0.304482 -5.6
      vertex 5.88559 0.472315 -5.6
    endloop
  endfacet
  facet normal 0.740964 -0.671545 0
    outer loop
      vertex 6.82843 1.17157 -1.6
      vertex 7.09204 1.46243 -5.6
      vertex 7.09204 1.46243 -1.6
    endloop
  endfacet
  facet normal 0.740964 -0.671545 0
    outer loop
      vertex 7.09204 1.46243 -5.6
      vertex 6.82843 1.17157 -1.6
      vertex 6.82843 1.17157 -5.6
    endloop
  endfacet
  facet normal 0.595703 -0.803205 0
    outer loop
      vertex 6.22228 0.674121 -5.6
      vertex 6.53757 0.907958 -1.6
      vertex 6.22228 0.674121 -1.6
    endloop
  endfacet
  facet normal 0.595703 -0.803205 0
    outer loop
      vertex 6.53757 0.907958 -1.6
      vertex 6.22228 0.674121 -5.6
      vertex 6.53757 0.907958 -5.6
    endloop
  endfacet
  facet normal 0.857733 -0.514095 0
    outer loop
      vertex 7.32588 1.77772 -1.6
      vertex 7.52768 2.11441 -5.6
      vertex 7.52768 2.11441 -1.6
    endloop
  endfacet
  facet normal 0.857733 -0.514095 0
    outer loop
      vertex 7.52768 2.11441 -5.6
      vertex 7.32588 1.77772 -1.6
      vertex 7.32588 1.77772 -5.6
    endloop
  endfacet
  facet normal 0.989176 -0.146737 0
    outer loop
      vertex 7.92314 3.21964 -1.6
      vertex 7.98074 3.60793 -5.6
      vertex 7.98074 3.60793 -1.6
    endloop
  endfacet
  facet normal 0.989176 -0.146737 0
    outer loop
      vertex 7.98074 3.60793 -5.6
      vertex 7.92314 3.21964 -1.6
      vertex 7.92314 3.21964 -5.6
    endloop
  endfacet
  facet normal 0.970032 -0.242979 0
    outer loop
      vertex 7.82776 2.83886 -1.6
      vertex 7.92314 3.21964 -5.6
      vertex 7.92314 3.21964 -1.6
    endloop
  endfacet
  facet normal 0.970032 -0.242979 0
    outer loop
      vertex 7.92314 3.21964 -5.6
      vertex 7.82776 2.83886 -1.6
      vertex 7.82776 2.83886 -5.6
    endloop
  endfacet
  facet normal -0.514106 -0.857727 0
    outer loop
      vertex 1.77772 0.674121 -5.6
      vertex 2.11441 0.472315 -1.6
      vertex 1.77772 0.674121 -1.6
    endloop
  endfacet
  facet normal -0.514106 -0.857727 -0
    outer loop
      vertex 2.11441 0.472315 -1.6
      vertex 1.77772 0.674121 -5.6
      vertex 2.11441 0.472315 -5.6
    endloop
  endfacet
  facet normal -0.336896 -0.941542 0
    outer loop
      vertex 2.46927 0.304482 -5.6
      vertex 2.83886 0.172238 -1.6
      vertex 2.46927 0.304482 -1.6
    endloop
  endfacet
  facet normal -0.336896 -0.941542 -0
    outer loop
      vertex 2.83886 0.172238 -1.6
      vertex 2.46927 0.304482 -5.6
      vertex 2.83886 0.172238 -5.6
    endloop
  endfacet
  facet normal -0.146732 -0.989176 0
    outer loop
      vertex 3.21964 0.0768585 -5.6
      vertex 3.60793 0.0192604 -1.6
      vertex 3.21964 0.0768585 -1.6
    endloop
  endfacet
  facet normal -0.146732 -0.989176 -0
    outer loop
      vertex 3.60793 0.0192604 -1.6
      vertex 3.21964 0.0768585 -5.6
      vertex 3.60793 0.0192604 -5.6
    endloop
  endfacet
  facet normal 0.0490657 -0.998796 0
    outer loop
      vertex 4 0 -5.6
      vertex 4.39207 0.0192604 -1.6
      vertex 4 0 -1.6
    endloop
  endfacet
  facet normal 0.0490657 -0.998796 0
    outer loop
      vertex 4.39207 0.0192604 -1.6
      vertex 4 0 -5.6
      vertex 4.39207 0.0192604 -5.6
    endloop
  endfacet
  facet normal -0.970032 -0.242978 0
    outer loop
      vertex 0.172238 2.83886 -5.6
      vertex 0.0768585 3.21964 -1.6
      vertex 0.0768585 3.21964 -5.6
    endloop
  endfacet
  facet normal -0.970032 -0.242978 0
    outer loop
      vertex 0.0768585 3.21964 -1.6
      vertex 0.172238 2.83886 -5.6
      vertex 0.172238 2.83886 -1.6
    endloop
  endfacet
  facet normal 0.998791 0.0491664 0
    outer loop
      vertex 70 4 -1.6
      vertex 69.9807 4.39207 -5.6
      vertex 69.9807 4.39207 -1.6
    endloop
  endfacet
  facet normal 0.998791 0.0491664 0
    outer loop
      vertex 69.9807 4.39207 -5.6
      vertex 70 4 -1.6
      vertex 70 4 -5.6
    endloop
  endfacet
  facet normal -0.049061 0.998796 0
    outer loop
      vertex 66 8 -5.6
      vertex 65.6079 7.98074 -1.6
      vertex 66 8 -1.6
    endloop
  endfacet
  facet normal -0.049061 0.998796 0
    outer loop
      vertex 65.6079 7.98074 -1.6
      vertex 66 8 -5.6
      vertex 65.6079 7.98074 -5.6
    endloop
  endfacet
  facet normal 0.049062 -0.998796 0
    outer loop
      vertex 66 0 -5.6
      vertex 66.3921 0.0192604 -1.6
      vertex 66 0 -1.6
    endloop
  endfacet
  facet normal 0.049062 -0.998796 0
    outer loop
      vertex 66.3921 0.0192604 -1.6
      vertex 66 0 -5.6
      vertex 66.3921 0.0192604 -5.6
    endloop
  endfacet
  facet normal 0.671621 0.740895 -0
    outer loop
      vertex 68.8284 6.82843 -5.6
      vertex 68.5376 7.09204 -1.6
      vertex 68.8284 6.82843 -1.6
    endloop
  endfacet
  facet normal 0.671621 0.740895 0
    outer loop
      vertex 68.5376 7.09204 -1.6
      vertex 68.8284 6.82843 -5.6
      vertex 68.5376 7.09204 -5.6
    endloop
  endfacet
  facet normal -0.740977 0.671531 0
    outer loop
      vertex 62.908 6.53757 -5.6
      vertex 63.1716 6.82843 -1.6
      vertex 63.1716 6.82843 -5.6
    endloop
  endfacet
  facet normal -0.740977 0.671531 0
    outer loop
      vertex 63.1716 6.82843 -1.6
      vertex 62.908 6.53757 -5.6
      vertex 62.908 6.53757 -1.6
    endloop
  endfacet
  facet normal -0.427523 0.904004 0
    outer loop
      vertex 64.4693 7.69552 -5.6
      vertex 64.1144 7.52768 -1.6
      vertex 64.4693 7.69552 -1.6
    endloop
  endfacet
  facet normal -0.427523 0.904004 0
    outer loop
      vertex 64.1144 7.52768 -1.6
      vertex 64.4693 7.69552 -5.6
      vertex 64.1144 7.52768 -5.6
    endloop
  endfacet
  facet normal 0.904025 0.42748 0
    outer loop
      vertex 69.6955 5.53073 -1.6
      vertex 69.5277 5.88559 -5.6
      vertex 69.5277 5.88559 -1.6
    endloop
  endfacet
  facet normal 0.904025 0.42748 0
    outer loop
      vertex 69.5277 5.88559 -5.6
      vertex 69.6955 5.53073 -1.6
      vertex 69.6955 5.53073 -5.6
    endloop
  endfacet
  facet normal 0.336879 0.941548 -0
    outer loop
      vertex 67.5307 7.69552 -5.6
      vertex 67.1611 7.82776 -1.6
      vertex 67.5307 7.69552 -1.6
    endloop
  endfacet
  facet normal 0.336879 0.941548 0
    outer loop
      vertex 67.1611 7.82776 -1.6
      vertex 67.5307 7.69552 -5.6
      vertex 67.1611 7.82776 -5.6
    endloop
  endfacet
  facet normal 0.514084 0.85774 -0
    outer loop
      vertex 68.2223 7.32588 -5.6
      vertex 67.8856 7.52768 -1.6
      vertex 68.2223 7.32588 -1.6
    endloop
  endfacet
  facet normal 0.514084 0.85774 0
    outer loop
      vertex 67.8856 7.52768 -1.6
      vertex 68.2223 7.32588 -5.6
      vertex 67.8856 7.52768 -5.6
    endloop
  endfacet
  facet normal -0.941497 0.337022 0
    outer loop
      vertex 62.1722 5.16114 -5.6
      vertex 62.3045 5.53073 -1.6
      vertex 62.3045 5.53073 -5.6
    endloop
  endfacet
  facet normal -0.941497 0.337022 0
    outer loop
      vertex 62.3045 5.53073 -1.6
      vertex 62.1722 5.16114 -5.6
      vertex 62.1722 5.16114 -1.6
    endloop
  endfacet
  facet normal -0.243027 0.970019 0
    outer loop
      vertex 65.2196 7.92314 -5.6
      vertex 64.8389 7.82776 -1.6
      vertex 65.2196 7.92314 -1.6
    endloop
  endfacet
  facet normal -0.243027 0.970019 0
    outer loop
      vertex 64.8389 7.82776 -1.6
      vertex 65.2196 7.92314 -5.6
      vertex 64.8389 7.82776 -5.6
    endloop
  endfacet
  facet normal 0.97008 -0.242787 0
    outer loop
      vertex 69.8278 2.83886 -1.6
      vertex 69.9231 3.21964 -5.6
      vertex 69.9231 3.21964 -1.6
    endloop
  endfacet
  facet normal 0.97008 -0.242787 0
    outer loop
      vertex 69.9231 3.21964 -5.6
      vertex 69.8278 2.83886 -1.6
      vertex 69.8278 2.83886 -5.6
    endloop
  endfacet
  facet normal -0.671624 -0.740892 0
    outer loop
      vertex 63.1716 1.17157 -5.6
      vertex 63.4624 0.907958 -1.6
      vertex 63.1716 1.17157 -1.6
    endloop
  endfacet
  facet normal -0.671624 -0.740892 -0
    outer loop
      vertex 63.4624 0.907958 -1.6
      vertex 63.1716 1.17157 -5.6
      vertex 63.4624 0.907958 -5.6
    endloop
  endfacet
  facet normal 0.97008 0.242787 0
    outer loop
      vertex 69.9231 4.78036 -1.6
      vertex 69.8278 5.16114 -5.6
      vertex 69.8278 5.16114 -1.6
    endloop
  endfacet
  facet normal 0.97008 0.242787 0
    outer loop
      vertex 69.8278 5.16114 -5.6
      vertex 69.9231 4.78036 -1.6
      vertex 69.9231 4.78036 -5.6
    endloop
  endfacet
  facet normal 0.989176 0.146737 0
    outer loop
      vertex 69.9807 4.39207 -1.6
      vertex 69.9231 4.78036 -5.6
      vertex 69.9231 4.78036 -1.6
    endloop
  endfacet
  facet normal 0.989176 0.146737 0
    outer loop
      vertex 69.9231 4.78036 -5.6
      vertex 69.9807 4.39207 -1.6
      vertex 69.9807 4.39207 -5.6
    endloop
  endfacet
  facet normal 0.941497 0.337022 0
    outer loop
      vertex 69.8278 5.16114 -1.6
      vertex 69.6955 5.53073 -5.6
      vertex 69.6955 5.53073 -1.6
    endloop
  endfacet
  facet normal 0.941497 0.337022 0
    outer loop
      vertex 69.6955 5.53073 -5.6
      vertex 69.8278 5.16114 -1.6
      vertex 69.8278 5.16114 -5.6
    endloop
  endfacet
  facet normal 0.803128 0.595806 0
    outer loop
      vertex 69.3259 6.22228 -1.6
      vertex 69.092 6.53757 -5.6
      vertex 69.092 6.53757 -1.6
    endloop
  endfacet
  facet normal 0.803128 0.595806 0
    outer loop
      vertex 69.092 6.53757 -5.6
      vertex 69.3259 6.22228 -1.6
      vertex 69.3259 6.22228 -5.6
    endloop
  endfacet
  facet normal 0.740977 0.671531 0
    outer loop
      vertex 69.092 6.53757 -1.6
      vertex 68.8284 6.82843 -5.6
      vertex 68.8284 6.82843 -1.6
    endloop
  endfacet
  facet normal 0.740977 0.671531 0
    outer loop
      vertex 68.8284 6.82843 -5.6
      vertex 69.092 6.53757 -1.6
      vertex 69.092 6.53757 -5.6
    endloop
  endfacet
  facet normal 0.857733 0.514095 0
    outer loop
      vertex 69.5277 5.88559 -1.6
      vertex 69.3259 6.22228 -5.6
      vertex 69.3259 6.22228 -1.6
    endloop
  endfacet
  facet normal 0.857733 0.514095 0
    outer loop
      vertex 69.3259 6.22228 -5.6
      vertex 69.5277 5.88559 -1.6
      vertex 69.5277 5.88559 -5.6
    endloop
  endfacet
  facet normal 0.146733 0.989176 -0
    outer loop
      vertex 66.7804 7.92314 -5.6
      vertex 66.3921 7.98074 -1.6
      vertex 66.7804 7.92314 -1.6
    endloop
  endfacet
  facet normal 0.146733 0.989176 0
    outer loop
      vertex 66.3921 7.98074 -1.6
      vertex 66.7804 7.92314 -5.6
      vertex 66.3921 7.98074 -5.6
    endloop
  endfacet
  facet normal 0.243027 0.970019 -0
    outer loop
      vertex 67.1611 7.82776 -5.6
      vertex 66.7804 7.92314 -1.6
      vertex 67.1611 7.82776 -1.6
    endloop
  endfacet
  facet normal 0.243027 0.970019 0
    outer loop
      vertex 66.7804 7.92314 -1.6
      vertex 67.1611 7.82776 -5.6
      vertex 66.7804 7.92314 -5.6
    endloop
  endfacet
  facet normal 0.049061 0.998796 -0
    outer loop
      vertex 66.3921 7.98074 -5.6
      vertex 66 8 -1.6
      vertex 66.3921 7.98074 -1.6
    endloop
  endfacet
  facet normal 0.049061 0.998796 0
    outer loop
      vertex 66 8 -1.6
      vertex 66.3921 7.98074 -5.6
      vertex 66 8 -5.6
    endloop
  endfacet
  facet normal 0.427523 0.904004 -0
    outer loop
      vertex 67.8856 7.52768 -5.6
      vertex 67.5307 7.69552 -1.6
      vertex 67.8856 7.52768 -1.6
    endloop
  endfacet
  facet normal 0.427523 0.904004 0
    outer loop
      vertex 67.5307 7.69552 -1.6
      vertex 67.8856 7.52768 -5.6
      vertex 67.5307 7.69552 -5.6
    endloop
  endfacet
  facet normal 0.595695 0.80321 -0
    outer loop
      vertex 68.5376 7.09204 -5.6
      vertex 68.2223 7.32588 -1.6
      vertex 68.5376 7.09204 -1.6
    endloop
  endfacet
  facet normal 0.595695 0.80321 0
    outer loop
      vertex 68.2223 7.32588 -1.6
      vertex 68.5376 7.09204 -5.6
      vertex 68.2223 7.32588 -5.6
    endloop
  endfacet
  facet normal -0.989176 0.146737 0
    outer loop
      vertex 62.0193 4.39207 -5.6
      vertex 62.0769 4.78036 -1.6
      vertex 62.0769 4.78036 -5.6
    endloop
  endfacet
  facet normal -0.989176 0.146737 0
    outer loop
      vertex 62.0769 4.78036 -1.6
      vertex 62.0193 4.39207 -5.6
      vertex 62.0193 4.39207 -1.6
    endloop
  endfacet
  facet normal -0.857733 0.514095 0
    outer loop
      vertex 62.4723 5.88559 -5.6
      vertex 62.6741 6.22228 -1.6
      vertex 62.6741 6.22228 -5.6
    endloop
  endfacet
  facet normal -0.857733 0.514095 0
    outer loop
      vertex 62.6741 6.22228 -1.6
      vertex 62.4723 5.88559 -5.6
      vertex 62.4723 5.88559 -1.6
    endloop
  endfacet
  facet normal -0.803128 0.595806 0
    outer loop
      vertex 62.6741 6.22228 -5.6
      vertex 62.908 6.53757 -1.6
      vertex 62.908 6.53757 -5.6
    endloop
  endfacet
  facet normal -0.803128 0.595806 0
    outer loop
      vertex 62.908 6.53757 -1.6
      vertex 62.6741 6.22228 -5.6
      vertex 62.6741 6.22228 -1.6
    endloop
  endfacet
  facet normal -0.904025 0.42748 0
    outer loop
      vertex 62.3045 5.53073 -5.6
      vertex 62.4723 5.88559 -1.6
      vertex 62.4723 5.88559 -5.6
    endloop
  endfacet
  facet normal -0.904025 0.42748 0
    outer loop
      vertex 62.4723 5.88559 -1.6
      vertex 62.3045 5.53073 -5.6
      vertex 62.3045 5.53073 -1.6
    endloop
  endfacet
  facet normal -0.97008 0.242787 0
    outer loop
      vertex 62.0769 4.78036 -5.6
      vertex 62.1722 5.16114 -1.6
      vertex 62.1722 5.16114 -5.6
    endloop
  endfacet
  facet normal -0.97008 0.242787 0
    outer loop
      vertex 62.1722 5.16114 -1.6
      vertex 62.0769 4.78036 -5.6
      vertex 62.0769 4.78036 -1.6
    endloop
  endfacet
  facet normal -0.998791 0.0491664 0
    outer loop
      vertex 62 4 -5.6
      vertex 62.0193 4.39207 -1.6
      vertex 62.0193 4.39207 -5.6
    endloop
  endfacet
  facet normal -0.998791 0.0491664 0
    outer loop
      vertex 62.0193 4.39207 -1.6
      vertex 62 4 -5.6
      vertex 62 4 -1.6
    endloop
  endfacet
  facet normal 0 0 1
    outer loop
      vertex 67.7 4 -1.6
      vertex 70 4 -1.6
      vertex 69.9807 4.39207 -1.6
    endloop
  endfacet
  facet normal 0 0 1
    outer loop
      vertex 67.6918 4.16663 -1.6
      vertex 69.9807 4.39207 -1.6
      vertex 69.9231 4.78036 -1.6
    endloop
  endfacet
  facet normal 0 0 1
    outer loop
      vertex 70 4 -1.6
      vertex 67.7 4 -1.6
      vertex 69.9807 3.60793 -1.6
    endloop
  endfacet
  facet normal 0 0 1
    outer loop
      vertex 67.6673 4.33165 -1.6
      vertex 69.9231 4.78036 -1.6
      vertex 69.8278 5.16114 -1.6
    endloop
  endfacet
  facet normal -0 0 1
    outer loop
      vertex 67.6918 3.83337 -1.6
      vertex 69.9807 3.60793 -1.6
      vertex 67.7 4 -1.6
    endloop
  endfacet
  facet normal 0 0 1
    outer loop
      vertex 67.6268 4.49348 -1.6
      vertex 69.8278 5.16114 -1.6
      vertex 69.6955 5.53073 -1.6
    endloop
  endfacet
  facet normal 0 0 1
    outer loop
      vertex 69.9807 3.60793 -1.6
      vertex 67.6918 3.83337 -1.6
      vertex 69.9231 3.21964 -1.6
    endloop
  endfacet
  facet normal 0 0 1
    outer loop
      vertex 67.5706 4.65056 -1.6
      vertex 69.6955 5.53073 -1.6
      vertex 69.5277 5.88559 -1.6
    endloop
  endfacet
  facet normal -0 0 1
    outer loop
      vertex 67.6673 3.66835 -1.6
      vertex 69.9231 3.21964 -1.6
      vertex 67.6918 3.83337 -1.6
    endloop
  endfacet
  facet normal 0 0 1
    outer loop
      vertex 67.4993 4.80137 -1.6
      vertex 69.5277 5.88559 -1.6
      vertex 69.3259 6.22228 -1.6
    endloop
  endfacet
  facet normal 0 0 1
    outer loop
      vertex 69.9231 3.21964 -1.6
      vertex 67.6673 3.66835 -1.6
      vertex 69.8278 2.83886 -1.6
    endloop
  endfacet
  facet normal 0 0 1
    outer loop
      vertex 67.4135 4.94447 -1.6
      vertex 69.3259 6.22228 -1.6
      vertex 69.092 6.53757 -1.6
    endloop
  endfacet
  facet normal -0 0 1
    outer loop
      vertex 67.6268 3.50652 -1.6
      vertex 69.8278 2.83886 -1.6
      vertex 67.6673 3.66835 -1.6
    endloop
  endfacet
  facet normal 0 0 1
    outer loop
      vertex 67.3141 5.07847 -1.6
      vertex 69.092 6.53757 -1.6
      vertex 68.8284 6.82843 -1.6
    endloop
  endfacet
  facet normal 0 0 1
    outer loop
      vertex 69.8278 2.83886 -1.6
      vertex 67.6268 3.50652 -1.6
      vertex 69.6955 2.46927 -1.6
    endloop
  endfacet
  facet normal 0 0 1
    outer loop
      vertex 67.2021 5.20208 -1.6
      vertex 68.8284 6.82843 -1.6
      vertex 68.5376 7.09204 -1.6
    endloop
  endfacet
  facet normal -0 0 1
    outer loop
      vertex 67.5706 3.34944 -1.6
      vertex 69.6955 2.46927 -1.6
      vertex 67.6268 3.50652 -1.6
    endloop
  endfacet
  facet normal 0 0 1
    outer loop
      vertex 67.0785 5.31412 -1.6
      vertex 68.5376 7.09204 -1.6
      vertex 68.2223 7.32588 -1.6
    endloop
  endfacet
  facet normal 0 0 1
    outer loop
      vertex 69.6955 2.46927 -1.6
      vertex 67.5706 3.34944 -1.6
      vertex 69.5277 2.11441 -1.6
    endloop
  endfacet
  facet normal 0 0 1
    outer loop
      vertex 66.9445 5.4135 -1.6
      vertex 68.2223 7.32588 -1.6
      vertex 67.8856 7.52768 -1.6
    endloop
  endfacet
  facet normal -0 0 1
    outer loop
      vertex 67.4993 3.19863 -1.6
      vertex 69.5277 2.11441 -1.6
      vertex 67.5706 3.34944 -1.6
    endloop
  endfacet
  facet normal 0 0 1
    outer loop
      vertex 69.5277 2.11441 -1.6
      vertex 67.4993 3.19863 -1.6
      vertex 69.3259 1.77772 -1.6
    endloop
  endfacet
  facet normal 0 0 1
    outer loop
      vertex 69.9807 4.39207 -1.6
      vertex 67.6918 4.16663 -1.6
      vertex 67.7 4 -1.6
    endloop
  endfacet
  facet normal 0 0 1
    outer loop
      vertex 69.9231 4.78036 -1.6
      vertex 67.6673 4.33165 -1.6
      vertex 67.6918 4.16663 -1.6
    endloop
  endfacet
  facet normal 0 0 1
    outer loop
      vertex 69.8278 5.16114 -1.6
      vertex 67.6268 4.49348 -1.6
      vertex 67.6673 4.33165 -1.6
    endloop
  endfacet
  facet normal 0 0 1
    outer loop
      vertex 69.6955 5.53073 -1.6
      vertex 67.5706 4.65056 -1.6
      vertex 67.6268 4.49348 -1.6
    endloop
  endfacet
  facet normal 0 0 1
    outer loop
      vertex 66.8014 5.49927 -1.6
      vertex 67.8856 7.52768 -1.6
      vertex 67.5307 7.69552 -1.6
    endloop
  endfacet
  facet normal 0 0 1
    outer loop
      vertex 69.5277 5.88559 -1.6
      vertex 67.4993 4.80137 -1.6
      vertex 67.5706 4.65056 -1.6
    endloop
  endfacet
  facet normal 0 0 1
    outer loop
      vertex 69.3259 6.22228 -1.6
      vertex 67.4135 4.94447 -1.6
      vertex 67.4993 4.80137 -1.6
    endloop
  endfacet
  facet normal 0 0 1
    outer loop
      vertex 69.092 6.53757 -1.6
      vertex 67.3141 5.07847 -1.6
      vertex 67.4135 4.94447 -1.6
    endloop
  endfacet
  facet normal 0 0 1
    outer loop
      vertex 68.8284 6.82843 -1.6
      vertex 67.2021 5.20208 -1.6
      vertex 67.3141 5.07847 -1.6
    endloop
  endfacet
  facet normal 0 0 1
    outer loop
      vertex 66.6506 5.57059 -1.6
      vertex 67.5307 7.69552 -1.6
      vertex 67.1611 7.82776 -1.6
    endloop
  endfacet
  facet normal 0 0 1
    outer loop
      vertex 68.5376 7.09204 -1.6
      vertex 67.0785 5.31412 -1.6
      vertex 67.2021 5.20208 -1.6
    endloop
  endfacet
  facet normal 0 0 1
    outer loop
      vertex 68.2223 7.32588 -1.6
      vertex 66.9445 5.4135 -1.6
      vertex 67.0785 5.31412 -1.6
    endloop
  endfacet
  facet normal 0 0 1
    outer loop
      vertex 67.8856 7.52768 -1.6
      vertex 66.8014 5.49927 -1.6
      vertex 66.9445 5.4135 -1.6
    endloop
  endfacet
  facet normal 0 0 1
    outer loop
      vertex 66.4935 5.6268 -1.6
      vertex 67.1611 7.82776 -1.6
      vertex 66.7804 7.92314 -1.6
    endloop
  endfacet
  facet normal 0 0 1
    outer loop
      vertex 67.5307 7.69552 -1.6
      vertex 66.6506 5.57059 -1.6
      vertex 66.8014 5.49927 -1.6
    endloop
  endfacet
  facet normal 0 0 1
    outer loop
      vertex 67.1611 7.82776 -1.6
      vertex 66.4935 5.6268 -1.6
      vertex 66.6506 5.57059 -1.6
    endloop
  endfacet
  facet normal 0 0 1
    outer loop
      vertex 66.3316 5.66733 -1.6
      vertex 66.7804 7.92314 -1.6
      vertex 66.3921 7.98074 -1.6
    endloop
  endfacet
  facet normal 0 0 1
    outer loop
      vertex 66.7804 7.92314 -1.6
      vertex 66.3316 5.66733 -1.6
      vertex 66.4935 5.6268 -1.6
    endloop
  endfacet
  facet normal 0 0 1
    outer loop
      vertex 66.3921 7.98074 -1.6
      vertex 66.1666 5.69181 -1.6
      vertex 66.3316 5.66733 -1.6
    endloop
  endfacet
  facet normal 0 0 1
    outer loop
      vertex 66 8 -1.6
      vertex 66.1666 5.69181 -1.6
      vertex 66.3921 7.98074 -1.6
    endloop
  endfacet
  facet normal 0 0 1
    outer loop
      vertex 66 8 -1.6
      vertex 66 5.7 -1.6
      vertex 66.1666 5.69181 -1.6
    endloop
  endfacet
  facet normal 0 0 1
    outer loop
      vertex 66 8 -1.6
      vertex 65.8334 5.69181 -1.6
      vertex 66 5.7 -1.6
    endloop
  endfacet
  facet normal -0 0 1
    outer loop
      vertex 65.6079 7.98074 -1.6
      vertex 65.8334 5.69181 -1.6
      vertex 66 8 -1.6
    endloop
  endfacet
  facet normal 0 0 1
    outer loop
      vertex 65.8334 5.69181 -1.6
      vertex 65.6079 7.98074 -1.6
      vertex 65.6684 5.66733 -1.6
    endloop
  endfacet
  facet normal -0 0 1
    outer loop
      vertex 65.2196 7.92314 -1.6
      vertex 65.6684 5.66733 -1.6
      vertex 65.6079 7.98074 -1.6
    endloop
  endfacet
  facet normal 0 0 1
    outer loop
      vertex 65.6684 5.66733 -1.6
      vertex 65.2196 7.92314 -1.6
      vertex 65.5065 5.6268 -1.6
    endloop
  endfacet
  facet normal -0 0 1
    outer loop
      vertex 64.8389 7.82776 -1.6
      vertex 65.5065 5.6268 -1.6
      vertex 65.2196 7.92314 -1.6
    endloop
  endfacet
  facet normal 0 0 1
    outer loop
      vertex 65.5065 5.6268 -1.6
      vertex 64.8389 7.82776 -1.6
      vertex 65.3494 5.57059 -1.6
    endloop
  endfacet
  facet normal -0 0 1
    outer loop
      vertex 64.4693 7.69552 -1.6
      vertex 65.3494 5.57059 -1.6
      vertex 64.8389 7.82776 -1.6
    endloop
  endfacet
  facet normal 0 0 1
    outer loop
      vertex 65.3494 5.57059 -1.6
      vertex 64.4693 7.69552 -1.6
      vertex 65.1986 5.49927 -1.6
    endloop
  endfacet
  facet normal -0 0 1
    outer loop
      vertex 64.1144 7.52768 -1.6
      vertex 65.1986 5.49927 -1.6
      vertex 64.4693 7.69552 -1.6
    endloop
  endfacet
  facet normal 0 0 1
    outer loop
      vertex 65.1986 5.49927 -1.6
      vertex 64.1144 7.52768 -1.6
      vertex 65.0555 5.4135 -1.6
    endloop
  endfacet
  facet normal -0 0 1
    outer loop
      vertex 63.7777 7.32588 -1.6
      vertex 65.0555 5.4135 -1.6
      vertex 64.1144 7.52768 -1.6
    endloop
  endfacet
  facet normal 0 0 1
    outer loop
      vertex 65.0555 5.4135 -1.6
      vertex 63.7777 7.32588 -1.6
      vertex 64.9215 5.31412 -1.6
    endloop
  endfacet
  facet normal -0 0 1
    outer loop
      vertex 63.4624 7.09204 -1.6
      vertex 64.9215 5.31412 -1.6
      vertex 63.7777 7.32588 -1.6
    endloop
  endfacet
  facet normal 0 0 1
    outer loop
      vertex 64.9215 5.31412 -1.6
      vertex 63.4624 7.09204 -1.6
      vertex 64.7979 5.20208 -1.6
    endloop
  endfacet
  facet normal -0 0 1
    outer loop
      vertex 63.1716 6.82843 -1.6
      vertex 64.7979 5.20208 -1.6
      vertex 63.4624 7.09204 -1.6
    endloop
  endfacet
  facet normal 0 0 1
    outer loop
      vertex 64.7979 5.20208 -1.6
      vertex 63.1716 6.82843 -1.6
      vertex 64.6859 5.07847 -1.6
    endloop
  endfacet
  facet normal -0 0 1
    outer loop
      vertex 62.908 6.53757 -1.6
      vertex 64.6859 5.07847 -1.6
      vertex 63.1716 6.82843 -1.6
    endloop
  endfacet
  facet normal 0 0 1
    outer loop
      vertex 64.6859 5.07847 -1.6
      vertex 62.908 6.53757 -1.6
      vertex 64.5865 4.94447 -1.6
    endloop
  endfacet
  facet normal -0 0 1
    outer loop
      vertex 62.6741 6.22228 -1.6
      vertex 64.5865 4.94447 -1.6
      vertex 62.908 6.53757 -1.6
    endloop
  endfacet
  facet normal 0 0 1
    outer loop
      vertex 64.5865 4.94447 -1.6
      vertex 62.6741 6.22228 -1.6
      vertex 64.5007 4.80137 -1.6
    endloop
  endfacet
  facet normal -0 0 1
    outer loop
      vertex 67.4135 3.05553 -1.6
      vertex 69.3259 1.77772 -1.6
      vertex 67.4993 3.19863 -1.6
    endloop
  endfacet
  facet normal 0 0 1
    outer loop
      vertex 69.3259 1.77772 -1.6
      vertex 67.4135 3.05553 -1.6
      vertex 69.092 1.46243 -1.6
    endloop
  endfacet
  facet normal -0 0 1
    outer loop
      vertex 67.3141 2.92153 -1.6
      vertex 69.092 1.46243 -1.6
      vertex 67.4135 3.05553 -1.6
    endloop
  endfacet
  facet normal 0 0 1
    outer loop
      vertex 69.092 1.46243 -1.6
      vertex 67.3141 2.92153 -1.6
      vertex 68.8284 1.17157 -1.6
    endloop
  endfacet
  facet normal -0 0 1
    outer loop
      vertex 67.2021 2.79792 -1.6
      vertex 68.8284 1.17157 -1.6
      vertex 67.3141 2.92153 -1.6
    endloop
  endfacet
  facet normal 0 0 1
    outer loop
      vertex 68.8284 1.17157 -1.6
      vertex 67.2021 2.79792 -1.6
      vertex 68.5376 0.907958 -1.6
    endloop
  endfacet
  facet normal -0 0 1
    outer loop
      vertex 67.0785 2.68588 -1.6
      vertex 68.5376 0.907958 -1.6
      vertex 67.2021 2.79792 -1.6
    endloop
  endfacet
  facet normal 0 0 1
    outer loop
      vertex 68.5376 0.907958 -1.6
      vertex 67.0785 2.68588 -1.6
      vertex 68.2223 0.674121 -1.6
    endloop
  endfacet
  facet normal -0 0 1
    outer loop
      vertex 66.9445 2.5865 -1.6
      vertex 68.2223 0.674121 -1.6
      vertex 67.0785 2.68588 -1.6
    endloop
  endfacet
  facet normal 0 0 1
    outer loop
      vertex 68.2223 0.674121 -1.6
      vertex 66.9445 2.5865 -1.6
      vertex 67.8856 0.472315 -1.6
    endloop
  endfacet
  facet normal -0 0 1
    outer loop
      vertex 66.8014 2.50073 -1.6
      vertex 67.8856 0.472315 -1.6
      vertex 66.9445 2.5865 -1.6
    endloop
  endfacet
  facet normal 0 0 1
    outer loop
      vertex 67.8856 0.472315 -1.6
      vertex 66.8014 2.50073 -1.6
      vertex 67.5307 0.304482 -1.6
    endloop
  endfacet
  facet normal -0 0 1
    outer loop
      vertex 66.6506 2.42941 -1.6
      vertex 67.5307 0.304482 -1.6
      vertex 66.8014 2.50073 -1.6
    endloop
  endfacet
  facet normal 0 0 1
    outer loop
      vertex 67.5307 0.304482 -1.6
      vertex 66.6506 2.42941 -1.6
      vertex 67.1611 0.172238 -1.6
    endloop
  endfacet
  facet normal -0 0 1
    outer loop
      vertex 66.4935 2.3732 -1.6
      vertex 67.1611 0.172238 -1.6
      vertex 66.6506 2.42941 -1.6
    endloop
  endfacet
  facet normal 0 0 1
    outer loop
      vertex 67.1611 0.172238 -1.6
      vertex 66.4935 2.3732 -1.6
      vertex 66.7804 0.0768585 -1.6
    endloop
  endfacet
  facet normal -0 0 1
    outer loop
      vertex 66.3316 2.33267 -1.6
      vertex 66.7804 0.0768585 -1.6
      vertex 66.4935 2.3732 -1.6
    endloop
  endfacet
  facet normal 0 0 1
    outer loop
      vertex 66.7804 0.0768585 -1.6
      vertex 66.3316 2.33267 -1.6
      vertex 66.3921 0.0192604 -1.6
    endloop
  endfacet
  facet normal -0 0 1
    outer loop
      vertex 66.1666 2.30819 -1.6
      vertex 66.3921 0.0192604 -1.6
      vertex 66.3316 2.33267 -1.6
    endloop
  endfacet
  facet normal -0 0 1
    outer loop
      vertex 66 2.3 -1.6
      vertex 66.3921 0.0192604 -1.6
      vertex 66.1666 2.30819 -1.6
    endloop
  endfacet
  facet normal 0 0 1
    outer loop
      vertex 66 2.3 -1.6
      vertex 66 0 -1.6
      vertex 66.3921 0.0192604 -1.6
    endloop
  endfacet
  facet normal 0 0 1
    outer loop
      vertex 65.8334 2.30819 -1.6
      vertex 66 0 -1.6
      vertex 66 2.3 -1.6
    endloop
  endfacet
  facet normal 0 0 1
    outer loop
      vertex 65.6079 0.0192604 -1.6
      vertex 65.8334 2.30819 -1.6
      vertex 65.6684 2.33267 -1.6
    endloop
  endfacet
  facet normal 0 0 1
    outer loop
      vertex 65.8334 2.30819 -1.6
      vertex 65.6079 0.0192604 -1.6
      vertex 66 0 -1.6
    endloop
  endfacet
  facet normal 0 0 1
    outer loop
      vertex 65.2196 0.0768585 -1.6
      vertex 65.6684 2.33267 -1.6
      vertex 65.5065 2.3732 -1.6
    endloop
  endfacet
  facet normal 0 0 1
    outer loop
      vertex 64.8389 0.172238 -1.6
      vertex 65.5065 2.3732 -1.6
      vertex 65.3494 2.42941 -1.6
    endloop
  endfacet
  facet normal 0 0 1
    outer loop
      vertex 65.6684 2.33267 -1.6
      vertex 65.2196 0.0768585 -1.6
      vertex 65.6079 0.0192604 -1.6
    endloop
  endfacet
  facet normal 0 0 1
    outer loop
      vertex 64.4693 0.304482 -1.6
      vertex 65.3494 2.42941 -1.6
      vertex 65.1986 2.50073 -1.6
    endloop
  endfacet
  facet normal 0 0 1
    outer loop
      vertex 64.1144 0.472315 -1.6
      vertex 65.1986 2.50073 -1.6
      vertex 65.0555 2.5865 -1.6
    endloop
  endfacet
  facet normal 0 0 1
    outer loop
      vertex 63.7777 0.674121 -1.6
      vertex 65.0555 2.5865 -1.6
      vertex 64.9215 2.68588 -1.6
    endloop
  endfacet
  facet normal 0 0 1
    outer loop
      vertex 65.5065 2.3732 -1.6
      vertex 64.8389 0.172238 -1.6
      vertex 65.2196 0.0768585 -1.6
    endloop
  endfacet
  facet normal 0 0 1
    outer loop
      vertex 63.4624 0.907958 -1.6
      vertex 64.9215 2.68588 -1.6
      vertex 64.7979 2.79792 -1.6
    endloop
  endfacet
  facet normal 0 0 1
    outer loop
      vertex 63.1716 1.17157 -1.6
      vertex 64.7979 2.79792 -1.6
      vertex 64.6859 2.92153 -1.6
    endloop
  endfacet
  facet normal 0 0 1
    outer loop
      vertex 62.908 1.46243 -1.6
      vertex 64.6859 2.92153 -1.6
      vertex 64.5865 3.05553 -1.6
    endloop
  endfacet
  facet normal 0 0 1
    outer loop
      vertex 62.6741 1.77772 -1.6
      vertex 64.5865 3.05553 -1.6
      vertex 64.5007 3.19863 -1.6
    endloop
  endfacet
  facet normal 0 0 1
    outer loop
      vertex 65.3494 2.42941 -1.6
      vertex 64.4693 0.304482 -1.6
      vertex 64.8389 0.172238 -1.6
    endloop
  endfacet
  facet normal 0 0 1
    outer loop
      vertex 62.4723 2.11441 -1.6
      vertex 64.5007 3.19863 -1.6
      vertex 64.4294 3.34944 -1.6
    endloop
  endfacet
  facet normal 0 0 1
    outer loop
      vertex 62.3045 2.46927 -1.6
      vertex 64.4294 3.34944 -1.6
      vertex 64.3732 3.50652 -1.6
    endloop
  endfacet
  facet normal 0 0 1
    outer loop
      vertex 62.1722 2.83886 -1.6
      vertex 64.3732 3.50652 -1.6
      vertex 64.3327 3.66835 -1.6
    endloop
  endfacet
  facet normal 0 0 1
    outer loop
      vertex 62.0769 3.21964 -1.6
      vertex 64.3327 3.66835 -1.6
      vertex 64.3082 3.83337 -1.6
    endloop
  endfacet
  facet normal 0 0 1
    outer loop
      vertex 62.0193 3.60793 -1.6
      vertex 64.3082 3.83337 -1.6
      vertex 64.3 4 -1.6
    endloop
  endfacet
  facet normal -0 0 1
    outer loop
      vertex 62.4723 5.88559 -1.6
      vertex 64.5007 4.80137 -1.6
      vertex 62.6741 6.22228 -1.6
    endloop
  endfacet
  facet normal 0 0 1
    outer loop
      vertex 65.1986 2.50073 -1.6
      vertex 64.1144 0.472315 -1.6
      vertex 64.4693 0.304482 -1.6
    endloop
  endfacet
  facet normal 0 0 1
    outer loop
      vertex 64.5007 4.80137 -1.6
      vertex 62.4723 5.88559 -1.6
      vertex 64.4294 4.65056 -1.6
    endloop
  endfacet
  facet normal 0 0 1
    outer loop
      vertex 65.0555 2.5865 -1.6
      vertex 63.7777 0.674121 -1.6
      vertex 64.1144 0.472315 -1.6
    endloop
  endfacet
  facet normal -0 0 1
    outer loop
      vertex 62.3045 5.53073 -1.6
      vertex 64.4294 4.65056 -1.6
      vertex 62.4723 5.88559 -1.6
    endloop
  endfacet
  facet normal 0 0 1
    outer loop
      vertex 64.9215 2.68588 -1.6
      vertex 63.4624 0.907958 -1.6
      vertex 63.7777 0.674121 -1.6
    endloop
  endfacet
  facet normal 0 0 1
    outer loop
      vertex 64.4294 4.65056 -1.6
      vertex 62.3045 5.53073 -1.6
      vertex 64.3732 4.49348 -1.6
    endloop
  endfacet
  facet normal 0 0 1
    outer loop
      vertex 64.7979 2.79792 -1.6
      vertex 63.1716 1.17157 -1.6
      vertex 63.4624 0.907958 -1.6
    endloop
  endfacet
  facet normal -0 0 1
    outer loop
      vertex 62.1722 5.16114 -1.6
      vertex 64.3732 4.49348 -1.6
      vertex 62.3045 5.53073 -1.6
    endloop
  endfacet
  facet normal 0 0 1
    outer loop
      vertex 64.6859 2.92153 -1.6
      vertex 62.908 1.46243 -1.6
      vertex 63.1716 1.17157 -1.6
    endloop
  endfacet
  facet normal 0 0 1
    outer loop
      vertex 64.3732 4.49348 -1.6
      vertex 62.1722 5.16114 -1.6
      vertex 64.3327 4.33165 -1.6
    endloop
  endfacet
  facet normal 0 0 1
    outer loop
      vertex 64.5865 3.05553 -1.6
      vertex 62.6741 1.77772 -1.6
      vertex 62.908 1.46243 -1.6
    endloop
  endfacet
  facet normal -0 0 1
    outer loop
      vertex 62.0769 4.78036 -1.6
      vertex 64.3327 4.33165 -1.6
      vertex 62.1722 5.16114 -1.6
    endloop
  endfacet
  facet normal 0 0 1
    outer loop
      vertex 64.5007 3.19863 -1.6
      vertex 62.4723 2.11441 -1.6
      vertex 62.6741 1.77772 -1.6
    endloop
  endfacet
  facet normal 0 0 1
    outer loop
      vertex 64.3327 4.33165 -1.6
      vertex 62.0769 4.78036 -1.6
      vertex 64.3082 4.16663 -1.6
    endloop
  endfacet
  facet normal 0 0 1
    outer loop
      vertex 64.4294 3.34944 -1.6
      vertex 62.3045 2.46927 -1.6
      vertex 62.4723 2.11441 -1.6
    endloop
  endfacet
  facet normal -0 0 1
    outer loop
      vertex 62.0193 4.39207 -1.6
      vertex 64.3082 4.16663 -1.6
      vertex 62.0769 4.78036 -1.6
    endloop
  endfacet
  facet normal 0 0 1
    outer loop
      vertex 64.3732 3.50652 -1.6
      vertex 62.1722 2.83886 -1.6
      vertex 62.3045 2.46927 -1.6
    endloop
  endfacet
  facet normal 0 0 1
    outer loop
      vertex 64.3082 4.16663 -1.6
      vertex 62.0193 4.39207 -1.6
      vertex 64.3 4 -1.6
    endloop
  endfacet
  facet normal 0 0 1
    outer loop
      vertex 64.3327 3.66835 -1.6
      vertex 62.0769 3.21964 -1.6
      vertex 62.1722 2.83886 -1.6
    endloop
  endfacet
  facet normal 0 0 1
    outer loop
      vertex 62 4 -1.6
      vertex 64.3 4 -1.6
      vertex 62.0193 4.39207 -1.6
    endloop
  endfacet
  facet normal 0 0 1
    outer loop
      vertex 64.3082 3.83337 -1.6
      vertex 62.0193 3.60793 -1.6
      vertex 62.0769 3.21964 -1.6
    endloop
  endfacet
  facet normal 0 0 1
    outer loop
      vertex 64.3 4 -1.6
      vertex 62 4 -1.6
      vertex 62.0193 3.60793 -1.6
    endloop
  endfacet
  facet normal -0.595695 0.80321 0
    outer loop
      vertex 63.7777 7.32588 -5.6
      vertex 63.4624 7.09204 -1.6
      vertex 63.7777 7.32588 -1.6
    endloop
  endfacet
  facet normal -0.595695 0.80321 0
    outer loop
      vertex 63.4624 7.09204 -1.6
      vertex 63.7777 7.32588 -5.6
      vertex 63.4624 7.09204 -5.6
    endloop
  endfacet
  facet normal -0.514084 0.85774 0
    outer loop
      vertex 64.1144 7.52768 -5.6
      vertex 63.7777 7.32588 -1.6
      vertex 64.1144 7.52768 -1.6
    endloop
  endfacet
  facet normal -0.514084 0.85774 0
    outer loop
      vertex 63.7777 7.32588 -1.6
      vertex 64.1144 7.52768 -5.6
      vertex 63.7777 7.32588 -5.6
    endloop
  endfacet
  facet normal -0.671621 0.740895 0
    outer loop
      vertex 63.4624 7.09204 -5.6
      vertex 63.1716 6.82843 -1.6
      vertex 63.4624 7.09204 -1.6
    endloop
  endfacet
  facet normal -0.671621 0.740895 0
    outer loop
      vertex 63.1716 6.82843 -1.6
      vertex 63.4624 7.09204 -5.6
      vertex 63.1716 6.82843 -5.6
    endloop
  endfacet
  facet normal -0.336879 0.941548 0
    outer loop
      vertex 64.8389 7.82776 -5.6
      vertex 64.4693 7.69552 -1.6
      vertex 64.8389 7.82776 -1.6
    endloop
  endfacet
  facet normal -0.336879 0.941548 0
    outer loop
      vertex 64.4693 7.69552 -1.6
      vertex 64.8389 7.82776 -5.6
      vertex 64.4693 7.69552 -5.6
    endloop
  endfacet
  facet normal -0.146733 0.989176 0
    outer loop
      vertex 65.6079 7.98074 -5.6
      vertex 65.2196 7.92314 -1.6
      vertex 65.6079 7.98074 -1.6
    endloop
  endfacet
  facet normal -0.146733 0.989176 0
    outer loop
      vertex 65.2196 7.92314 -1.6
      vertex 65.6079 7.98074 -5.6
      vertex 65.2196 7.92314 -5.6
    endloop
  endfacet
  facet normal 0.146729 -0.989177 0
    outer loop
      vertex 66.3921 0.0192604 -5.6
      vertex 66.7804 0.0768585 -1.6
      vertex 66.3921 0.0192604 -1.6
    endloop
  endfacet
  facet normal 0.146729 -0.989177 0
    outer loop
      vertex 66.7804 0.0768585 -1.6
      vertex 66.3921 0.0192604 -5.6
      vertex 66.7804 0.0768585 -5.6
    endloop
  endfacet
  facet normal 0.336888 -0.941545 0
    outer loop
      vertex 67.1611 0.172238 -5.6
      vertex 67.5307 0.304482 -1.6
      vertex 67.1611 0.172238 -1.6
    endloop
  endfacet
  facet normal 0.336888 -0.941545 0
    outer loop
      vertex 67.5307 0.304482 -1.6
      vertex 67.1611 0.172238 -5.6
      vertex 67.5307 0.304482 -5.6
    endloop
  endfacet
  facet normal 0.671624 -0.740892 0
    outer loop
      vertex 68.5376 0.907958 -5.6
      vertex 68.8284 1.17157 -1.6
      vertex 68.5376 0.907958 -1.6
    endloop
  endfacet
  facet normal 0.671624 -0.740892 0
    outer loop
      vertex 68.8284 1.17157 -1.6
      vertex 68.5376 0.907958 -5.6
      vertex 68.8284 1.17157 -5.6
    endloop
  endfacet
  facet normal 0.514095 -0.857733 0
    outer loop
      vertex 67.8856 0.472315 -5.6
      vertex 68.2223 0.674121 -1.6
      vertex 67.8856 0.472315 -1.6
    endloop
  endfacet
  facet normal 0.514095 -0.857733 0
    outer loop
      vertex 68.2223 0.674121 -1.6
      vertex 67.8856 0.472315 -5.6
      vertex 68.2223 0.674121 -5.6
    endloop
  endfacet
  facet normal 0.803128 -0.595806 0
    outer loop
      vertex 69.092 1.46243 -1.6
      vertex 69.3259 1.77772 -5.6
      vertex 69.3259 1.77772 -1.6
    endloop
  endfacet
  facet normal 0.803128 -0.595806 0
    outer loop
      vertex 69.3259 1.77772 -5.6
      vertex 69.092 1.46243 -1.6
      vertex 69.092 1.46243 -5.6
    endloop
  endfacet
  facet normal 0.904025 -0.42748 0
    outer loop
      vertex 69.5277 2.11441 -1.6
      vertex 69.6955 2.46927 -5.6
      vertex 69.6955 2.46927 -1.6
    endloop
  endfacet
  facet normal 0.904025 -0.42748 0
    outer loop
      vertex 69.6955 2.46927 -5.6
      vertex 69.5277 2.11441 -1.6
      vertex 69.5277 2.11441 -5.6
    endloop
  endfacet
  facet normal -0.59569 -0.803214 0
    outer loop
      vertex 63.4624 0.907958 -5.6
      vertex 63.7777 0.674121 -1.6
      vertex 63.4624 0.907958 -1.6
    endloop
  endfacet
  facet normal -0.59569 -0.803214 -0
    outer loop
      vertex 63.7777 0.674121 -1.6
      vertex 63.4624 0.907958 -5.6
      vertex 63.7777 0.674121 -5.6
    endloop
  endfacet
  facet normal -0.427509 -0.904011 0
    outer loop
      vertex 64.1144 0.472315 -5.6
      vertex 64.4693 0.304482 -1.6
      vertex 64.1144 0.472315 -1.6
    endloop
  endfacet
  facet normal -0.427509 -0.904011 -0
    outer loop
      vertex 64.4693 0.304482 -1.6
      vertex 64.1144 0.472315 -5.6
      vertex 64.4693 0.304482 -5.6
    endloop
  endfacet
  facet normal -0.243026 -0.97002 0
    outer loop
      vertex 64.8389 0.172238 -5.6
      vertex 65.2196 0.0768585 -1.6
      vertex 64.8389 0.172238 -1.6
    endloop
  endfacet
  facet normal -0.243026 -0.97002 -0
    outer loop
      vertex 65.2196 0.0768585 -1.6
      vertex 64.8389 0.172238 -5.6
      vertex 65.2196 0.0768585 -5.6
    endloop
  endfacet
  facet normal -0.049062 -0.998796 0
    outer loop
      vertex 65.6079 0.0192604 -5.6
      vertex 66 0 -1.6
      vertex 65.6079 0.0192604 -1.6
    endloop
  endfacet
  facet normal -0.049062 -0.998796 -0
    outer loop
      vertex 66 0 -1.6
      vertex 65.6079 0.0192604 -5.6
      vertex 66 0 -5.6
    endloop
  endfacet
  facet normal -0.803128 -0.595806 0
    outer loop
      vertex 62.908 1.46243 -5.6
      vertex 62.6741 1.77772 -1.6
      vertex 62.6741 1.77772 -5.6
    endloop
  endfacet
  facet normal -0.803128 -0.595806 0
    outer loop
      vertex 62.6741 1.77772 -1.6
      vertex 62.908 1.46243 -5.6
      vertex 62.908 1.46243 -1.6
    endloop
  endfacet
  facet normal -0.857733 -0.514095 0
    outer loop
      vertex 62.6741 1.77772 -5.6
      vertex 62.4723 2.11441 -1.6
      vertex 62.4723 2.11441 -5.6
    endloop
  endfacet
  facet normal -0.857733 -0.514095 0
    outer loop
      vertex 62.4723 2.11441 -1.6
      vertex 62.6741 1.77772 -5.6
      vertex 62.6741 1.77772 -1.6
    endloop
  endfacet
  facet normal -0.740977 -0.671531 0
    outer loop
      vertex 63.1716 1.17157 -5.6
      vertex 62.908 1.46243 -1.6
      vertex 62.908 1.46243 -5.6
    endloop
  endfacet
  facet normal -0.740977 -0.671531 0
    outer loop
      vertex 62.908 1.46243 -1.6
      vertex 63.1716 1.17157 -5.6
      vertex 63.1716 1.17157 -1.6
    endloop
  endfacet
  facet normal -0.941497 -0.337022 0
    outer loop
      vertex 62.3045 2.46927 -5.6
      vertex 62.1722 2.83886 -1.6
      vertex 62.1722 2.83886 -5.6
    endloop
  endfacet
  facet normal -0.941497 -0.337022 0
    outer loop
      vertex 62.1722 2.83886 -1.6
      vertex 62.3045 2.46927 -5.6
      vertex 62.3045 2.46927 -1.6
    endloop
  endfacet
  facet normal -0.904025 -0.42748 0
    outer loop
      vertex 62.4723 2.11441 -5.6
      vertex 62.3045 2.46927 -1.6
      vertex 62.3045 2.46927 -5.6
    endloop
  endfacet
  facet normal -0.904025 -0.42748 0
    outer loop
      vertex 62.3045 2.46927 -1.6
      vertex 62.4723 2.11441 -5.6
      vertex 62.4723 2.11441 -1.6
    endloop
  endfacet
  facet normal -0.989176 -0.146737 0
    outer loop
      vertex 62.0769 3.21964 -5.6
      vertex 62.0193 3.60793 -1.6
      vertex 62.0193 3.60793 -5.6
    endloop
  endfacet
  facet normal -0.989176 -0.146737 0
    outer loop
      vertex 62.0193 3.60793 -1.6
      vertex 62.0769 3.21964 -5.6
      vertex 62.0769 3.21964 -1.6
    endloop
  endfacet
  facet normal -0.998791 -0.0491664 0
    outer loop
      vertex 62.0193 3.60793 -5.6
      vertex 62 4 -1.6
      vertex 62 4 -5.6
    endloop
  endfacet
  facet normal -0.998791 -0.0491664 0
    outer loop
      vertex 62 4 -1.6
      vertex 62.0193 3.60793 -5.6
      vertex 62.0193 3.60793 -1.6
    endloop
  endfacet
  facet normal 0.243026 -0.97002 0
    outer loop
      vertex 66.7804 0.0768585 -5.6
      vertex 67.1611 0.172238 -1.6
      vertex 66.7804 0.0768585 -1.6
    endloop
  endfacet
  facet normal 0.243026 -0.97002 0
    outer loop
      vertex 67.1611 0.172238 -1.6
      vertex 66.7804 0.0768585 -5.6
      vertex 67.1611 0.172238 -5.6
    endloop
  endfacet
  facet normal 0.427509 -0.904011 0
    outer loop
      vertex 67.5307 0.304482 -5.6
      vertex 67.8856 0.472315 -1.6
      vertex 67.5307 0.304482 -1.6
    endloop
  endfacet
  facet normal 0.427509 -0.904011 0
    outer loop
      vertex 67.8856 0.472315 -1.6
      vertex 67.5307 0.304482 -5.6
      vertex 67.8856 0.472315 -5.6
    endloop
  endfacet
  facet normal 0.740977 -0.671531 0
    outer loop
      vertex 68.8284 1.17157 -1.6
      vertex 69.092 1.46243 -5.6
      vertex 69.092 1.46243 -1.6
    endloop
  endfacet
  facet normal 0.740977 -0.671531 0
    outer loop
      vertex 69.092 1.46243 -5.6
      vertex 68.8284 1.17157 -1.6
      vertex 68.8284 1.17157 -5.6
    endloop
  endfacet
  facet normal 0.59569 -0.803214 0
    outer loop
      vertex 68.2223 0.674121 -5.6
      vertex 68.5376 0.907958 -1.6
      vertex 68.2223 0.674121 -1.6
    endloop
  endfacet
  facet normal 0.59569 -0.803214 0
    outer loop
      vertex 68.5376 0.907958 -1.6
      vertex 68.2223 0.674121 -5.6
      vertex 68.5376 0.907958 -5.6
    endloop
  endfacet
  facet normal 0.857733 -0.514095 0
    outer loop
      vertex 69.3259 1.77772 -1.6
      vertex 69.5277 2.11441 -5.6
      vertex 69.5277 2.11441 -1.6
    endloop
  endfacet
  facet normal 0.857733 -0.514095 0
    outer loop
      vertex 69.5277 2.11441 -5.6
      vertex 69.3259 1.77772 -1.6
      vertex 69.3259 1.77772 -5.6
    endloop
  endfacet
  facet normal 0.941497 -0.337022 0
    outer loop
      vertex 69.6955 2.46927 -1.6
      vertex 69.8278 2.83886 -5.6
      vertex 69.8278 2.83886 -1.6
    endloop
  endfacet
  facet normal 0.941497 -0.337022 0
    outer loop
      vertex 69.8278 2.83886 -5.6
      vertex 69.6955 2.46927 -1.6
      vertex 69.6955 2.46927 -5.6
    endloop
  endfacet
  facet normal 0.989176 -0.146737 0
    outer loop
      vertex 69.9231 3.21964 -1.6
      vertex 69.9807 3.60793 -5.6
      vertex 69.9807 3.60793 -1.6
    endloop
  endfacet
  facet normal 0.989176 -0.146737 0
    outer loop
      vertex 69.9807 3.60793 -5.6
      vertex 69.9231 3.21964 -1.6
      vertex 69.9231 3.21964 -5.6
    endloop
  endfacet
  facet normal 0.998791 -0.0491664 0
    outer loop
      vertex 69.9807 3.60793 -1.6
      vertex 70 4 -5.6
      vertex 70 4 -1.6
    endloop
  endfacet
  facet normal 0.998791 -0.0491664 0
    outer loop
      vertex 70 4 -5.6
      vertex 69.9807 3.60793 -1.6
      vertex 69.9807 3.60793 -5.6
    endloop
  endfacet
  facet normal -0.514095 -0.857733 0
    outer loop
      vertex 63.7777 0.674121 -5.6
      vertex 64.1144 0.472315 -1.6
      vertex 63.7777 0.674121 -1.6
    endloop
  endfacet
  facet normal -0.514095 -0.857733 -0
    outer loop
      vertex 64.1144 0.472315 -1.6
      vertex 63.7777 0.674121 -5.6
      vertex 64.1144 0.472315 -5.6
    endloop
  endfacet
  facet normal -0.336888 -0.941545 0
    outer loop
      vertex 64.4693 0.304482 -5.6
      vertex 64.8389 0.172238 -1.6
      vertex 64.4693 0.304482 -1.6
    endloop
  endfacet
  facet normal -0.336888 -0.941545 -0
    outer loop
      vertex 64.8389 0.172238 -1.6
      vertex 64.4693 0.304482 -5.6
      vertex 64.8389 0.172238 -5.6
    endloop
  endfacet
  facet normal -0.146729 -0.989177 0
    outer loop
      vertex 65.2196 0.0768585 -5.6
      vertex 65.6079 0.0192604 -1.6
      vertex 65.2196 0.0768585 -1.6
    endloop
  endfacet
  facet normal -0.146729 -0.989177 -0
    outer loop
      vertex 65.6079 0.0192604 -1.6
      vertex 65.2196 0.0768585 -5.6
      vertex 65.6079 0.0192604 -5.6
    endloop
  endfacet
  facet normal -0.97008 -0.242787 0
    outer loop
      vertex 62.1722 2.83886 -5.6
      vertex 62.0769 3.21964 -1.6
      vertex 62.0769 3.21964 -5.6
    endloop
  endfacet
  facet normal -0.97008 -0.242787 0
    outer loop
      vertex 62.0769 3.21964 -1.6
      vertex 62.1722 2.83886 -5.6
      vertex 62.1722 2.83886 -1.6
    endloop
  endfacet
  facet normal 0.998796 0.049061 0
    outer loop
      vertex 8 47.095 -1.6
      vertex 7.98074 47.4871 -5.6
      vertex 7.98074 47.4871 -1.6
    endloop
  endfacet
  facet normal 0.998796 0.049061 0
    outer loop
      vertex 7.98074 47.4871 -5.6
      vertex 8 47.095 -1.6
      vertex 8 47.095 -5.6
    endloop
  endfacet
  facet normal -0.0491664 0.998791 0
    outer loop
      vertex 4 51.095 -5.6
      vertex 3.60793 51.0757 -1.6
      vertex 4 51.095 -1.6
    endloop
  endfacet
  facet normal -0.0491664 0.998791 0
    outer loop
      vertex 3.60793 51.0757 -1.6
      vertex 4 51.095 -5.6
      vertex 3.60793 51.0757 -5.6
    endloop
  endfacet
  facet normal 0.0491664 -0.998791 0
    outer loop
      vertex 4 43.095 -5.6
      vertex 4.39207 43.1143 -1.6
      vertex 4 43.095 -1.6
    endloop
  endfacet
  facet normal 0.0491664 -0.998791 0
    outer loop
      vertex 4.39207 43.1143 -1.6
      vertex 4 43.095 -5.6
      vertex 4.39207 43.1143 -5.6
    endloop
  endfacet
  facet normal 0.671531 0.740977 -0
    outer loop
      vertex 6.82843 49.9234 -5.6
      vertex 6.53757 50.187 -1.6
      vertex 6.82843 49.9234 -1.6
    endloop
  endfacet
  facet normal 0.671531 0.740977 0
    outer loop
      vertex 6.53757 50.187 -1.6
      vertex 6.82843 49.9234 -5.6
      vertex 6.53757 50.187 -5.6
    endloop
  endfacet
  facet normal -0.740892 0.671624 0
    outer loop
      vertex 0.907958 49.6326 -5.6
      vertex 1.17157 49.9234 -1.6
      vertex 1.17157 49.9234 -5.6
    endloop
  endfacet
  facet normal -0.740892 0.671624 0
    outer loop
      vertex 1.17157 49.9234 -1.6
      vertex 0.907958 49.6326 -5.6
      vertex 0.907958 49.6326 -1.6
    endloop
  endfacet
  facet normal -0.42748 0.904025 0
    outer loop
      vertex 2.46927 50.7905 -5.6
      vertex 2.11441 50.6227 -1.6
      vertex 2.46927 50.7905 -1.6
    endloop
  endfacet
  facet normal -0.42748 0.904025 0
    outer loop
      vertex 2.11441 50.6227 -1.6
      vertex 2.46927 50.7905 -5.6
      vertex 2.11441 50.6227 -5.6
    endloop
  endfacet
  facet normal 0.904004 0.427523 0
    outer loop
      vertex 7.69552 48.6257 -1.6
      vertex 7.52768 48.9806 -5.6
      vertex 7.52768 48.9806 -1.6
    endloop
  endfacet
  facet normal 0.904004 0.427523 0
    outer loop
      vertex 7.52768 48.9806 -5.6
      vertex 7.69552 48.6257 -1.6
      vertex 7.69552 48.6257 -5.6
    endloop
  endfacet
  facet normal 0.337022 0.941497 -0
    outer loop
      vertex 5.53073 50.7905 -5.6
      vertex 5.16114 50.9228 -1.6
      vertex 5.53073 50.7905 -1.6
    endloop
  endfacet
  facet normal 0.337022 0.941497 0
    outer loop
      vertex 5.16114 50.9228 -1.6
      vertex 5.53073 50.7905 -5.6
      vertex 5.16114 50.9228 -5.6
    endloop
  endfacet
  facet normal 0.514095 0.857733 -0
    outer loop
      vertex 6.22228 50.4209 -5.6
      vertex 5.88559 50.6227 -1.6
      vertex 6.22228 50.4209 -1.6
    endloop
  endfacet
  facet normal 0.514095 0.857733 0
    outer loop
      vertex 5.88559 50.6227 -1.6
      vertex 6.22228 50.4209 -5.6
      vertex 5.88559 50.6227 -5.6
    endloop
  endfacet
  facet normal -0.941545 0.336888 0
    outer loop
      vertex 0.172238 48.2561 -5.6
      vertex 0.304482 48.6257 -1.6
      vertex 0.304482 48.6257 -5.6
    endloop
  endfacet
  facet normal -0.941545 0.336888 0
    outer loop
      vertex 0.304482 48.6257 -1.6
      vertex 0.172238 48.2561 -5.6
      vertex 0.172238 48.2561 -1.6
    endloop
  endfacet
  facet normal -0.242787 0.97008 0
    outer loop
      vertex 3.21964 51.0181 -5.6
      vertex 2.83886 50.9228 -1.6
      vertex 3.21964 51.0181 -1.6
    endloop
  endfacet
  facet normal -0.242787 0.97008 0
    outer loop
      vertex 2.83886 50.9228 -1.6
      vertex 3.21964 51.0181 -5.6
      vertex 2.83886 50.9228 -5.6
    endloop
  endfacet
  facet normal 0.146737 -0.989176 0
    outer loop
      vertex 4.39207 43.1143 -5.6
      vertex 4.78036 43.1719 -1.6
      vertex 4.39207 43.1143 -1.6
    endloop
  endfacet
  facet normal 0.146737 -0.989176 0
    outer loop
      vertex 4.78036 43.1719 -1.6
      vertex 4.39207 43.1143 -5.6
      vertex 4.78036 43.1719 -5.6
    endloop
  endfacet
  facet normal 0.970019 0.243027 0
    outer loop
      vertex 7.92314 47.8754 -1.6
      vertex 7.82776 48.2561 -5.6
      vertex 7.82776 48.2561 -1.6
    endloop
  endfacet
  facet normal 0.970019 0.243027 0
    outer loop
      vertex 7.82776 48.2561 -5.6
      vertex 7.92314 47.8754 -1.6
      vertex 7.92314 47.8754 -5.6
    endloop
  endfacet
  facet normal 0.989176 0.146733 0
    outer loop
      vertex 7.98074 47.4871 -1.6
      vertex 7.92314 47.8754 -5.6
      vertex 7.92314 47.8754 -1.6
    endloop
  endfacet
  facet normal 0.989176 0.146733 0
    outer loop
      vertex 7.92314 47.8754 -5.6
      vertex 7.98074 47.4871 -1.6
      vertex 7.98074 47.4871 -5.6
    endloop
  endfacet
  facet normal 0.941548 0.336879 0
    outer loop
      vertex 7.82776 48.2561 -1.6
      vertex 7.69552 48.6257 -5.6
      vertex 7.69552 48.6257 -1.6
    endloop
  endfacet
  facet normal 0.941548 0.336879 0
    outer loop
      vertex 7.69552 48.6257 -5.6
      vertex 7.82776 48.2561 -1.6
      vertex 7.82776 48.2561 -5.6
    endloop
  endfacet
  facet normal 0.80321 0.595695 0
    outer loop
      vertex 7.32588 49.3173 -1.6
      vertex 7.09204 49.6326 -5.6
      vertex 7.09204 49.6326 -1.6
    endloop
  endfacet
  facet normal 0.80321 0.595695 0
    outer loop
      vertex 7.09204 49.6326 -5.6
      vertex 7.32588 49.3173 -1.6
      vertex 7.32588 49.3173 -5.6
    endloop
  endfacet
  facet normal 0.740895 0.671621 0
    outer loop
      vertex 7.09204 49.6326 -1.6
      vertex 6.82843 49.9234 -5.6
      vertex 6.82843 49.9234 -1.6
    endloop
  endfacet
  facet normal 0.740895 0.671621 0
    outer loop
      vertex 6.82843 49.9234 -5.6
      vertex 7.09204 49.6326 -1.6
      vertex 7.09204 49.6326 -5.6
    endloop
  endfacet
  facet normal 0.85774 0.514084 0
    outer loop
      vertex 7.52768 48.9806 -1.6
      vertex 7.32588 49.3173 -5.6
      vertex 7.32588 49.3173 -1.6
    endloop
  endfacet
  facet normal 0.85774 0.514084 0
    outer loop
      vertex 7.32588 49.3173 -5.6
      vertex 7.52768 48.9806 -1.6
      vertex 7.52768 48.9806 -5.6
    endloop
  endfacet
  facet normal 0.146737 0.989176 -0
    outer loop
      vertex 4.78036 51.0181 -5.6
      vertex 4.39207 51.0757 -1.6
      vertex 4.78036 51.0181 -1.6
    endloop
  endfacet
  facet normal 0.146737 0.989176 0
    outer loop
      vertex 4.39207 51.0757 -1.6
      vertex 4.78036 51.0181 -5.6
      vertex 4.39207 51.0757 -5.6
    endloop
  endfacet
  facet normal 0.242787 0.97008 -0
    outer loop
      vertex 5.16114 50.9228 -5.6
      vertex 4.78036 51.0181 -1.6
      vertex 5.16114 50.9228 -1.6
    endloop
  endfacet
  facet normal 0.242787 0.97008 0
    outer loop
      vertex 4.78036 51.0181 -1.6
      vertex 5.16114 50.9228 -5.6
      vertex 4.78036 51.0181 -5.6
    endloop
  endfacet
  facet normal 0.0491664 0.998791 -0
    outer loop
      vertex 4.39207 51.0757 -5.6
      vertex 4 51.095 -1.6
      vertex 4.39207 51.0757 -1.6
    endloop
  endfacet
  facet normal 0.0491664 0.998791 0
    outer loop
      vertex 4 51.095 -1.6
      vertex 4.39207 51.0757 -5.6
      vertex 4 51.095 -5.6
    endloop
  endfacet
  facet normal 0.42748 0.904025 -0
    outer loop
      vertex 5.88559 50.6227 -5.6
      vertex 5.53073 50.7905 -1.6
      vertex 5.88559 50.6227 -1.6
    endloop
  endfacet
  facet normal 0.42748 0.904025 0
    outer loop
      vertex 5.53073 50.7905 -1.6
      vertex 5.88559 50.6227 -5.6
      vertex 5.53073 50.7905 -5.6
    endloop
  endfacet
  facet normal 0.595806 0.803128 -0
    outer loop
      vertex 6.53757 50.187 -5.6
      vertex 6.22228 50.4209 -1.6
      vertex 6.53757 50.187 -1.6
    endloop
  endfacet
  facet normal 0.595806 0.803128 0
    outer loop
      vertex 6.22228 50.4209 -1.6
      vertex 6.53757 50.187 -5.6
      vertex 6.22228 50.4209 -5.6
    endloop
  endfacet
  facet normal -0.989177 0.146729 0
    outer loop
      vertex 0.0192604 47.4871 -5.6
      vertex 0.0768585 47.8754 -1.6
      vertex 0.0768585 47.8754 -5.6
    endloop
  endfacet
  facet normal -0.989177 0.146729 0
    outer loop
      vertex 0.0768585 47.8754 -1.6
      vertex 0.0192604 47.4871 -5.6
      vertex 0.0192604 47.4871 -1.6
    endloop
  endfacet
  facet normal -0.857733 0.514095 0
    outer loop
      vertex 0.472315 48.9806 -5.6
      vertex 0.674121 49.3173 -1.6
      vertex 0.674121 49.3173 -5.6
    endloop
  endfacet
  facet normal -0.857733 0.514095 0
    outer loop
      vertex 0.674121 49.3173 -1.6
      vertex 0.472315 48.9806 -5.6
      vertex 0.472315 48.9806 -1.6
    endloop
  endfacet
  facet normal -0.803214 0.59569 0
    outer loop
      vertex 0.674121 49.3173 -5.6
      vertex 0.907958 49.6326 -1.6
      vertex 0.907958 49.6326 -5.6
    endloop
  endfacet
  facet normal -0.803214 0.59569 0
    outer loop
      vertex 0.907958 49.6326 -1.6
      vertex 0.674121 49.3173 -5.6
      vertex 0.674121 49.3173 -1.6
    endloop
  endfacet
  facet normal -0.904011 0.427509 0
    outer loop
      vertex 0.304482 48.6257 -5.6
      vertex 0.472315 48.9806 -1.6
      vertex 0.472315 48.9806 -5.6
    endloop
  endfacet
  facet normal -0.904011 0.427509 0
    outer loop
      vertex 0.472315 48.9806 -1.6
      vertex 0.304482 48.6257 -5.6
      vertex 0.304482 48.6257 -1.6
    endloop
  endfacet
  facet normal -0.97002 0.243026 0
    outer loop
      vertex 0.0768585 47.8754 -5.6
      vertex 0.172238 48.2561 -1.6
      vertex 0.172238 48.2561 -5.6
    endloop
  endfacet
  facet normal -0.97002 0.243026 0
    outer loop
      vertex 0.172238 48.2561 -1.6
      vertex 0.0768585 47.8754 -5.6
      vertex 0.0768585 47.8754 -1.6
    endloop
  endfacet
  facet normal -0.998796 0.049062 0
    outer loop
      vertex 0 47.095 -5.6
      vertex 0.0192604 47.4871 -1.6
      vertex 0.0192604 47.4871 -5.6
    endloop
  endfacet
  facet normal -0.998796 0.049062 0
    outer loop
      vertex 0.0192604 47.4871 -1.6
      vertex 0 47.095 -5.6
      vertex 0 47.095 -1.6
    endloop
  endfacet
  facet normal 0 0 1
    outer loop
      vertex 5.7 47.095 -1.6
      vertex 8 47.095 -1.6
      vertex 7.98074 47.4871 -1.6
    endloop
  endfacet
  facet normal 0 0 1
    outer loop
      vertex 5.69181 47.2616 -1.6
      vertex 7.98074 47.4871 -1.6
      vertex 7.92314 47.8754 -1.6
    endloop
  endfacet
  facet normal 0 0 1
    outer loop
      vertex 8 47.095 -1.6
      vertex 5.7 47.095 -1.6
      vertex 7.98074 46.7029 -1.6
    endloop
  endfacet
  facet normal 0 0 1
    outer loop
      vertex 5.66733 47.4267 -1.6
      vertex 7.92314 47.8754 -1.6
      vertex 7.82776 48.2561 -1.6
    endloop
  endfacet
  facet normal -0 0 1
    outer loop
      vertex 5.69181 46.9284 -1.6
      vertex 7.98074 46.7029 -1.6
      vertex 5.7 47.095 -1.6
    endloop
  endfacet
  facet normal 0 0 1
    outer loop
      vertex 5.6268 47.5885 -1.6
      vertex 7.82776 48.2561 -1.6
      vertex 7.69552 48.6257 -1.6
    endloop
  endfacet
  facet normal 0 0 1
    outer loop
      vertex 7.98074 46.7029 -1.6
      vertex 5.69181 46.9284 -1.6
      vertex 7.92314 46.3146 -1.6
    endloop
  endfacet
  facet normal 0 0 1
    outer loop
      vertex 5.57059 47.7456 -1.6
      vertex 7.69552 48.6257 -1.6
      vertex 7.52768 48.9806 -1.6
    endloop
  endfacet
  facet normal -0 0 1
    outer loop
      vertex 5.66733 46.7633 -1.6
      vertex 7.92314 46.3146 -1.6
      vertex 5.69181 46.9284 -1.6
    endloop
  endfacet
  facet normal 0 0 1
    outer loop
      vertex 5.49927 47.8964 -1.6
      vertex 7.52768 48.9806 -1.6
      vertex 7.32588 49.3173 -1.6
    endloop
  endfacet
  facet normal 0 0 1
    outer loop
      vertex 7.92314 46.3146 -1.6
      vertex 5.66733 46.7633 -1.6
      vertex 7.82776 45.9339 -1.6
    endloop
  endfacet
  facet normal 0 0 1
    outer loop
      vertex 5.4135 48.0395 -1.6
      vertex 7.32588 49.3173 -1.6
      vertex 7.09204 49.6326 -1.6
    endloop
  endfacet
  facet normal -0 0 1
    outer loop
      vertex 5.6268 46.6015 -1.6
      vertex 7.82776 45.9339 -1.6
      vertex 5.66733 46.7633 -1.6
    endloop
  endfacet
  facet normal 0 0 1
    outer loop
      vertex 5.31412 48.1735 -1.6
      vertex 7.09204 49.6326 -1.6
      vertex 6.82843 49.9234 -1.6
    endloop
  endfacet
  facet normal 0 0 1
    outer loop
      vertex 7.82776 45.9339 -1.6
      vertex 5.6268 46.6015 -1.6
      vertex 7.69552 45.5643 -1.6
    endloop
  endfacet
  facet normal 0 0 1
    outer loop
      vertex 5.20208 48.2971 -1.6
      vertex 6.82843 49.9234 -1.6
      vertex 6.53757 50.187 -1.6
    endloop
  endfacet
  facet normal -0 0 1
    outer loop
      vertex 5.57059 46.4444 -1.6
      vertex 7.69552 45.5643 -1.6
      vertex 5.6268 46.6015 -1.6
    endloop
  endfacet
  facet normal 0 0 1
    outer loop
      vertex 5.07847 48.4091 -1.6
      vertex 6.53757 50.187 -1.6
      vertex 6.22228 50.4209 -1.6
    endloop
  endfacet
  facet normal 0 0 1
    outer loop
      vertex 7.69552 45.5643 -1.6
      vertex 5.57059 46.4444 -1.6
      vertex 7.52768 45.2094 -1.6
    endloop
  endfacet
  facet normal 0 0 1
    outer loop
      vertex 4.94447 48.5085 -1.6
      vertex 6.22228 50.4209 -1.6
      vertex 5.88559 50.6227 -1.6
    endloop
  endfacet
  facet normal -0 0 1
    outer loop
      vertex 5.49927 46.2936 -1.6
      vertex 7.52768 45.2094 -1.6
      vertex 5.57059 46.4444 -1.6
    endloop
  endfacet
  facet normal 0 0 1
    outer loop
      vertex 7.52768 45.2094 -1.6
      vertex 5.49927 46.2936 -1.6
      vertex 7.32588 44.8727 -1.6
    endloop
  endfacet
  facet normal 0 0 1
    outer loop
      vertex 7.98074 47.4871 -1.6
      vertex 5.69181 47.2616 -1.6
      vertex 5.7 47.095 -1.6
    endloop
  endfacet
  facet normal 0 0 1
    outer loop
      vertex 7.92314 47.8754 -1.6
      vertex 5.66733 47.4267 -1.6
      vertex 5.69181 47.2616 -1.6
    endloop
  endfacet
  facet normal 0 0 1
    outer loop
      vertex 7.82776 48.2561 -1.6
      vertex 5.6268 47.5885 -1.6
      vertex 5.66733 47.4267 -1.6
    endloop
  endfacet
  facet normal 0 0 1
    outer loop
      vertex 7.69552 48.6257 -1.6
      vertex 5.57059 47.7456 -1.6
      vertex 5.6268 47.5885 -1.6
    endloop
  endfacet
  facet normal 0 0 1
    outer loop
      vertex 4.80137 48.5943 -1.6
      vertex 5.88559 50.6227 -1.6
      vertex 5.53073 50.7905 -1.6
    endloop
  endfacet
  facet normal 0 0 1
    outer loop
      vertex 7.52768 48.9806 -1.6
      vertex 5.49927 47.8964 -1.6
      vertex 5.57059 47.7456 -1.6
    endloop
  endfacet
  facet normal 0 0 1
    outer loop
      vertex 7.32588 49.3173 -1.6
      vertex 5.4135 48.0395 -1.6
      vertex 5.49927 47.8964 -1.6
    endloop
  endfacet
  facet normal 0 0 1
    outer loop
      vertex 7.09204 49.6326 -1.6
      vertex 5.31412 48.1735 -1.6
      vertex 5.4135 48.0395 -1.6
    endloop
  endfacet
  facet normal 0 0 1
    outer loop
      vertex 6.82843 49.9234 -1.6
      vertex 5.20208 48.2971 -1.6
      vertex 5.31412 48.1735 -1.6
    endloop
  endfacet
  facet normal 0 0 1
    outer loop
      vertex 4.65056 48.6656 -1.6
      vertex 5.53073 50.7905 -1.6
      vertex 5.16114 50.9228 -1.6
    endloop
  endfacet
  facet normal 0 0 1
    outer loop
      vertex 6.53757 50.187 -1.6
      vertex 5.07847 48.4091 -1.6
      vertex 5.20208 48.2971 -1.6
    endloop
  endfacet
  facet normal 0 0 1
    outer loop
      vertex 6.22228 50.4209 -1.6
      vertex 4.94447 48.5085 -1.6
      vertex 5.07847 48.4091 -1.6
    endloop
  endfacet
  facet normal 0 0 1
    outer loop
      vertex 5.88559 50.6227 -1.6
      vertex 4.80137 48.5943 -1.6
      vertex 4.94447 48.5085 -1.6
    endloop
  endfacet
  facet normal 0 0 1
    outer loop
      vertex 4.49348 48.7218 -1.6
      vertex 5.16114 50.9228 -1.6
      vertex 4.78036 51.0181 -1.6
    endloop
  endfacet
  facet normal 0 0 1
    outer loop
      vertex 5.53073 50.7905 -1.6
      vertex 4.65056 48.6656 -1.6
      vertex 4.80137 48.5943 -1.6
    endloop
  endfacet
  facet normal 0 0 1
    outer loop
      vertex 5.16114 50.9228 -1.6
      vertex 4.49348 48.7218 -1.6
      vertex 4.65056 48.6656 -1.6
    endloop
  endfacet
  facet normal 0 0 1
    outer loop
      vertex 4.33165 48.7623 -1.6
      vertex 4.78036 51.0181 -1.6
      vertex 4.39207 51.0757 -1.6
    endloop
  endfacet
  facet normal 0 0 1
    outer loop
      vertex 4.78036 51.0181 -1.6
      vertex 4.33165 48.7623 -1.6
      vertex 4.49348 48.7218 -1.6
    endloop
  endfacet
  facet normal 0 0 1
    outer loop
      vertex 4.39207 51.0757 -1.6
      vertex 4.16663 48.7868 -1.6
      vertex 4.33165 48.7623 -1.6
    endloop
  endfacet
  facet normal 0 0 1
    outer loop
      vertex 4 51.095 -1.6
      vertex 4.16663 48.7868 -1.6
      vertex 4.39207 51.0757 -1.6
    endloop
  endfacet
  facet normal 0 0 1
    outer loop
      vertex 4 51.095 -1.6
      vertex 4 48.795 -1.6
      vertex 4.16663 48.7868 -1.6
    endloop
  endfacet
  facet normal 0 0 1
    outer loop
      vertex 4 51.095 -1.6
      vertex 3.83337 48.7868 -1.6
      vertex 4 48.795 -1.6
    endloop
  endfacet
  facet normal -0 0 1
    outer loop
      vertex 3.60793 51.0757 -1.6
      vertex 3.83337 48.7868 -1.6
      vertex 4 51.095 -1.6
    endloop
  endfacet
  facet normal 0 0 1
    outer loop
      vertex 3.83337 48.7868 -1.6
      vertex 3.60793 51.0757 -1.6
      vertex 3.66835 48.7623 -1.6
    endloop
  endfacet
  facet normal -0 0 1
    outer loop
      vertex 3.21964 51.0181 -1.6
      vertex 3.66835 48.7623 -1.6
      vertex 3.60793 51.0757 -1.6
    endloop
  endfacet
  facet normal 0 0 1
    outer loop
      vertex 3.66835 48.7623 -1.6
      vertex 3.21964 51.0181 -1.6
      vertex 3.50652 48.7218 -1.6
    endloop
  endfacet
  facet normal -0 0 1
    outer loop
      vertex 2.83886 50.9228 -1.6
      vertex 3.50652 48.7218 -1.6
      vertex 3.21964 51.0181 -1.6
    endloop
  endfacet
  facet normal 0 0 1
    outer loop
      vertex 3.50652 48.7218 -1.6
      vertex 2.83886 50.9228 -1.6
      vertex 3.34944 48.6656 -1.6
    endloop
  endfacet
  facet normal -0 0 1
    outer loop
      vertex 2.46927 50.7905 -1.6
      vertex 3.34944 48.6656 -1.6
      vertex 2.83886 50.9228 -1.6
    endloop
  endfacet
  facet normal 0 0 1
    outer loop
      vertex 3.34944 48.6656 -1.6
      vertex 2.46927 50.7905 -1.6
      vertex 3.19863 48.5943 -1.6
    endloop
  endfacet
  facet normal -0 0 1
    outer loop
      vertex 2.11441 50.6227 -1.6
      vertex 3.19863 48.5943 -1.6
      vertex 2.46927 50.7905 -1.6
    endloop
  endfacet
  facet normal 0 0 1
    outer loop
      vertex 3.19863 48.5943 -1.6
      vertex 2.11441 50.6227 -1.6
      vertex 3.05553 48.5085 -1.6
    endloop
  endfacet
  facet normal -0 0 1
    outer loop
      vertex 1.77772 50.4209 -1.6
      vertex 3.05553 48.5085 -1.6
      vertex 2.11441 50.6227 -1.6
    endloop
  endfacet
  facet normal 0 0 1
    outer loop
      vertex 3.05553 48.5085 -1.6
      vertex 1.77772 50.4209 -1.6
      vertex 2.92153 48.4091 -1.6
    endloop
  endfacet
  facet normal -0 0 1
    outer loop
      vertex 1.46243 50.187 -1.6
      vertex 2.92153 48.4091 -1.6
      vertex 1.77772 50.4209 -1.6
    endloop
  endfacet
  facet normal 0 0 1
    outer loop
      vertex 2.92153 48.4091 -1.6
      vertex 1.46243 50.187 -1.6
      vertex 2.79792 48.2971 -1.6
    endloop
  endfacet
  facet normal -0 0 1
    outer loop
      vertex 1.17157 49.9234 -1.6
      vertex 2.79792 48.2971 -1.6
      vertex 1.46243 50.187 -1.6
    endloop
  endfacet
  facet normal 0 0 1
    outer loop
      vertex 2.79792 48.2971 -1.6
      vertex 1.17157 49.9234 -1.6
      vertex 2.68588 48.1735 -1.6
    endloop
  endfacet
  facet normal -0 0 1
    outer loop
      vertex 0.907958 49.6326 -1.6
      vertex 2.68588 48.1735 -1.6
      vertex 1.17157 49.9234 -1.6
    endloop
  endfacet
  facet normal 0 0 1
    outer loop
      vertex 2.68588 48.1735 -1.6
      vertex 0.907958 49.6326 -1.6
      vertex 2.5865 48.0395 -1.6
    endloop
  endfacet
  facet normal -0 0 1
    outer loop
      vertex 0.674121 49.3173 -1.6
      vertex 2.5865 48.0395 -1.6
      vertex 0.907958 49.6326 -1.6
    endloop
  endfacet
  facet normal 0 0 1
    outer loop
      vertex 2.5865 48.0395 -1.6
      vertex 0.674121 49.3173 -1.6
      vertex 2.50073 47.8964 -1.6
    endloop
  endfacet
  facet normal -0 0 1
    outer loop
      vertex 5.4135 46.1505 -1.6
      vertex 7.32588 44.8727 -1.6
      vertex 5.49927 46.2936 -1.6
    endloop
  endfacet
  facet normal 0 0 1
    outer loop
      vertex 7.32588 44.8727 -1.6
      vertex 5.4135 46.1505 -1.6
      vertex 7.09204 44.5574 -1.6
    endloop
  endfacet
  facet normal -0 0 1
    outer loop
      vertex 5.31412 46.0165 -1.6
      vertex 7.09204 44.5574 -1.6
      vertex 5.4135 46.1505 -1.6
    endloop
  endfacet
  facet normal 0 0 1
    outer loop
      vertex 7.09204 44.5574 -1.6
      vertex 5.31412 46.0165 -1.6
      vertex 6.82843 44.2666 -1.6
    endloop
  endfacet
  facet normal -0 0 1
    outer loop
      vertex 5.20208 45.8929 -1.6
      vertex 6.82843 44.2666 -1.6
      vertex 5.31412 46.0165 -1.6
    endloop
  endfacet
  facet normal 0 0 1
    outer loop
      vertex 6.82843 44.2666 -1.6
      vertex 5.20208 45.8929 -1.6
      vertex 6.53757 44.003 -1.6
    endloop
  endfacet
  facet normal -0 0 1
    outer loop
      vertex 5.07847 45.7809 -1.6
      vertex 6.53757 44.003 -1.6
      vertex 5.20208 45.8929 -1.6
    endloop
  endfacet
  facet normal 0 0 1
    outer loop
      vertex 6.53757 44.003 -1.6
      vertex 5.07847 45.7809 -1.6
      vertex 6.22228 43.7691 -1.6
    endloop
  endfacet
  facet normal -0 0 1
    outer loop
      vertex 4.94447 45.6815 -1.6
      vertex 6.22228 43.7691 -1.6
      vertex 5.07847 45.7809 -1.6
    endloop
  endfacet
  facet normal 0 0 1
    outer loop
      vertex 6.22228 43.7691 -1.6
      vertex 4.94447 45.6815 -1.6
      vertex 5.88559 43.5673 -1.6
    endloop
  endfacet
  facet normal -0 0 1
    outer loop
      vertex 4.80137 45.5957 -1.6
      vertex 5.88559 43.5673 -1.6
      vertex 4.94447 45.6815 -1.6
    endloop
  endfacet
  facet normal 0 0 1
    outer loop
      vertex 5.88559 43.5673 -1.6
      vertex 4.80137 45.5957 -1.6
      vertex 5.53073 43.3995 -1.6
    endloop
  endfacet
  facet normal -0 0 1
    outer loop
      vertex 4.65056 45.5244 -1.6
      vertex 5.53073 43.3995 -1.6
      vertex 4.80137 45.5957 -1.6
    endloop
  endfacet
  facet normal 0 0 1
    outer loop
      vertex 5.53073 43.3995 -1.6
      vertex 4.65056 45.5244 -1.6
      vertex 5.16114 43.2672 -1.6
    endloop
  endfacet
  facet normal -0 0 1
    outer loop
      vertex 4.49348 45.4682 -1.6
      vertex 5.16114 43.2672 -1.6
      vertex 4.65056 45.5244 -1.6
    endloop
  endfacet
  facet normal 0 0 1
    outer loop
      vertex 5.16114 43.2672 -1.6
      vertex 4.49348 45.4682 -1.6
      vertex 4.78036 43.1719 -1.6
    endloop
  endfacet
  facet normal -0 0 1
    outer loop
      vertex 4.33165 45.4277 -1.6
      vertex 4.78036 43.1719 -1.6
      vertex 4.49348 45.4682 -1.6
    endloop
  endfacet
  facet normal 0 0 1
    outer loop
      vertex 4.78036 43.1719 -1.6
      vertex 4.33165 45.4277 -1.6
      vertex 4.39207 43.1143 -1.6
    endloop
  endfacet
  facet normal -0 0 1
    outer loop
      vertex 4.16663 45.4032 -1.6
      vertex 4.39207 43.1143 -1.6
      vertex 4.33165 45.4277 -1.6
    endloop
  endfacet
  facet normal -0 0 1
    outer loop
      vertex 4 45.395 -1.6
      vertex 4.39207 43.1143 -1.6
      vertex 4.16663 45.4032 -1.6
    endloop
  endfacet
  facet normal 0 0 1
    outer loop
      vertex 4 45.395 -1.6
      vertex 4 43.095 -1.6
      vertex 4.39207 43.1143 -1.6
    endloop
  endfacet
  facet normal 0 0 1
    outer loop
      vertex 3.83337 45.4032 -1.6
      vertex 4 43.095 -1.6
      vertex 4 45.395 -1.6
    endloop
  endfacet
  facet normal 0 0 1
    outer loop
      vertex 3.60793 43.1143 -1.6
      vertex 3.83337 45.4032 -1.6
      vertex 3.66835 45.4277 -1.6
    endloop
  endfacet
  facet normal 0 0 1
    outer loop
      vertex 3.83337 45.4032 -1.6
      vertex 3.60793 43.1143 -1.6
      vertex 4 43.095 -1.6
    endloop
  endfacet
  facet normal 0 0 1
    outer loop
      vertex 3.21964 43.1719 -1.6
      vertex 3.66835 45.4277 -1.6
      vertex 3.50652 45.4682 -1.6
    endloop
  endfacet
  facet normal 0 0 1
    outer loop
      vertex 2.83886 43.2672 -1.6
      vertex 3.50652 45.4682 -1.6
      vertex 3.34944 45.5244 -1.6
    endloop
  endfacet
  facet normal 0 0 1
    outer loop
      vertex 3.66835 45.4277 -1.6
      vertex 3.21964 43.1719 -1.6
      vertex 3.60793 43.1143 -1.6
    endloop
  endfacet
  facet normal 0 0 1
    outer loop
      vertex 2.46927 43.3995 -1.6
      vertex 3.34944 45.5244 -1.6
      vertex 3.19863 45.5957 -1.6
    endloop
  endfacet
  facet normal 0 0 1
    outer loop
      vertex 2.11441 43.5673 -1.6
      vertex 3.19863 45.5957 -1.6
      vertex 3.05553 45.6815 -1.6
    endloop
  endfacet
  facet normal 0 0 1
    outer loop
      vertex 1.77772 43.7691 -1.6
      vertex 3.05553 45.6815 -1.6
      vertex 2.92153 45.7809 -1.6
    endloop
  endfacet
  facet normal 0 0 1
    outer loop
      vertex 3.50652 45.4682 -1.6
      vertex 2.83886 43.2672 -1.6
      vertex 3.21964 43.1719 -1.6
    endloop
  endfacet
  facet normal 0 0 1
    outer loop
      vertex 1.46243 44.003 -1.6
      vertex 2.92153 45.7809 -1.6
      vertex 2.79792 45.8929 -1.6
    endloop
  endfacet
  facet normal 0 0 1
    outer loop
      vertex 1.17157 44.2666 -1.6
      vertex 2.79792 45.8929 -1.6
      vertex 2.68588 46.0165 -1.6
    endloop
  endfacet
  facet normal 0 0 1
    outer loop
      vertex 0.907958 44.5574 -1.6
      vertex 2.68588 46.0165 -1.6
      vertex 2.5865 46.1505 -1.6
    endloop
  endfacet
  facet normal 0 0 1
    outer loop
      vertex 0.674121 44.8727 -1.6
      vertex 2.5865 46.1505 -1.6
      vertex 2.50073 46.2936 -1.6
    endloop
  endfacet
  facet normal 0 0 1
    outer loop
      vertex 3.34944 45.5244 -1.6
      vertex 2.46927 43.3995 -1.6
      vertex 2.83886 43.2672 -1.6
    endloop
  endfacet
  facet normal 0 0 1
    outer loop
      vertex 0.472315 45.2094 -1.6
      vertex 2.50073 46.2936 -1.6
      vertex 2.42941 46.4444 -1.6
    endloop
  endfacet
  facet normal 0 0 1
    outer loop
      vertex 0.304482 45.5643 -1.6
      vertex 2.42941 46.4444 -1.6
      vertex 2.3732 46.6015 -1.6
    endloop
  endfacet
  facet normal 0 0 1
    outer loop
      vertex 0.172238 45.9339 -1.6
      vertex 2.3732 46.6015 -1.6
      vertex 2.33267 46.7633 -1.6
    endloop
  endfacet
  facet normal 0 0 1
    outer loop
      vertex 0.0768585 46.3146 -1.6
      vertex 2.33267 46.7633 -1.6
      vertex 2.30819 46.9284 -1.6
    endloop
  endfacet
  facet normal 0 0 1
    outer loop
      vertex 0.0192604 46.7029 -1.6
      vertex 2.30819 46.9284 -1.6
      vertex 2.3 47.095 -1.6
    endloop
  endfacet
  facet normal -0 0 1
    outer loop
      vertex 0.472315 48.9806 -1.6
      vertex 2.50073 47.8964 -1.6
      vertex 0.674121 49.3173 -1.6
    endloop
  endfacet
  facet normal 0 0 1
    outer loop
      vertex 3.19863 45.5957 -1.6
      vertex 2.11441 43.5673 -1.6
      vertex 2.46927 43.3995 -1.6
    endloop
  endfacet
  facet normal 0 0 1
    outer loop
      vertex 2.50073 47.8964 -1.6
      vertex 0.472315 48.9806 -1.6
      vertex 2.42941 47.7456 -1.6
    endloop
  endfacet
  facet normal 0 0 1
    outer loop
      vertex 3.05553 45.6815 -1.6
      vertex 1.77772 43.7691 -1.6
      vertex 2.11441 43.5673 -1.6
    endloop
  endfacet
  facet normal -0 0 1
    outer loop
      vertex 0.304482 48.6257 -1.6
      vertex 2.42941 47.7456 -1.6
      vertex 0.472315 48.9806 -1.6
    endloop
  endfacet
  facet normal 0 0 1
    outer loop
      vertex 2.92153 45.7809 -1.6
      vertex 1.46243 44.003 -1.6
      vertex 1.77772 43.7691 -1.6
    endloop
  endfacet
  facet normal 0 0 1
    outer loop
      vertex 2.42941 47.7456 -1.6
      vertex 0.304482 48.6257 -1.6
      vertex 2.3732 47.5885 -1.6
    endloop
  endfacet
  facet normal 0 0 1
    outer loop
      vertex 2.79792 45.8929 -1.6
      vertex 1.17157 44.2666 -1.6
      vertex 1.46243 44.003 -1.6
    endloop
  endfacet
  facet normal -0 0 1
    outer loop
      vertex 0.172238 48.2561 -1.6
      vertex 2.3732 47.5885 -1.6
      vertex 0.304482 48.6257 -1.6
    endloop
  endfacet
  facet normal 0 0 1
    outer loop
      vertex 2.68588 46.0165 -1.6
      vertex 0.907958 44.5574 -1.6
      vertex 1.17157 44.2666 -1.6
    endloop
  endfacet
  facet normal 0 0 1
    outer loop
      vertex 2.3732 47.5885 -1.6
      vertex 0.172238 48.2561 -1.6
      vertex 2.33267 47.4267 -1.6
    endloop
  endfacet
  facet normal 0 0 1
    outer loop
      vertex 2.5865 46.1505 -1.6
      vertex 0.674121 44.8727 -1.6
      vertex 0.907958 44.5574 -1.6
    endloop
  endfacet
  facet normal -0 0 1
    outer loop
      vertex 0.0768585 47.8754 -1.6
      vertex 2.33267 47.4267 -1.6
      vertex 0.172238 48.2561 -1.6
    endloop
  endfacet
  facet normal 0 0 1
    outer loop
      vertex 2.50073 46.2936 -1.6
      vertex 0.472315 45.2094 -1.6
      vertex 0.674121 44.8727 -1.6
    endloop
  endfacet
  facet normal 0 0 1
    outer loop
      vertex 2.33267 47.4267 -1.6
      vertex 0.0768585 47.8754 -1.6
      vertex 2.30819 47.2616 -1.6
    endloop
  endfacet
  facet normal 0 0 1
    outer loop
      vertex 2.42941 46.4444 -1.6
      vertex 0.304482 45.5643 -1.6
      vertex 0.472315 45.2094 -1.6
    endloop
  endfacet
  facet normal -0 0 1
    outer loop
      vertex 0.0192604 47.4871 -1.6
      vertex 2.30819 47.2616 -1.6
      vertex 0.0768585 47.8754 -1.6
    endloop
  endfacet
  facet normal 0 0 1
    outer loop
      vertex 2.3732 46.6015 -1.6
      vertex 0.172238 45.9339 -1.6
      vertex 0.304482 45.5643 -1.6
    endloop
  endfacet
  facet normal 0 0 1
    outer loop
      vertex 2.30819 47.2616 -1.6
      vertex 0.0192604 47.4871 -1.6
      vertex 2.3 47.095 -1.6
    endloop
  endfacet
  facet normal 0 0 1
    outer loop
      vertex 2.33267 46.7633 -1.6
      vertex 0.0768585 46.3146 -1.6
      vertex 0.172238 45.9339 -1.6
    endloop
  endfacet
  facet normal 0 0 1
    outer loop
      vertex 0 47.095 -1.6
      vertex 2.3 47.095 -1.6
      vertex 0.0192604 47.4871 -1.6
    endloop
  endfacet
  facet normal 0 0 1
    outer loop
      vertex 2.30819 46.9284 -1.6
      vertex 0.0192604 46.7029 -1.6
      vertex 0.0768585 46.3146 -1.6
    endloop
  endfacet
  facet normal 0 0 1
    outer loop
      vertex 2.3 47.095 -1.6
      vertex 0 47.095 -1.6
      vertex 0.0192604 46.7029 -1.6
    endloop
  endfacet
  facet normal -0.595806 0.803128 0
    outer loop
      vertex 1.77772 50.4209 -5.6
      vertex 1.46243 50.187 -1.6
      vertex 1.77772 50.4209 -1.6
    endloop
  endfacet
  facet normal -0.595806 0.803128 0
    outer loop
      vertex 1.46243 50.187 -1.6
      vertex 1.77772 50.4209 -5.6
      vertex 1.46243 50.187 -5.6
    endloop
  endfacet
  facet normal -0.514095 0.857733 0
    outer loop
      vertex 2.11441 50.6227 -5.6
      vertex 1.77772 50.4209 -1.6
      vertex 2.11441 50.6227 -1.6
    endloop
  endfacet
  facet normal -0.514095 0.857733 0
    outer loop
      vertex 1.77772 50.4209 -1.6
      vertex 2.11441 50.6227 -5.6
      vertex 1.77772 50.4209 -5.6
    endloop
  endfacet
  facet normal -0.671531 0.740977 0
    outer loop
      vertex 1.46243 50.187 -5.6
      vertex 1.17157 49.9234 -1.6
      vertex 1.46243 50.187 -1.6
    endloop
  endfacet
  facet normal -0.671531 0.740977 0
    outer loop
      vertex 1.17157 49.9234 -1.6
      vertex 1.46243 50.187 -5.6
      vertex 1.17157 49.9234 -5.6
    endloop
  endfacet
  facet normal -0.337022 0.941497 0
    outer loop
      vertex 2.83886 50.9228 -5.6
      vertex 2.46927 50.7905 -1.6
      vertex 2.83886 50.9228 -1.6
    endloop
  endfacet
  facet normal -0.337022 0.941497 0
    outer loop
      vertex 2.46927 50.7905 -1.6
      vertex 2.83886 50.9228 -5.6
      vertex 2.46927 50.7905 -5.6
    endloop
  endfacet
  facet normal -0.146737 0.989176 0
    outer loop
      vertex 3.60793 51.0757 -5.6
      vertex 3.21964 51.0181 -1.6
      vertex 3.60793 51.0757 -1.6
    endloop
  endfacet
  facet normal -0.146737 0.989176 0
    outer loop
      vertex 3.21964 51.0181 -1.6
      vertex 3.60793 51.0757 -5.6
      vertex 3.21964 51.0181 -5.6
    endloop
  endfacet
  facet normal 0.998796 -0.049061 0
    outer loop
      vertex 7.98074 46.7029 -1.6
      vertex 8 47.095 -5.6
      vertex 8 47.095 -1.6
    endloop
  endfacet
  facet normal 0.998796 -0.049061 0
    outer loop
      vertex 8 47.095 -5.6
      vertex 7.98074 46.7029 -1.6
      vertex 7.98074 46.7029 -5.6
    endloop
  endfacet
  facet normal 0.740895 -0.671621 0
    outer loop
      vertex 6.82843 44.2666 -1.6
      vertex 7.09204 44.5574 -5.6
      vertex 7.09204 44.5574 -1.6
    endloop
  endfacet
  facet normal 0.740895 -0.671621 0
    outer loop
      vertex 7.09204 44.5574 -5.6
      vertex 6.82843 44.2666 -1.6
      vertex 6.82843 44.2666 -5.6
    endloop
  endfacet
  facet normal -0.595806 -0.803128 0
    outer loop
      vertex 1.46243 44.003 -5.6
      vertex 1.77772 43.7691 -1.6
      vertex 1.46243 44.003 -1.6
    endloop
  endfacet
  facet normal -0.595806 -0.803128 -0
    outer loop
      vertex 1.77772 43.7691 -1.6
      vertex 1.46243 44.003 -5.6
      vertex 1.77772 43.7691 -5.6
    endloop
  endfacet
  facet normal -0.857733 -0.514095 0
    outer loop
      vertex 0.674121 44.8727 -5.6
      vertex 0.472315 45.2094 -1.6
      vertex 0.472315 45.2094 -5.6
    endloop
  endfacet
  facet normal -0.857733 -0.514095 0
    outer loop
      vertex 0.472315 45.2094 -1.6
      vertex 0.674121 44.8727 -5.6
      vertex 0.674121 44.8727 -1.6
    endloop
  endfacet
  facet normal -0.740892 -0.671624 0
    outer loop
      vertex 1.17157 44.2666 -5.6
      vertex 0.907958 44.5574 -1.6
      vertex 0.907958 44.5574 -5.6
    endloop
  endfacet
  facet normal -0.740892 -0.671624 0
    outer loop
      vertex 0.907958 44.5574 -1.6
      vertex 1.17157 44.2666 -5.6
      vertex 1.17157 44.2666 -1.6
    endloop
  endfacet
  facet normal -0.998796 -0.049062 0
    outer loop
      vertex 0.0192604 46.7029 -5.6
      vertex 0 47.095 -1.6
      vertex 0 47.095 -5.6
    endloop
  endfacet
  facet normal -0.998796 -0.049062 0
    outer loop
      vertex 0 47.095 -1.6
      vertex 0.0192604 46.7029 -5.6
      vertex 0.0192604 46.7029 -1.6
    endloop
  endfacet
  facet normal 0.989176 -0.146733 0
    outer loop
      vertex 7.92314 46.3146 -1.6
      vertex 7.98074 46.7029 -5.6
      vertex 7.98074 46.7029 -1.6
    endloop
  endfacet
  facet normal 0.989176 -0.146733 0
    outer loop
      vertex 7.98074 46.7029 -5.6
      vertex 7.92314 46.3146 -1.6
      vertex 7.92314 46.3146 -5.6
    endloop
  endfacet
  facet normal 0.970019 -0.243027 0
    outer loop
      vertex 7.82776 45.9339 -1.6
      vertex 7.92314 46.3146 -5.6
      vertex 7.92314 46.3146 -1.6
    endloop
  endfacet
  facet normal 0.970019 -0.243027 0
    outer loop
      vertex 7.92314 46.3146 -5.6
      vertex 7.82776 45.9339 -1.6
      vertex 7.82776 45.9339 -5.6
    endloop
  endfacet
  facet normal 0.80321 -0.595695 0
    outer loop
      vertex 7.09204 44.5574 -1.6
      vertex 7.32588 44.8727 -5.6
      vertex 7.32588 44.8727 -1.6
    endloop
  endfacet
  facet normal 0.80321 -0.595695 0
    outer loop
      vertex 7.32588 44.8727 -5.6
      vertex 7.09204 44.5574 -1.6
      vertex 7.09204 44.5574 -5.6
    endloop
  endfacet
  facet normal 0.514095 -0.857733 0
    outer loop
      vertex 5.88559 43.5673 -5.6
      vertex 6.22228 43.7691 -1.6
      vertex 5.88559 43.5673 -1.6
    endloop
  endfacet
  facet normal 0.514095 -0.857733 0
    outer loop
      vertex 6.22228 43.7691 -1.6
      vertex 5.88559 43.5673 -5.6
      vertex 6.22228 43.7691 -5.6
    endloop
  endfacet
  facet normal 0.671531 -0.740977 0
    outer loop
      vertex 6.53757 44.003 -5.6
      vertex 6.82843 44.2666 -1.6
      vertex 6.53757 44.003 -1.6
    endloop
  endfacet
  facet normal 0.671531 -0.740977 0
    outer loop
      vertex 6.82843 44.2666 -1.6
      vertex 6.53757 44.003 -5.6
      vertex 6.82843 44.2666 -5.6
    endloop
  endfacet
  facet normal 0.904004 -0.427523 0
    outer loop
      vertex 7.52768 45.2094 -1.6
      vertex 7.69552 45.5643 -5.6
      vertex 7.69552 45.5643 -1.6
    endloop
  endfacet
  facet normal 0.904004 -0.427523 0
    outer loop
      vertex 7.69552 45.5643 -5.6
      vertex 7.52768 45.2094 -1.6
      vertex 7.52768 45.2094 -5.6
    endloop
  endfacet
  facet normal -0.242787 -0.97008 0
    outer loop
      vertex 2.83886 43.2672 -5.6
      vertex 3.21964 43.1719 -1.6
      vertex 2.83886 43.2672 -1.6
    endloop
  endfacet
  facet normal -0.242787 -0.97008 -0
    outer loop
      vertex 3.21964 43.1719 -1.6
      vertex 2.83886 43.2672 -5.6
      vertex 3.21964 43.1719 -5.6
    endloop
  endfacet
  facet normal -0.42748 -0.904025 0
    outer loop
      vertex 2.11441 43.5673 -5.6
      vertex 2.46927 43.3995 -1.6
      vertex 2.11441 43.5673 -1.6
    endloop
  endfacet
  facet normal -0.42748 -0.904025 -0
    outer loop
      vertex 2.46927 43.3995 -1.6
      vertex 2.11441 43.5673 -5.6
      vertex 2.46927 43.3995 -5.6
    endloop
  endfacet
  facet normal -0.671531 -0.740977 0
    outer loop
      vertex 1.17157 44.2666 -5.6
      vertex 1.46243 44.003 -1.6
      vertex 1.17157 44.2666 -1.6
    endloop
  endfacet
  facet normal -0.671531 -0.740977 -0
    outer loop
      vertex 1.46243 44.003 -1.6
      vertex 1.17157 44.2666 -5.6
      vertex 1.46243 44.003 -5.6
    endloop
  endfacet
  facet normal -0.941545 -0.336888 0
    outer loop
      vertex 0.304482 45.5643 -5.6
      vertex 0.172238 45.9339 -1.6
      vertex 0.172238 45.9339 -5.6
    endloop
  endfacet
  facet normal -0.941545 -0.336888 0
    outer loop
      vertex 0.172238 45.9339 -1.6
      vertex 0.304482 45.5643 -5.6
      vertex 0.304482 45.5643 -1.6
    endloop
  endfacet
  facet normal 0.337022 -0.941497 0
    outer loop
      vertex 5.16114 43.2672 -5.6
      vertex 5.53073 43.3995 -1.6
      vertex 5.16114 43.2672 -1.6
    endloop
  endfacet
  facet normal 0.337022 -0.941497 0
    outer loop
      vertex 5.53073 43.3995 -1.6
      vertex 5.16114 43.2672 -5.6
      vertex 5.53073 43.3995 -5.6
    endloop
  endfacet
  facet normal 0.242787 -0.97008 0
    outer loop
      vertex 4.78036 43.1719 -5.6
      vertex 5.16114 43.2672 -1.6
      vertex 4.78036 43.1719 -1.6
    endloop
  endfacet
  facet normal 0.242787 -0.97008 0
    outer loop
      vertex 5.16114 43.2672 -1.6
      vertex 4.78036 43.1719 -5.6
      vertex 5.16114 43.2672 -5.6
    endloop
  endfacet
  facet normal 0.85774 -0.514084 0
    outer loop
      vertex 7.32588 44.8727 -1.6
      vertex 7.52768 45.2094 -5.6
      vertex 7.52768 45.2094 -1.6
    endloop
  endfacet
  facet normal 0.85774 -0.514084 0
    outer loop
      vertex 7.52768 45.2094 -5.6
      vertex 7.32588 44.8727 -1.6
      vertex 7.32588 44.8727 -5.6
    endloop
  endfacet
  facet normal 0.941548 -0.336879 0
    outer loop
      vertex 7.69552 45.5643 -1.6
      vertex 7.82776 45.9339 -5.6
      vertex 7.82776 45.9339 -1.6
    endloop
  endfacet
  facet normal 0.941548 -0.336879 0
    outer loop
      vertex 7.82776 45.9339 -5.6
      vertex 7.69552 45.5643 -1.6
      vertex 7.69552 45.5643 -5.6
    endloop
  endfacet
  facet normal -0.0491664 -0.998791 0
    outer loop
      vertex 3.60793 43.1143 -5.6
      vertex 4 43.095 -1.6
      vertex 3.60793 43.1143 -1.6
    endloop
  endfacet
  facet normal -0.0491664 -0.998791 -0
    outer loop
      vertex 4 43.095 -1.6
      vertex 3.60793 43.1143 -5.6
      vertex 4 43.095 -5.6
    endloop
  endfacet
  facet normal -0.146737 -0.989176 0
    outer loop
      vertex 3.21964 43.1719 -5.6
      vertex 3.60793 43.1143 -1.6
      vertex 3.21964 43.1719 -1.6
    endloop
  endfacet
  facet normal -0.146737 -0.989176 -0
    outer loop
      vertex 3.60793 43.1143 -1.6
      vertex 3.21964 43.1719 -5.6
      vertex 3.60793 43.1143 -5.6
    endloop
  endfacet
  facet normal -0.337022 -0.941497 0
    outer loop
      vertex 2.46927 43.3995 -5.6
      vertex 2.83886 43.2672 -1.6
      vertex 2.46927 43.3995 -1.6
    endloop
  endfacet
  facet normal -0.337022 -0.941497 -0
    outer loop
      vertex 2.83886 43.2672 -1.6
      vertex 2.46927 43.3995 -5.6
      vertex 2.83886 43.2672 -5.6
    endloop
  endfacet
  facet normal -0.803214 -0.59569 0
    outer loop
      vertex 0.907958 44.5574 -5.6
      vertex 0.674121 44.8727 -1.6
      vertex 0.674121 44.8727 -5.6
    endloop
  endfacet
  facet normal -0.803214 -0.59569 0
    outer loop
      vertex 0.674121 44.8727 -1.6
      vertex 0.907958 44.5574 -5.6
      vertex 0.907958 44.5574 -1.6
    endloop
  endfacet
  facet normal -0.904011 -0.427509 0
    outer loop
      vertex 0.472315 45.2094 -5.6
      vertex 0.304482 45.5643 -1.6
      vertex 0.304482 45.5643 -5.6
    endloop
  endfacet
  facet normal -0.904011 -0.427509 0
    outer loop
      vertex 0.304482 45.5643 -1.6
      vertex 0.472315 45.2094 -5.6
      vertex 0.472315 45.2094 -1.6
    endloop
  endfacet
  facet normal -0.97002 -0.243026 0
    outer loop
      vertex 0.172238 45.9339 -5.6
      vertex 0.0768585 46.3146 -1.6
      vertex 0.0768585 46.3146 -5.6
    endloop
  endfacet
  facet normal -0.97002 -0.243026 0
    outer loop
      vertex 0.0768585 46.3146 -1.6
      vertex 0.172238 45.9339 -5.6
      vertex 0.172238 45.9339 -1.6
    endloop
  endfacet
  facet normal -0.989177 -0.146729 0
    outer loop
      vertex 0.0768585 46.3146 -5.6
      vertex 0.0192604 46.7029 -1.6
      vertex 0.0192604 46.7029 -5.6
    endloop
  endfacet
  facet normal -0.989177 -0.146729 0
    outer loop
      vertex 0.0192604 46.7029 -1.6
      vertex 0.0768585 46.3146 -5.6
      vertex 0.0768585 46.3146 -1.6
    endloop
  endfacet
  facet normal 0.42748 -0.904025 0
    outer loop
      vertex 5.53073 43.3995 -5.6
      vertex 5.88559 43.5673 -1.6
      vertex 5.53073 43.3995 -1.6
    endloop
  endfacet
  facet normal 0.42748 -0.904025 0
    outer loop
      vertex 5.88559 43.5673 -1.6
      vertex 5.53073 43.3995 -5.6
      vertex 5.88559 43.5673 -5.6
    endloop
  endfacet
  facet normal 0.595806 -0.803128 0
    outer loop
      vertex 6.22228 43.7691 -5.6
      vertex 6.53757 44.003 -1.6
      vertex 6.22228 43.7691 -1.6
    endloop
  endfacet
  facet normal 0.595806 -0.803128 0
    outer loop
      vertex 6.53757 44.003 -1.6
      vertex 6.22228 43.7691 -5.6
      vertex 6.53757 44.003 -5.6
    endloop
  endfacet
  facet normal -0.514095 -0.857733 0
    outer loop
      vertex 1.77772 43.7691 -5.6
      vertex 2.11441 43.5673 -1.6
      vertex 1.77772 43.7691 -1.6
    endloop
  endfacet
  facet normal -0.514095 -0.857733 -0
    outer loop
      vertex 2.11441 43.5673 -1.6
      vertex 1.77772 43.7691 -5.6
      vertex 2.11441 43.5673 -5.6
    endloop
  endfacet
  facet normal 0.998791 0.0491626 0
    outer loop
      vertex 70 47.095 -1.6
      vertex 69.9807 47.4871 -5.6
      vertex 69.9807 47.4871 -1.6
    endloop
  endfacet
  facet normal 0.998791 0.0491626 0
    outer loop
      vertex 69.9807 47.4871 -5.6
      vertex 70 47.095 -1.6
      vertex 70 47.095 -5.6
    endloop
  endfacet
  facet normal -0.0491626 0.998791 0
    outer loop
      vertex 66 51.095 -5.6
      vertex 65.6079 51.0757 -1.6
      vertex 66 51.095 -1.6
    endloop
  endfacet
  facet normal -0.0491626 0.998791 0
    outer loop
      vertex 65.6079 51.0757 -1.6
      vertex 66 51.095 -5.6
      vertex 65.6079 51.0757 -5.6
    endloop
  endfacet
  facet normal 0.671607 0.740908 -0
    outer loop
      vertex 68.8284 49.9234 -5.6
      vertex 68.5376 50.187 -1.6
      vertex 68.8284 49.9234 -1.6
    endloop
  endfacet
  facet normal 0.671607 0.740908 0
    outer loop
      vertex 68.5376 50.187 -1.6
      vertex 68.8284 49.9234 -5.6
      vertex 68.5376 50.187 -5.6
    endloop
  endfacet
  facet normal -0.740908 0.671607 0
    outer loop
      vertex 62.908 49.6326 -5.6
      vertex 63.1716 49.9234 -1.6
      vertex 63.1716 49.9234 -5.6
    endloop
  endfacet
  facet normal -0.740908 0.671607 0
    outer loop
      vertex 63.1716 49.9234 -1.6
      vertex 62.908 49.6326 -5.6
      vertex 62.908 49.6326 -1.6
    endloop
  endfacet
  facet normal -0.42744 0.904044 0
    outer loop
      vertex 64.4693 50.7905 -5.6
      vertex 64.1144 50.6227 -1.6
      vertex 64.4693 50.7905 -1.6
    endloop
  endfacet
  facet normal -0.42744 0.904044 0
    outer loop
      vertex 64.1144 50.6227 -1.6
      vertex 64.4693 50.7905 -5.6
      vertex 64.1144 50.6227 -5.6
    endloop
  endfacet
  facet normal 0.904044 0.42744 0
    outer loop
      vertex 69.6955 48.6257 -1.6
      vertex 69.5277 48.9806 -5.6
      vertex 69.5277 48.9806 -1.6
    endloop
  endfacet
  facet normal 0.904044 0.42744 0
    outer loop
      vertex 69.5277 48.9806 -5.6
      vertex 69.6955 48.6257 -1.6
      vertex 69.6955 48.6257 -5.6
    endloop
  endfacet
  facet normal 0.337014 0.9415 -0
    outer loop
      vertex 67.5307 50.7905 -5.6
      vertex 67.1611 50.9228 -1.6
      vertex 67.5307 50.7905 -1.6
    endloop
  endfacet
  facet normal 0.337014 0.9415 0
    outer loop
      vertex 67.1611 50.9228 -1.6
      vertex 67.5307 50.7905 -5.6
      vertex 67.1611 50.9228 -5.6
    endloop
  endfacet
  facet normal -0.904044 0.42744 0
    outer loop
      vertex 62.3045 48.6257 -5.6
      vertex 62.4723 48.9806 -1.6
      vertex 62.4723 48.9806 -5.6
    endloop
  endfacet
  facet normal -0.904044 0.42744 0
    outer loop
      vertex 62.4723 48.9806 -1.6
      vertex 62.3045 48.6257 -5.6
      vertex 62.3045 48.6257 -1.6
    endloop
  endfacet
  facet normal -0.85774 0.514084 0
    outer loop
      vertex 62.4723 48.9806 -5.6
      vertex 62.6741 49.3173 -1.6
      vertex 62.6741 49.3173 -5.6
    endloop
  endfacet
  facet normal -0.85774 0.514084 0
    outer loop
      vertex 62.6741 49.3173 -1.6
      vertex 62.4723 48.9806 -5.6
      vertex 62.4723 48.9806 -1.6
    endloop
  endfacet
  facet normal -0.998791 -0.0491626 0
    outer loop
      vertex 62.0193 46.7029 -5.6
      vertex 62 47.095 -1.6
      vertex 62 47.095 -5.6
    endloop
  endfacet
  facet normal -0.998791 -0.0491626 0
    outer loop
      vertex 62 47.095 -1.6
      vertex 62.0193 46.7029 -5.6
      vertex 62.0193 46.7029 -1.6
    endloop
  endfacet
  facet normal 0.146733 -0.989176 0
    outer loop
      vertex 66.3921 43.1143 -5.6
      vertex 66.7804 43.1719 -1.6
      vertex 66.3921 43.1143 -1.6
    endloop
  endfacet
  facet normal 0.146733 -0.989176 0
    outer loop
      vertex 66.7804 43.1719 -1.6
      vertex 66.3921 43.1143 -5.6
      vertex 66.7804 43.1719 -5.6
    endloop
  endfacet
  facet normal 0.970068 0.242835 0
    outer loop
      vertex 69.9231 47.8754 -1.6
      vertex 69.8278 48.2561 -5.6
      vertex 69.8278 48.2561 -1.6
    endloop
  endfacet
  facet normal 0.970068 0.242835 0
    outer loop
      vertex 69.8278 48.2561 -5.6
      vertex 69.9231 47.8754 -1.6
      vertex 69.9231 47.8754 -5.6
    endloop
  endfacet
  facet normal 0.989176 0.146733 0
    outer loop
      vertex 69.9807 47.4871 -1.6
      vertex 69.9231 47.8754 -5.6
      vertex 69.9231 47.8754 -1.6
    endloop
  endfacet
  facet normal 0.989176 0.146733 0
    outer loop
      vertex 69.9231 47.8754 -5.6
      vertex 69.9807 47.4871 -1.6
      vertex 69.9807 47.4871 -5.6
    endloop
  endfacet
  facet normal 0.9415 0.337014 0
    outer loop
      vertex 69.8278 48.2561 -1.6
      vertex 69.6955 48.6257 -5.6
      vertex 69.6955 48.6257 -1.6
    endloop
  endfacet
  facet normal 0.9415 0.337014 0
    outer loop
      vertex 69.6955 48.6257 -5.6
      vertex 69.8278 48.2561 -1.6
      vertex 69.8278 48.2561 -5.6
    endloop
  endfacet
  facet normal 0.803137 0.595794 0
    outer loop
      vertex 69.3259 49.3173 -1.6
      vertex 69.092 49.6326 -5.6
      vertex 69.092 49.6326 -1.6
    endloop
  endfacet
  facet normal 0.803137 0.595794 0
    outer loop
      vertex 69.092 49.6326 -5.6
      vertex 69.3259 49.3173 -1.6
      vertex 69.3259 49.3173 -5.6
    endloop
  endfacet
  facet normal 0.740908 0.671607 0
    outer loop
      vertex 69.092 49.6326 -1.6
      vertex 68.8284 49.9234 -5.6
      vertex 68.8284 49.9234 -1.6
    endloop
  endfacet
  facet normal 0.740908 0.671607 0
    outer loop
      vertex 68.8284 49.9234 -5.6
      vertex 69.092 49.6326 -1.6
      vertex 69.092 49.6326 -5.6
    endloop
  endfacet
  facet normal 0.146733 0.989176 -0
    outer loop
      vertex 66.7804 51.0181 -5.6
      vertex 66.3921 51.0757 -1.6
      vertex 66.7804 51.0181 -1.6
    endloop
  endfacet
  facet normal 0.146733 0.989176 0
    outer loop
      vertex 66.3921 51.0757 -1.6
      vertex 66.7804 51.0181 -5.6
      vertex 66.3921 51.0757 -5.6
    endloop
  endfacet
  facet normal 0.595794 0.803137 -0
    outer loop
      vertex 68.5376 50.187 -5.6
      vertex 68.2223 50.4209 -1.6
      vertex 68.5376 50.187 -1.6
    endloop
  endfacet
  facet normal 0.595794 0.803137 0
    outer loop
      vertex 68.2223 50.4209 -1.6
      vertex 68.5376 50.187 -5.6
      vertex 68.2223 50.4209 -5.6
    endloop
  endfacet
  facet normal 0.514084 0.85774 -0
    outer loop
      vertex 68.2223 50.4209 -5.6
      vertex 67.8856 50.6227 -1.6
      vertex 68.2223 50.4209 -1.6
    endloop
  endfacet
  facet normal 0.514084 0.85774 0
    outer loop
      vertex 67.8856 50.6227 -1.6
      vertex 68.2223 50.4209 -5.6
      vertex 67.8856 50.6227 -5.6
    endloop
  endfacet
  facet normal -0.9415 0.337014 0
    outer loop
      vertex 62.1722 48.2561 -5.6
      vertex 62.3045 48.6257 -1.6
      vertex 62.3045 48.6257 -5.6
    endloop
  endfacet
  facet normal -0.9415 0.337014 0
    outer loop
      vertex 62.3045 48.6257 -1.6
      vertex 62.1722 48.2561 -5.6
      vertex 62.1722 48.2561 -1.6
    endloop
  endfacet
  facet normal -0.970068 0.242835 0
    outer loop
      vertex 62.0769 47.8754 -5.6
      vertex 62.1722 48.2561 -1.6
      vertex 62.1722 48.2561 -5.6
    endloop
  endfacet
  facet normal -0.970068 0.242835 0
    outer loop
      vertex 62.1722 48.2561 -1.6
      vertex 62.0769 47.8754 -5.6
      vertex 62.0769 47.8754 -1.6
    endloop
  endfacet
  facet normal -0.989176 0.146733 0
    outer loop
      vertex 62.0193 47.4871 -5.6
      vertex 62.0769 47.8754 -1.6
      vertex 62.0769 47.8754 -5.6
    endloop
  endfacet
  facet normal -0.989176 0.146733 0
    outer loop
      vertex 62.0769 47.8754 -1.6
      vertex 62.0193 47.4871 -5.6
      vertex 62.0193 47.4871 -1.6
    endloop
  endfacet
  facet normal -0.595794 0.803137 0
    outer loop
      vertex 63.7777 50.4209 -5.6
      vertex 63.4624 50.187 -1.6
      vertex 63.7777 50.4209 -1.6
    endloop
  endfacet
  facet normal -0.595794 0.803137 0
    outer loop
      vertex 63.4624 50.187 -1.6
      vertex 63.7777 50.4209 -5.6
      vertex 63.4624 50.187 -5.6
    endloop
  endfacet
  facet normal -0.146733 0.989176 0
    outer loop
      vertex 65.6079 51.0757 -5.6
      vertex 65.2196 51.0181 -1.6
      vertex 65.6079 51.0757 -1.6
    endloop
  endfacet
  facet normal -0.146733 0.989176 0
    outer loop
      vertex 65.2196 51.0181 -1.6
      vertex 65.6079 51.0757 -5.6
      vertex 65.2196 51.0181 -5.6
    endloop
  endfacet
  facet normal -0.242835 0.970068 0
    outer loop
      vertex 65.2196 51.0181 -5.6
      vertex 64.8389 50.9228 -1.6
      vertex 65.2196 51.0181 -1.6
    endloop
  endfacet
  facet normal -0.242835 0.970068 0
    outer loop
      vertex 64.8389 50.9228 -1.6
      vertex 65.2196 51.0181 -5.6
      vertex 64.8389 50.9228 -5.6
    endloop
  endfacet
  facet normal 0.998791 -0.0491626 0
    outer loop
      vertex 69.9807 46.7029 -1.6
      vertex 70 47.095 -5.6
      vertex 70 47.095 -1.6
    endloop
  endfacet
  facet normal 0.998791 -0.0491626 0
    outer loop
      vertex 70 47.095 -5.6
      vertex 69.9807 46.7029 -1.6
      vertex 69.9807 46.7029 -5.6
    endloop
  endfacet
  facet normal 0.85774 -0.514084 0
    outer loop
      vertex 69.3259 44.8727 -1.6
      vertex 69.5277 45.2094 -5.6
      vertex 69.5277 45.2094 -1.6
    endloop
  endfacet
  facet normal 0.85774 -0.514084 0
    outer loop
      vertex 69.5277 45.2094 -5.6
      vertex 69.3259 44.8727 -1.6
      vertex 69.3259 44.8727 -5.6
    endloop
  endfacet
  facet normal -0.740908 -0.671607 0
    outer loop
      vertex 63.1716 44.2666 -5.6
      vertex 62.908 44.5574 -1.6
      vertex 62.908 44.5574 -5.6
    endloop
  endfacet
  facet normal -0.740908 -0.671607 0
    outer loop
      vertex 62.908 44.5574 -1.6
      vertex 63.1716 44.2666 -5.6
      vertex 63.1716 44.2666 -1.6
    endloop
  endfacet
  facet normal -0.904044 -0.42744 0
    outer loop
      vertex 62.4723 45.2094 -5.6
      vertex 62.3045 45.5643 -1.6
      vertex 62.3045 45.5643 -5.6
    endloop
  endfacet
  facet normal -0.904044 -0.42744 0
    outer loop
      vertex 62.3045 45.5643 -1.6
      vertex 62.4723 45.2094 -5.6
      vertex 62.4723 45.2094 -1.6
    endloop
  endfacet
  facet normal 0.337014 -0.9415 0
    outer loop
      vertex 67.1611 43.2672 -5.6
      vertex 67.5307 43.3995 -1.6
      vertex 67.1611 43.2672 -1.6
    endloop
  endfacet
  facet normal 0.337014 -0.9415 0
    outer loop
      vertex 67.5307 43.3995 -1.6
      vertex 67.1611 43.2672 -5.6
      vertex 67.5307 43.3995 -5.6
    endloop
  endfacet
  facet normal 0.242835 -0.970068 0
    outer loop
      vertex 66.7804 43.1719 -5.6
      vertex 67.1611 43.2672 -1.6
      vertex 66.7804 43.1719 -1.6
    endloop
  endfacet
  facet normal 0.242835 -0.970068 0
    outer loop
      vertex 67.1611 43.2672 -1.6
      vertex 66.7804 43.1719 -5.6
      vertex 67.1611 43.2672 -5.6
    endloop
  endfacet
  facet normal 0.85774 0.514084 0
    outer loop
      vertex 69.5277 48.9806 -1.6
      vertex 69.3259 49.3173 -5.6
      vertex 69.3259 49.3173 -1.6
    endloop
  endfacet
  facet normal 0.85774 0.514084 0
    outer loop
      vertex 69.3259 49.3173 -5.6
      vertex 69.5277 48.9806 -1.6
      vertex 69.5277 48.9806 -5.6
    endloop
  endfacet
  facet normal 0.0491626 0.998791 -0
    outer loop
      vertex 66.3921 51.0757 -5.6
      vertex 66 51.095 -1.6
      vertex 66.3921 51.0757 -1.6
    endloop
  endfacet
  facet normal 0.0491626 0.998791 0
    outer loop
      vertex 66 51.095 -1.6
      vertex 66.3921 51.0757 -5.6
      vertex 66 51.095 -5.6
    endloop
  endfacet
  facet normal 0.242835 0.970068 -0
    outer loop
      vertex 67.1611 50.9228 -5.6
      vertex 66.7804 51.0181 -1.6
      vertex 67.1611 50.9228 -1.6
    endloop
  endfacet
  facet normal 0.242835 0.970068 0
    outer loop
      vertex 66.7804 51.0181 -1.6
      vertex 67.1611 50.9228 -5.6
      vertex 66.7804 51.0181 -5.6
    endloop
  endfacet
  facet normal 0.42744 0.904044 -0
    outer loop
      vertex 67.8856 50.6227 -5.6
      vertex 67.5307 50.7905 -1.6
      vertex 67.8856 50.6227 -1.6
    endloop
  endfacet
  facet normal 0.42744 0.904044 0
    outer loop
      vertex 67.5307 50.7905 -1.6
      vertex 67.8856 50.6227 -5.6
      vertex 67.5307 50.7905 -5.6
    endloop
  endfacet
  facet normal -0.803137 0.595794 0
    outer loop
      vertex 62.6741 49.3173 -5.6
      vertex 62.908 49.6326 -1.6
      vertex 62.908 49.6326 -5.6
    endloop
  endfacet
  facet normal -0.803137 0.595794 0
    outer loop
      vertex 62.908 49.6326 -1.6
      vertex 62.6741 49.3173 -5.6
      vertex 62.6741 49.3173 -1.6
    endloop
  endfacet
  facet normal 0 0 1
    outer loop
      vertex 67.7 47.095 -1.6
      vertex 70 47.095 -1.6
      vertex 69.9807 47.4871 -1.6
    endloop
  endfacet
  facet normal 0 0 1
    outer loop
      vertex 67.6918 47.2616 -1.6
      vertex 69.9807 47.4871 -1.6
      vertex 69.9231 47.8754 -1.6
    endloop
  endfacet
  facet normal 0 0 1
    outer loop
      vertex 70 47.095 -1.6
      vertex 67.7 47.095 -1.6
      vertex 69.9807 46.7029 -1.6
    endloop
  endfacet
  facet normal 0 0 1
    outer loop
      vertex 67.6673 47.4267 -1.6
      vertex 69.9231 47.8754 -1.6
      vertex 69.8278 48.2561 -1.6
    endloop
  endfacet
  facet normal -0 0 1
    outer loop
      vertex 67.6918 46.9284 -1.6
      vertex 69.9807 46.7029 -1.6
      vertex 67.7 47.095 -1.6
    endloop
  endfacet
  facet normal 0 0 1
    outer loop
      vertex 67.6268 47.5885 -1.6
      vertex 69.8278 48.2561 -1.6
      vertex 69.6955 48.6257 -1.6
    endloop
  endfacet
  facet normal 0 0 1
    outer loop
      vertex 69.9807 46.7029 -1.6
      vertex 67.6918 46.9284 -1.6
      vertex 69.9231 46.3146 -1.6
    endloop
  endfacet
  facet normal 0 0 1
    outer loop
      vertex 67.5706 47.7456 -1.6
      vertex 69.6955 48.6257 -1.6
      vertex 69.5277 48.9806 -1.6
    endloop
  endfacet
  facet normal -0 0 1
    outer loop
      vertex 67.6673 46.7633 -1.6
      vertex 69.9231 46.3146 -1.6
      vertex 67.6918 46.9284 -1.6
    endloop
  endfacet
  facet normal 0 0 1
    outer loop
      vertex 67.4993 47.8964 -1.6
      vertex 69.5277 48.9806 -1.6
      vertex 69.3259 49.3173 -1.6
    endloop
  endfacet
  facet normal 0 0 1
    outer loop
      vertex 69.9231 46.3146 -1.6
      vertex 67.6673 46.7633 -1.6
      vertex 69.8278 45.9339 -1.6
    endloop
  endfacet
  facet normal 0 0 1
    outer loop
      vertex 67.4135 48.0395 -1.6
      vertex 69.3259 49.3173 -1.6
      vertex 69.092 49.6326 -1.6
    endloop
  endfacet
  facet normal -0 0 1
    outer loop
      vertex 67.6268 46.6015 -1.6
      vertex 69.8278 45.9339 -1.6
      vertex 67.6673 46.7633 -1.6
    endloop
  endfacet
  facet normal 0 0 1
    outer loop
      vertex 67.3141 48.1735 -1.6
      vertex 69.092 49.6326 -1.6
      vertex 68.8284 49.9234 -1.6
    endloop
  endfacet
  facet normal 0 0 1
    outer loop
      vertex 69.8278 45.9339 -1.6
      vertex 67.6268 46.6015 -1.6
      vertex 69.6955 45.5643 -1.6
    endloop
  endfacet
  facet normal 0 0 1
    outer loop
      vertex 67.2021 48.2971 -1.6
      vertex 68.8284 49.9234 -1.6
      vertex 68.5376 50.187 -1.6
    endloop
  endfacet
  facet normal -0 0 1
    outer loop
      vertex 67.5706 46.4444 -1.6
      vertex 69.6955 45.5643 -1.6
      vertex 67.6268 46.6015 -1.6
    endloop
  endfacet
  facet normal 0 0 1
    outer loop
      vertex 67.0785 48.4091 -1.6
      vertex 68.5376 50.187 -1.6
      vertex 68.2223 50.4209 -1.6
    endloop
  endfacet
  facet normal 0 0 1
    outer loop
      vertex 69.6955 45.5643 -1.6
      vertex 67.5706 46.4444 -1.6
      vertex 69.5277 45.2094 -1.6
    endloop
  endfacet
  facet normal 0 0 1
    outer loop
      vertex 66.9445 48.5085 -1.6
      vertex 68.2223 50.4209 -1.6
      vertex 67.8856 50.6227 -1.6
    endloop
  endfacet
  facet normal -0 0 1
    outer loop
      vertex 67.4993 46.2936 -1.6
      vertex 69.5277 45.2094 -1.6
      vertex 67.5706 46.4444 -1.6
    endloop
  endfacet
  facet normal 0 0 1
    outer loop
      vertex 69.5277 45.2094 -1.6
      vertex 67.4993 46.2936 -1.6
      vertex 69.3259 44.8727 -1.6
    endloop
  endfacet
  facet normal 0 0 1
    outer loop
      vertex 69.9807 47.4871 -1.6
      vertex 67.6918 47.2616 -1.6
      vertex 67.7 47.095 -1.6
    endloop
  endfacet
  facet normal 0 0 1
    outer loop
      vertex 69.9231 47.8754 -1.6
      vertex 67.6673 47.4267 -1.6
      vertex 67.6918 47.2616 -1.6
    endloop
  endfacet
  facet normal 0 0 1
    outer loop
      vertex 69.8278 48.2561 -1.6
      vertex 67.6268 47.5885 -1.6
      vertex 67.6673 47.4267 -1.6
    endloop
  endfacet
  facet normal 0 0 1
    outer loop
      vertex 69.6955 48.6257 -1.6
      vertex 67.5706 47.7456 -1.6
      vertex 67.6268 47.5885 -1.6
    endloop
  endfacet
  facet normal 0 0 1
    outer loop
      vertex 66.8014 48.5943 -1.6
      vertex 67.8856 50.6227 -1.6
      vertex 67.5307 50.7905 -1.6
    endloop
  endfacet
  facet normal 0 0 1
    outer loop
      vertex 69.5277 48.9806 -1.6
      vertex 67.4993 47.8964 -1.6
      vertex 67.5706 47.7456 -1.6
    endloop
  endfacet
  facet normal 0 0 1
    outer loop
      vertex 69.3259 49.3173 -1.6
      vertex 67.4135 48.0395 -1.6
      vertex 67.4993 47.8964 -1.6
    endloop
  endfacet
  facet normal 0 0 1
    outer loop
      vertex 69.092 49.6326 -1.6
      vertex 67.3141 48.1735 -1.6
      vertex 67.4135 48.0395 -1.6
    endloop
  endfacet
  facet normal 0 0 1
    outer loop
      vertex 68.8284 49.9234 -1.6
      vertex 67.2021 48.2971 -1.6
      vertex 67.3141 48.1735 -1.6
    endloop
  endfacet
  facet normal 0 0 1
    outer loop
      vertex 66.6506 48.6656 -1.6
      vertex 67.5307 50.7905 -1.6
      vertex 67.1611 50.9228 -1.6
    endloop
  endfacet
  facet normal 0 0 1
    outer loop
      vertex 68.5376 50.187 -1.6
      vertex 67.0785 48.4091 -1.6
      vertex 67.2021 48.2971 -1.6
    endloop
  endfacet
  facet normal 0 0 1
    outer loop
      vertex 68.2223 50.4209 -1.6
      vertex 66.9445 48.5085 -1.6
      vertex 67.0785 48.4091 -1.6
    endloop
  endfacet
  facet normal 0 0 1
    outer loop
      vertex 67.8856 50.6227 -1.6
      vertex 66.8014 48.5943 -1.6
      vertex 66.9445 48.5085 -1.6
    endloop
  endfacet
  facet normal 0 0 1
    outer loop
      vertex 66.4935 48.7218 -1.6
      vertex 67.1611 50.9228 -1.6
      vertex 66.7804 51.0181 -1.6
    endloop
  endfacet
  facet normal 0 0 1
    outer loop
      vertex 67.5307 50.7905 -1.6
      vertex 66.6506 48.6656 -1.6
      vertex 66.8014 48.5943 -1.6
    endloop
  endfacet
  facet normal 0 0 1
    outer loop
      vertex 67.1611 50.9228 -1.6
      vertex 66.4935 48.7218 -1.6
      vertex 66.6506 48.6656 -1.6
    endloop
  endfacet
  facet normal 0 0 1
    outer loop
      vertex 66.3316 48.7623 -1.6
      vertex 66.7804 51.0181 -1.6
      vertex 66.3921 51.0757 -1.6
    endloop
  endfacet
  facet normal 0 0 1
    outer loop
      vertex 66.7804 51.0181 -1.6
      vertex 66.3316 48.7623 -1.6
      vertex 66.4935 48.7218 -1.6
    endloop
  endfacet
  facet normal 0 0 1
    outer loop
      vertex 66.3921 51.0757 -1.6
      vertex 66.1666 48.7868 -1.6
      vertex 66.3316 48.7623 -1.6
    endloop
  endfacet
  facet normal 0 0 1
    outer loop
      vertex 66 51.095 -1.6
      vertex 66.1666 48.7868 -1.6
      vertex 66.3921 51.0757 -1.6
    endloop
  endfacet
  facet normal 0 0 1
    outer loop
      vertex 66 51.095 -1.6
      vertex 66 48.795 -1.6
      vertex 66.1666 48.7868 -1.6
    endloop
  endfacet
  facet normal 0 0 1
    outer loop
      vertex 66 51.095 -1.6
      vertex 65.8334 48.7868 -1.6
      vertex 66 48.795 -1.6
    endloop
  endfacet
  facet normal -0 0 1
    outer loop
      vertex 65.6079 51.0757 -1.6
      vertex 65.8334 48.7868 -1.6
      vertex 66 51.095 -1.6
    endloop
  endfacet
  facet normal 0 0 1
    outer loop
      vertex 65.8334 48.7868 -1.6
      vertex 65.6079 51.0757 -1.6
      vertex 65.6684 48.7623 -1.6
    endloop
  endfacet
  facet normal -0 0 1
    outer loop
      vertex 65.2196 51.0181 -1.6
      vertex 65.6684 48.7623 -1.6
      vertex 65.6079 51.0757 -1.6
    endloop
  endfacet
  facet normal 0 0 1
    outer loop
      vertex 65.6684 48.7623 -1.6
      vertex 65.2196 51.0181 -1.6
      vertex 65.5065 48.7218 -1.6
    endloop
  endfacet
  facet normal -0 0 1
    outer loop
      vertex 64.8389 50.9228 -1.6
      vertex 65.5065 48.7218 -1.6
      vertex 65.2196 51.0181 -1.6
    endloop
  endfacet
  facet normal 0 0 1
    outer loop
      vertex 65.5065 48.7218 -1.6
      vertex 64.8389 50.9228 -1.6
      vertex 65.3494 48.6656 -1.6
    endloop
  endfacet
  facet normal -0 0 1
    outer loop
      vertex 64.4693 50.7905 -1.6
      vertex 65.3494 48.6656 -1.6
      vertex 64.8389 50.9228 -1.6
    endloop
  endfacet
  facet normal 0 0 1
    outer loop
      vertex 65.3494 48.6656 -1.6
      vertex 64.4693 50.7905 -1.6
      vertex 65.1986 48.5943 -1.6
    endloop
  endfacet
  facet normal -0 0 1
    outer loop
      vertex 64.1144 50.6227 -1.6
      vertex 65.1986 48.5943 -1.6
      vertex 64.4693 50.7905 -1.6
    endloop
  endfacet
  facet normal 0 0 1
    outer loop
      vertex 65.1986 48.5943 -1.6
      vertex 64.1144 50.6227 -1.6
      vertex 65.0555 48.5085 -1.6
    endloop
  endfacet
  facet normal -0 0 1
    outer loop
      vertex 63.7777 50.4209 -1.6
      vertex 65.0555 48.5085 -1.6
      vertex 64.1144 50.6227 -1.6
    endloop
  endfacet
  facet normal 0 0 1
    outer loop
      vertex 65.0555 48.5085 -1.6
      vertex 63.7777 50.4209 -1.6
      vertex 64.9215 48.4091 -1.6
    endloop
  endfacet
  facet normal -0 0 1
    outer loop
      vertex 63.4624 50.187 -1.6
      vertex 64.9215 48.4091 -1.6
      vertex 63.7777 50.4209 -1.6
    endloop
  endfacet
  facet normal 0 0 1
    outer loop
      vertex 64.9215 48.4091 -1.6
      vertex 63.4624 50.187 -1.6
      vertex 64.7979 48.2971 -1.6
    endloop
  endfacet
  facet normal -0 0 1
    outer loop
      vertex 63.1716 49.9234 -1.6
      vertex 64.7979 48.2971 -1.6
      vertex 63.4624 50.187 -1.6
    endloop
  endfacet
  facet normal 0 0 1
    outer loop
      vertex 64.7979 48.2971 -1.6
      vertex 63.1716 49.9234 -1.6
      vertex 64.6859 48.1735 -1.6
    endloop
  endfacet
  facet normal -0 0 1
    outer loop
      vertex 62.908 49.6326 -1.6
      vertex 64.6859 48.1735 -1.6
      vertex 63.1716 49.9234 -1.6
    endloop
  endfacet
  facet normal 0 0 1
    outer loop
      vertex 64.6859 48.1735 -1.6
      vertex 62.908 49.6326 -1.6
      vertex 64.5865 48.0395 -1.6
    endloop
  endfacet
  facet normal -0 0 1
    outer loop
      vertex 62.6741 49.3173 -1.6
      vertex 64.5865 48.0395 -1.6
      vertex 62.908 49.6326 -1.6
    endloop
  endfacet
  facet normal 0 0 1
    outer loop
      vertex 64.5865 48.0395 -1.6
      vertex 62.6741 49.3173 -1.6
      vertex 64.5007 47.8964 -1.6
    endloop
  endfacet
  facet normal -0 0 1
    outer loop
      vertex 67.4135 46.1505 -1.6
      vertex 69.3259 44.8727 -1.6
      vertex 67.4993 46.2936 -1.6
    endloop
  endfacet
  facet normal 0 0 1
    outer loop
      vertex 69.3259 44.8727 -1.6
      vertex 67.4135 46.1505 -1.6
      vertex 69.092 44.5574 -1.6
    endloop
  endfacet
  facet normal -0 0 1
    outer loop
      vertex 67.3141 46.0165 -1.6
      vertex 69.092 44.5574 -1.6
      vertex 67.4135 46.1505 -1.6
    endloop
  endfacet
  facet normal 0 0 1
    outer loop
      vertex 69.092 44.5574 -1.6
      vertex 67.3141 46.0165 -1.6
      vertex 68.8284 44.2666 -1.6
    endloop
  endfacet
  facet normal -0 0 1
    outer loop
      vertex 67.2021 45.8929 -1.6
      vertex 68.8284 44.2666 -1.6
      vertex 67.3141 46.0165 -1.6
    endloop
  endfacet
  facet normal 0 0 1
    outer loop
      vertex 68.8284 44.2666 -1.6
      vertex 67.2021 45.8929 -1.6
      vertex 68.5376 44.003 -1.6
    endloop
  endfacet
  facet normal -0 0 1
    outer loop
      vertex 67.0785 45.7809 -1.6
      vertex 68.5376 44.003 -1.6
      vertex 67.2021 45.8929 -1.6
    endloop
  endfacet
  facet normal 0 0 1
    outer loop
      vertex 68.5376 44.003 -1.6
      vertex 67.0785 45.7809 -1.6
      vertex 68.2223 43.7691 -1.6
    endloop
  endfacet
  facet normal -0 0 1
    outer loop
      vertex 66.9445 45.6815 -1.6
      vertex 68.2223 43.7691 -1.6
      vertex 67.0785 45.7809 -1.6
    endloop
  endfacet
  facet normal 0 0 1
    outer loop
      vertex 68.2223 43.7691 -1.6
      vertex 66.9445 45.6815 -1.6
      vertex 67.8856 43.5673 -1.6
    endloop
  endfacet
  facet normal -0 0 1
    outer loop
      vertex 66.8014 45.5957 -1.6
      vertex 67.8856 43.5673 -1.6
      vertex 66.9445 45.6815 -1.6
    endloop
  endfacet
  facet normal 0 0 1
    outer loop
      vertex 67.8856 43.5673 -1.6
      vertex 66.8014 45.5957 -1.6
      vertex 67.5307 43.3995 -1.6
    endloop
  endfacet
  facet normal -0 0 1
    outer loop
      vertex 66.6506 45.5244 -1.6
      vertex 67.5307 43.3995 -1.6
      vertex 66.8014 45.5957 -1.6
    endloop
  endfacet
  facet normal 0 0 1
    outer loop
      vertex 67.5307 43.3995 -1.6
      vertex 66.6506 45.5244 -1.6
      vertex 67.1611 43.2672 -1.6
    endloop
  endfacet
  facet normal -0 0 1
    outer loop
      vertex 66.4935 45.4682 -1.6
      vertex 67.1611 43.2672 -1.6
      vertex 66.6506 45.5244 -1.6
    endloop
  endfacet
  facet normal 0 0 1
    outer loop
      vertex 67.1611 43.2672 -1.6
      vertex 66.4935 45.4682 -1.6
      vertex 66.7804 43.1719 -1.6
    endloop
  endfacet
  facet normal -0 0 1
    outer loop
      vertex 66.3316 45.4277 -1.6
      vertex 66.7804 43.1719 -1.6
      vertex 66.4935 45.4682 -1.6
    endloop
  endfacet
  facet normal 0 0 1
    outer loop
      vertex 66.7804 43.1719 -1.6
      vertex 66.3316 45.4277 -1.6
      vertex 66.3921 43.1143 -1.6
    endloop
  endfacet
  facet normal -0 0 1
    outer loop
      vertex 66.1666 45.4032 -1.6
      vertex 66.3921 43.1143 -1.6
      vertex 66.3316 45.4277 -1.6
    endloop
  endfacet
  facet normal -0 0 1
    outer loop
      vertex 66 45.395 -1.6
      vertex 66.3921 43.1143 -1.6
      vertex 66.1666 45.4032 -1.6
    endloop
  endfacet
  facet normal 0 0 1
    outer loop
      vertex 66 45.395 -1.6
      vertex 66 43.095 -1.6
      vertex 66.3921 43.1143 -1.6
    endloop
  endfacet
  facet normal 0 0 1
    outer loop
      vertex 65.8334 45.4032 -1.6
      vertex 66 43.095 -1.6
      vertex 66 45.395 -1.6
    endloop
  endfacet
  facet normal 0 0 1
    outer loop
      vertex 65.6079 43.1143 -1.6
      vertex 65.8334 45.4032 -1.6
      vertex 65.6684 45.4277 -1.6
    endloop
  endfacet
  facet normal 0 0 1
    outer loop
      vertex 65.8334 45.4032 -1.6
      vertex 65.6079 43.1143 -1.6
      vertex 66 43.095 -1.6
    endloop
  endfacet
  facet normal 0 0 1
    outer loop
      vertex 65.2196 43.1719 -1.6
      vertex 65.6684 45.4277 -1.6
      vertex 65.5065 45.4682 -1.6
    endloop
  endfacet
  facet normal 0 0 1
    outer loop
      vertex 64.8389 43.2672 -1.6
      vertex 65.5065 45.4682 -1.6
      vertex 65.3494 45.5244 -1.6
    endloop
  endfacet
  facet normal 0 0 1
    outer loop
      vertex 65.6684 45.4277 -1.6
      vertex 65.2196 43.1719 -1.6
      vertex 65.6079 43.1143 -1.6
    endloop
  endfacet
  facet normal 0 0 1
    outer loop
      vertex 64.4693 43.3995 -1.6
      vertex 65.3494 45.5244 -1.6
      vertex 65.1986 45.5957 -1.6
    endloop
  endfacet
  facet normal 0 0 1
    outer loop
      vertex 64.1144 43.5673 -1.6
      vertex 65.1986 45.5957 -1.6
      vertex 65.0555 45.6815 -1.6
    endloop
  endfacet
  facet normal 0 0 1
    outer loop
      vertex 63.7777 43.7691 -1.6
      vertex 65.0555 45.6815 -1.6
      vertex 64.9215 45.7809 -1.6
    endloop
  endfacet
  facet normal 0 0 1
    outer loop
      vertex 65.5065 45.4682 -1.6
      vertex 64.8389 43.2672 -1.6
      vertex 65.2196 43.1719 -1.6
    endloop
  endfacet
  facet normal 0 0 1
    outer loop
      vertex 63.4624 44.003 -1.6
      vertex 64.9215 45.7809 -1.6
      vertex 64.7979 45.8929 -1.6
    endloop
  endfacet
  facet normal 0 0 1
    outer loop
      vertex 63.1716 44.2666 -1.6
      vertex 64.7979 45.8929 -1.6
      vertex 64.6859 46.0165 -1.6
    endloop
  endfacet
  facet normal 0 0 1
    outer loop
      vertex 62.908 44.5574 -1.6
      vertex 64.6859 46.0165 -1.6
      vertex 64.5865 46.1505 -1.6
    endloop
  endfacet
  facet normal 0 0 1
    outer loop
      vertex 62.6741 44.8727 -1.6
      vertex 64.5865 46.1505 -1.6
      vertex 64.5007 46.2936 -1.6
    endloop
  endfacet
  facet normal 0 0 1
    outer loop
      vertex 65.3494 45.5244 -1.6
      vertex 64.4693 43.3995 -1.6
      vertex 64.8389 43.2672 -1.6
    endloop
  endfacet
  facet normal 0 0 1
    outer loop
      vertex 62.4723 45.2094 -1.6
      vertex 64.5007 46.2936 -1.6
      vertex 64.4294 46.4444 -1.6
    endloop
  endfacet
  facet normal 0 0 1
    outer loop
      vertex 62.3045 45.5643 -1.6
      vertex 64.4294 46.4444 -1.6
      vertex 64.3732 46.6015 -1.6
    endloop
  endfacet
  facet normal 0 0 1
    outer loop
      vertex 62.1722 45.9339 -1.6
      vertex 64.3732 46.6015 -1.6
      vertex 64.3327 46.7633 -1.6
    endloop
  endfacet
  facet normal 0 0 1
    outer loop
      vertex 62.0769 46.3146 -1.6
      vertex 64.3327 46.7633 -1.6
      vertex 64.3082 46.9284 -1.6
    endloop
  endfacet
  facet normal 0 0 1
    outer loop
      vertex 62.0193 46.7029 -1.6
      vertex 64.3082 46.9284 -1.6
      vertex 64.3 47.095 -1.6
    endloop
  endfacet
  facet normal -0 0 1
    outer loop
      vertex 62.4723 48.9806 -1.6
      vertex 64.5007 47.8964 -1.6
      vertex 62.6741 49.3173 -1.6
    endloop
  endfacet
  facet normal 0 0 1
    outer loop
      vertex 65.1986 45.5957 -1.6
      vertex 64.1144 43.5673 -1.6
      vertex 64.4693 43.3995 -1.6
    endloop
  endfacet
  facet normal 0 0 1
    outer loop
      vertex 64.5007 47.8964 -1.6
      vertex 62.4723 48.9806 -1.6
      vertex 64.4294 47.7456 -1.6
    endloop
  endfacet
  facet normal 0 0 1
    outer loop
      vertex 65.0555 45.6815 -1.6
      vertex 63.7777 43.7691 -1.6
      vertex 64.1144 43.5673 -1.6
    endloop
  endfacet
  facet normal -0 0 1
    outer loop
      vertex 62.3045 48.6257 -1.6
      vertex 64.4294 47.7456 -1.6
      vertex 62.4723 48.9806 -1.6
    endloop
  endfacet
  facet normal 0 0 1
    outer loop
      vertex 64.9215 45.7809 -1.6
      vertex 63.4624 44.003 -1.6
      vertex 63.7777 43.7691 -1.6
    endloop
  endfacet
  facet normal 0 0 1
    outer loop
      vertex 64.4294 47.7456 -1.6
      vertex 62.3045 48.6257 -1.6
      vertex 64.3732 47.5885 -1.6
    endloop
  endfacet
  facet normal 0 0 1
    outer loop
      vertex 64.7979 45.8929 -1.6
      vertex 63.1716 44.2666 -1.6
      vertex 63.4624 44.003 -1.6
    endloop
  endfacet
  facet normal -0 0 1
    outer loop
      vertex 62.1722 48.2561 -1.6
      vertex 64.3732 47.5885 -1.6
      vertex 62.3045 48.6257 -1.6
    endloop
  endfacet
  facet normal 0 0 1
    outer loop
      vertex 64.6859 46.0165 -1.6
      vertex 62.908 44.5574 -1.6
      vertex 63.1716 44.2666 -1.6
    endloop
  endfacet
  facet normal 0 0 1
    outer loop
      vertex 64.3732 47.5885 -1.6
      vertex 62.1722 48.2561 -1.6
      vertex 64.3327 47.4267 -1.6
    endloop
  endfacet
  facet normal 0 0 1
    outer loop
      vertex 64.5865 46.1505 -1.6
      vertex 62.6741 44.8727 -1.6
      vertex 62.908 44.5574 -1.6
    endloop
  endfacet
  facet normal -0 0 1
    outer loop
      vertex 62.0769 47.8754 -1.6
      vertex 64.3327 47.4267 -1.6
      vertex 62.1722 48.2561 -1.6
    endloop
  endfacet
  facet normal 0 0 1
    outer loop
      vertex 64.5007 46.2936 -1.6
      vertex 62.4723 45.2094 -1.6
      vertex 62.6741 44.8727 -1.6
    endloop
  endfacet
  facet normal 0 0 1
    outer loop
      vertex 64.3327 47.4267 -1.6
      vertex 62.0769 47.8754 -1.6
      vertex 64.3082 47.2616 -1.6
    endloop
  endfacet
  facet normal 0 0 1
    outer loop
      vertex 64.4294 46.4444 -1.6
      vertex 62.3045 45.5643 -1.6
      vertex 62.4723 45.2094 -1.6
    endloop
  endfacet
  facet normal -0 0 1
    outer loop
      vertex 62.0193 47.4871 -1.6
      vertex 64.3082 47.2616 -1.6
      vertex 62.0769 47.8754 -1.6
    endloop
  endfacet
  facet normal 0 0 1
    outer loop
      vertex 64.3732 46.6015 -1.6
      vertex 62.1722 45.9339 -1.6
      vertex 62.3045 45.5643 -1.6
    endloop
  endfacet
  facet normal 0 0 1
    outer loop
      vertex 64.3082 47.2616 -1.6
      vertex 62.0193 47.4871 -1.6
      vertex 64.3 47.095 -1.6
    endloop
  endfacet
  facet normal 0 0 1
    outer loop
      vertex 64.3327 46.7633 -1.6
      vertex 62.0769 46.3146 -1.6
      vertex 62.1722 45.9339 -1.6
    endloop
  endfacet
  facet normal 0 0 1
    outer loop
      vertex 62 47.095 -1.6
      vertex 64.3 47.095 -1.6
      vertex 62.0193 47.4871 -1.6
    endloop
  endfacet
  facet normal 0 0 1
    outer loop
      vertex 64.3082 46.9284 -1.6
      vertex 62.0193 46.7029 -1.6
      vertex 62.0769 46.3146 -1.6
    endloop
  endfacet
  facet normal 0 0 1
    outer loop
      vertex 64.3 47.095 -1.6
      vertex 62 47.095 -1.6
      vertex 62.0193 46.7029 -1.6
    endloop
  endfacet
  facet normal -0.998791 0.0491626 0
    outer loop
      vertex 62 47.095 -5.6
      vertex 62.0193 47.4871 -1.6
      vertex 62.0193 47.4871 -5.6
    endloop
  endfacet
  facet normal -0.998791 0.0491626 0
    outer loop
      vertex 62.0193 47.4871 -1.6
      vertex 62 47.095 -5.6
      vertex 62 47.095 -1.6
    endloop
  endfacet
  facet normal -0.671607 0.740908 0
    outer loop
      vertex 63.4624 50.187 -5.6
      vertex 63.1716 49.9234 -1.6
      vertex 63.4624 50.187 -1.6
    endloop
  endfacet
  facet normal -0.671607 0.740908 0
    outer loop
      vertex 63.1716 49.9234 -1.6
      vertex 63.4624 50.187 -5.6
      vertex 63.1716 49.9234 -5.6
    endloop
  endfacet
  facet normal -0.514084 0.85774 0
    outer loop
      vertex 64.1144 50.6227 -5.6
      vertex 63.7777 50.4209 -1.6
      vertex 64.1144 50.6227 -1.6
    endloop
  endfacet
  facet normal -0.514084 0.85774 0
    outer loop
      vertex 63.7777 50.4209 -1.6
      vertex 64.1144 50.6227 -5.6
      vertex 63.7777 50.4209 -5.6
    endloop
  endfacet
  facet normal -0.337014 0.9415 0
    outer loop
      vertex 64.8389 50.9228 -5.6
      vertex 64.4693 50.7905 -1.6
      vertex 64.8389 50.9228 -1.6
    endloop
  endfacet
  facet normal -0.337014 0.9415 0
    outer loop
      vertex 64.4693 50.7905 -1.6
      vertex 64.8389 50.9228 -5.6
      vertex 64.4693 50.7905 -5.6
    endloop
  endfacet
  facet normal 0.9415 -0.337014 0
    outer loop
      vertex 69.6955 45.5643 -1.6
      vertex 69.8278 45.9339 -5.6
      vertex 69.8278 45.9339 -1.6
    endloop
  endfacet
  facet normal 0.9415 -0.337014 0
    outer loop
      vertex 69.8278 45.9339 -5.6
      vertex 69.6955 45.5643 -1.6
      vertex 69.6955 45.5643 -5.6
    endloop
  endfacet
  facet normal 0.970068 -0.242835 0
    outer loop
      vertex 69.8278 45.9339 -1.6
      vertex 69.9231 46.3146 -5.6
      vertex 69.9231 46.3146 -1.6
    endloop
  endfacet
  facet normal 0.970068 -0.242835 0
    outer loop
      vertex 69.9231 46.3146 -5.6
      vertex 69.8278 45.9339 -1.6
      vertex 69.8278 45.9339 -5.6
    endloop
  endfacet
  facet normal 0.989176 -0.146733 0
    outer loop
      vertex 69.9231 46.3146 -1.6
      vertex 69.9807 46.7029 -5.6
      vertex 69.9807 46.7029 -1.6
    endloop
  endfacet
  facet normal 0.989176 -0.146733 0
    outer loop
      vertex 69.9807 46.7029 -5.6
      vertex 69.9231 46.3146 -1.6
      vertex 69.9231 46.3146 -5.6
    endloop
  endfacet
  facet normal 0.671607 -0.740908 0
    outer loop
      vertex 68.5376 44.003 -5.6
      vertex 68.8284 44.2666 -1.6
      vertex 68.5376 44.003 -1.6
    endloop
  endfacet
  facet normal 0.671607 -0.740908 0
    outer loop
      vertex 68.8284 44.2666 -1.6
      vertex 68.5376 44.003 -5.6
      vertex 68.8284 44.2666 -5.6
    endloop
  endfacet
  facet normal 0.904044 -0.42744 0
    outer loop
      vertex 69.5277 45.2094 -1.6
      vertex 69.6955 45.5643 -5.6
      vertex 69.6955 45.5643 -1.6
    endloop
  endfacet
  facet normal 0.904044 -0.42744 0
    outer loop
      vertex 69.6955 45.5643 -5.6
      vertex 69.5277 45.2094 -1.6
      vertex 69.5277 45.2094 -5.6
    endloop
  endfacet
  facet normal -0.0491626 -0.998791 0
    outer loop
      vertex 65.6079 43.1143 -5.6
      vertex 66 43.095 -1.6
      vertex 65.6079 43.1143 -1.6
    endloop
  endfacet
  facet normal -0.0491626 -0.998791 -0
    outer loop
      vertex 66 43.095 -1.6
      vertex 65.6079 43.1143 -5.6
      vertex 66 43.095 -5.6
    endloop
  endfacet
  facet normal -0.514084 -0.85774 0
    outer loop
      vertex 63.7777 43.7691 -5.6
      vertex 64.1144 43.5673 -1.6
      vertex 63.7777 43.7691 -1.6
    endloop
  endfacet
  facet normal -0.514084 -0.85774 -0
    outer loop
      vertex 64.1144 43.5673 -1.6
      vertex 63.7777 43.7691 -5.6
      vertex 64.1144 43.5673 -5.6
    endloop
  endfacet
  facet normal -0.85774 -0.514084 0
    outer loop
      vertex 62.6741 44.8727 -5.6
      vertex 62.4723 45.2094 -1.6
      vertex 62.4723 45.2094 -5.6
    endloop
  endfacet
  facet normal -0.85774 -0.514084 0
    outer loop
      vertex 62.4723 45.2094 -1.6
      vertex 62.6741 44.8727 -5.6
      vertex 62.6741 44.8727 -1.6
    endloop
  endfacet
  facet normal -0.9415 -0.337014 0
    outer loop
      vertex 62.3045 45.5643 -5.6
      vertex 62.1722 45.9339 -1.6
      vertex 62.1722 45.9339 -5.6
    endloop
  endfacet
  facet normal -0.9415 -0.337014 0
    outer loop
      vertex 62.1722 45.9339 -1.6
      vertex 62.3045 45.5643 -5.6
      vertex 62.3045 45.5643 -1.6
    endloop
  endfacet
  facet normal -0.989176 -0.146733 0
    outer loop
      vertex 62.0769 46.3146 -5.6
      vertex 62.0193 46.7029 -1.6
      vertex 62.0193 46.7029 -5.6
    endloop
  endfacet
  facet normal -0.989176 -0.146733 0
    outer loop
      vertex 62.0193 46.7029 -1.6
      vertex 62.0769 46.3146 -5.6
      vertex 62.0769 46.3146 -1.6
    endloop
  endfacet
  facet normal 0.42744 -0.904044 0
    outer loop
      vertex 67.5307 43.3995 -5.6
      vertex 67.8856 43.5673 -1.6
      vertex 67.5307 43.3995 -1.6
    endloop
  endfacet
  facet normal 0.42744 -0.904044 0
    outer loop
      vertex 67.8856 43.5673 -1.6
      vertex 67.5307 43.3995 -5.6
      vertex 67.8856 43.5673 -5.6
    endloop
  endfacet
  facet normal 0.803137 -0.595794 0
    outer loop
      vertex 69.092 44.5574 -1.6
      vertex 69.3259 44.8727 -5.6
      vertex 69.3259 44.8727 -1.6
    endloop
  endfacet
  facet normal 0.803137 -0.595794 0
    outer loop
      vertex 69.3259 44.8727 -5.6
      vertex 69.092 44.5574 -1.6
      vertex 69.092 44.5574 -5.6
    endloop
  endfacet
  facet normal 0.514084 -0.85774 0
    outer loop
      vertex 67.8856 43.5673 -5.6
      vertex 68.2223 43.7691 -1.6
      vertex 67.8856 43.5673 -1.6
    endloop
  endfacet
  facet normal 0.514084 -0.85774 0
    outer loop
      vertex 68.2223 43.7691 -1.6
      vertex 67.8856 43.5673 -5.6
      vertex 68.2223 43.7691 -5.6
    endloop
  endfacet
  facet normal 0.0491626 -0.998791 0
    outer loop
      vertex 66 43.095 -5.6
      vertex 66.3921 43.1143 -1.6
      vertex 66 43.095 -1.6
    endloop
  endfacet
  facet normal 0.0491626 -0.998791 0
    outer loop
      vertex 66.3921 43.1143 -1.6
      vertex 66 43.095 -5.6
      vertex 66.3921 43.1143 -5.6
    endloop
  endfacet
  facet normal -0.42744 -0.904044 0
    outer loop
      vertex 64.1144 43.5673 -5.6
      vertex 64.4693 43.3995 -1.6
      vertex 64.1144 43.5673 -1.6
    endloop
  endfacet
  facet normal -0.42744 -0.904044 -0
    outer loop
      vertex 64.4693 43.3995 -1.6
      vertex 64.1144 43.5673 -5.6
      vertex 64.4693 43.3995 -5.6
    endloop
  endfacet
  facet normal -0.595794 -0.803137 0
    outer loop
      vertex 63.4624 44.003 -5.6
      vertex 63.7777 43.7691 -1.6
      vertex 63.4624 44.003 -1.6
    endloop
  endfacet
  facet normal -0.595794 -0.803137 -0
    outer loop
      vertex 63.7777 43.7691 -1.6
      vertex 63.4624 44.003 -5.6
      vertex 63.7777 43.7691 -5.6
    endloop
  endfacet
  facet normal -0.671607 -0.740908 0
    outer loop
      vertex 63.1716 44.2666 -5.6
      vertex 63.4624 44.003 -1.6
      vertex 63.1716 44.2666 -1.6
    endloop
  endfacet
  facet normal -0.671607 -0.740908 -0
    outer loop
      vertex 63.4624 44.003 -1.6
      vertex 63.1716 44.2666 -5.6
      vertex 63.4624 44.003 -5.6
    endloop
  endfacet
  facet normal -0.803137 -0.595794 0
    outer loop
      vertex 62.908 44.5574 -5.6
      vertex 62.6741 44.8727 -1.6
      vertex 62.6741 44.8727 -5.6
    endloop
  endfacet
  facet normal -0.803137 -0.595794 0
    outer loop
      vertex 62.6741 44.8727 -1.6
      vertex 62.908 44.5574 -5.6
      vertex 62.908 44.5574 -1.6
    endloop
  endfacet
  facet normal -0.970068 -0.242835 0
    outer loop
      vertex 62.1722 45.9339 -5.6
      vertex 62.0769 46.3146 -1.6
      vertex 62.0769 46.3146 -5.6
    endloop
  endfacet
  facet normal -0.970068 -0.242835 0
    outer loop
      vertex 62.0769 46.3146 -1.6
      vertex 62.1722 45.9339 -5.6
      vertex 62.1722 45.9339 -1.6
    endloop
  endfacet
  facet normal 0.595794 -0.803137 0
    outer loop
      vertex 68.2223 43.7691 -5.6
      vertex 68.5376 44.003 -1.6
      vertex 68.2223 43.7691 -1.6
    endloop
  endfacet
  facet normal 0.595794 -0.803137 0
    outer loop
      vertex 68.5376 44.003 -1.6
      vertex 68.2223 43.7691 -5.6
      vertex 68.5376 44.003 -5.6
    endloop
  endfacet
  facet normal 0.740908 -0.671607 0
    outer loop
      vertex 68.8284 44.2666 -1.6
      vertex 69.092 44.5574 -5.6
      vertex 69.092 44.5574 -1.6
    endloop
  endfacet
  facet normal 0.740908 -0.671607 0
    outer loop
      vertex 69.092 44.5574 -5.6
      vertex 68.8284 44.2666 -1.6
      vertex 68.8284 44.2666 -5.6
    endloop
  endfacet
  facet normal -0.146733 -0.989176 0
    outer loop
      vertex 65.2196 43.1719 -5.6
      vertex 65.6079 43.1143 -1.6
      vertex 65.2196 43.1719 -1.6
    endloop
  endfacet
  facet normal -0.146733 -0.989176 -0
    outer loop
      vertex 65.6079 43.1143 -1.6
      vertex 65.2196 43.1719 -5.6
      vertex 65.6079 43.1143 -5.6
    endloop
  endfacet
  facet normal -0.242835 -0.970068 0
    outer loop
      vertex 64.8389 43.2672 -5.6
      vertex 65.2196 43.1719 -1.6
      vertex 64.8389 43.2672 -1.6
    endloop
  endfacet
  facet normal -0.242835 -0.970068 -0
    outer loop
      vertex 65.2196 43.1719 -1.6
      vertex 64.8389 43.2672 -5.6
      vertex 65.2196 43.1719 -5.6
    endloop
  endfacet
  facet normal -0.337014 -0.9415 0
    outer loop
      vertex 64.4693 43.3995 -5.6
      vertex 64.8389 43.2672 -1.6
      vertex 64.4693 43.3995 -1.6
    endloop
  endfacet
  facet normal -0.337014 -0.9415 -0
    outer loop
      vertex 64.8389 43.2672 -1.6
      vertex 64.4693 43.3995 -5.6
      vertex 64.8389 43.2672 -5.6
    endloop
  endfacet
  facet normal -0.97004 -0.242945 0
    outer loop
      vertex 5.66733 4.33165 -6.11
      vertex 5.6268 4.49348 -1.6
      vertex 5.6268 4.49348 -6.11
    endloop
  endfacet
  facet normal -0.97004 -0.242945 0
    outer loop
      vertex 5.6268 4.49348 -1.6
      vertex 5.66733 4.33165 -6.11
      vertex 5.66733 4.33165 -1.6
    endloop
  endfacet
  facet normal -0.998794 -0.0490916 0
    outer loop
      vertex 5.7 4 -6.11
      vertex 5.69181 4.16663 -1.6
      vertex 5.69181 4.16663 -6.11
    endloop
  endfacet
  facet normal -0.998794 -0.0490916 0
    outer loop
      vertex 5.69181 4.16663 -1.6
      vertex 5.7 4 -6.11
      vertex 5.7 4 -1.6
    endloop
  endfacet
  facet normal 0.998794 -0.0490916 0
    outer loop
      vertex 2.3 4 -1.6
      vertex 2.30819 4.16663 -6.11
      vertex 2.30819 4.16663 -1.6
    endloop
  endfacet
  facet normal 0.998794 -0.0490916 0
    outer loop
      vertex 2.30819 4.16663 -6.11
      vertex 2.3 4 -1.6
      vertex 2.3 4 -6.11
    endloop
  endfacet
  facet normal -0.0490916 -0.998794 0
    outer loop
      vertex 4 5.7 -6.11
      vertex 4.16663 5.69181 -1.6
      vertex 4 5.7 -1.6
    endloop
  endfacet
  facet normal -0.0490916 -0.998794 -0
    outer loop
      vertex 4.16663 5.69181 -1.6
      vertex 4 5.7 -6.11
      vertex 4.16663 5.69181 -6.11
    endloop
  endfacet
  facet normal -0.67158 -0.740932 0
    outer loop
      vertex 5.07847 5.31412 -6.11
      vertex 5.20208 5.20208 -1.6
      vertex 5.07847 5.31412 -1.6
    endloop
  endfacet
  facet normal -0.67158 -0.740932 -0
    outer loop
      vertex 5.20208 5.20208 -1.6
      vertex 5.07847 5.31412 -6.11
      vertex 5.20208 5.20208 -6.11
    endloop
  endfacet
  facet normal 0.67158 -0.740932 0
    outer loop
      vertex 2.79792 5.20208 -6.11
      vertex 2.92153 5.31412 -1.6
      vertex 2.79792 5.20208 -1.6
    endloop
  endfacet
  facet normal 0.67158 -0.740932 0
    outer loop
      vertex 2.92153 5.31412 -1.6
      vertex 2.79792 5.20208 -6.11
      vertex 2.92153 5.31412 -6.11
    endloop
  endfacet
  facet normal 0.336921 -0.941533 0
    outer loop
      vertex 3.34944 5.57059 -6.11
      vertex 3.50652 5.6268 -1.6
      vertex 3.34944 5.57059 -1.6
    endloop
  endfacet
  facet normal 0.336921 -0.941533 0
    outer loop
      vertex 3.50652 5.6268 -1.6
      vertex 3.34944 5.57059 -6.11
      vertex 3.50652 5.6268 -6.11
    endloop
  endfacet
  facet normal 0.803211 0.595695 0
    outer loop
      vertex 2.68588 2.92153 -1.6
      vertex 2.5865 3.05553 -6.11
      vertex 2.5865 3.05553 -1.6
    endloop
  endfacet
  facet normal 0.803211 0.595695 0
    outer loop
      vertex 2.5865 3.05553 -6.11
      vertex 2.68588 2.92153 -1.6
      vertex 2.68588 2.92153 -6.11
    endloop
  endfacet
  facet normal -0.941533 -0.336921 0
    outer loop
      vertex 5.6268 4.49348 -6.11
      vertex 5.57059 4.65056 -1.6
      vertex 5.57059 4.65056 -6.11
    endloop
  endfacet
  facet normal -0.941533 -0.336921 0
    outer loop
      vertex 5.57059 4.65056 -1.6
      vertex 5.6268 4.49348 -6.11
      vertex 5.6268 4.49348 -1.6
    endloop
  endfacet
  facet normal -0.427517 -0.904007 0
    outer loop
      vertex 4.65056 5.57059 -6.11
      vertex 4.80137 5.49927 -1.6
      vertex 4.65056 5.57059 -1.6
    endloop
  endfacet
  facet normal -0.427517 -0.904007 -0
    outer loop
      vertex 4.80137 5.49927 -1.6
      vertex 4.65056 5.57059 -6.11
      vertex 4.80137 5.49927 -6.11
    endloop
  endfacet
  facet normal -0.595695 -0.803211 0
    outer loop
      vertex 4.94447 5.4135 -6.11
      vertex 5.07847 5.31412 -1.6
      vertex 4.94447 5.4135 -1.6
    endloop
  endfacet
  facet normal -0.595695 -0.803211 -0
    outer loop
      vertex 5.07847 5.31412 -1.6
      vertex 4.94447 5.4135 -6.11
      vertex 5.07847 5.31412 -6.11
    endloop
  endfacet
  facet normal 0.857731 -0.514099 0
    outer loop
      vertex 2.50073 4.80137 -1.6
      vertex 2.5865 4.94447 -6.11
      vertex 2.5865 4.94447 -1.6
    endloop
  endfacet
  facet normal 0.857731 -0.514099 0
    outer loop
      vertex 2.5865 4.94447 -6.11
      vertex 2.50073 4.80137 -1.6
      vertex 2.50073 4.80137 -6.11
    endloop
  endfacet
  facet normal 0.803211 -0.595695 0
    outer loop
      vertex 2.5865 4.94447 -1.6
      vertex 2.68588 5.07847 -6.11
      vertex 2.68588 5.07847 -1.6
    endloop
  endfacet
  facet normal 0.803211 -0.595695 0
    outer loop
      vertex 2.68588 5.07847 -6.11
      vertex 2.5865 4.94447 -1.6
      vertex 2.5865 4.94447 -6.11
    endloop
  endfacet
  facet normal -0.904007 0.427517 0
    outer loop
      vertex 5.49927 3.19863 -6.11
      vertex 5.57059 3.34944 -1.6
      vertex 5.57059 3.34944 -6.11
    endloop
  endfacet
  facet normal -0.904007 0.427517 0
    outer loop
      vertex 5.57059 3.34944 -1.6
      vertex 5.49927 3.19863 -6.11
      vertex 5.49927 3.19863 -1.6
    endloop
  endfacet
  facet normal -0.242945 0.97004 0
    outer loop
      vertex 4.49348 2.3732 -6.11
      vertex 4.33165 2.33267 -1.6
      vertex 4.49348 2.3732 -1.6
    endloop
  endfacet
  facet normal -0.242945 0.97004 0
    outer loop
      vertex 4.33165 2.33267 -1.6
      vertex 4.49348 2.3732 -6.11
      vertex 4.33165 2.33267 -6.11
    endloop
  endfacet
  facet normal -0.740932 0.67158 0
    outer loop
      vertex 5.20208 2.79792 -6.11
      vertex 5.31412 2.92153 -1.6
      vertex 5.31412 2.92153 -6.11
    endloop
  endfacet
  facet normal -0.740932 0.67158 0
    outer loop
      vertex 5.31412 2.92153 -1.6
      vertex 5.20208 2.79792 -6.11
      vertex 5.20208 2.79792 -1.6
    endloop
  endfacet
  facet normal -0.97004 0.242945 0
    outer loop
      vertex 5.6268 3.50652 -6.11
      vertex 5.66733 3.66835 -1.6
      vertex 5.66733 3.66835 -6.11
    endloop
  endfacet
  facet normal -0.97004 0.242945 0
    outer loop
      vertex 5.66733 3.66835 -1.6
      vertex 5.6268 3.50652 -6.11
      vertex 5.6268 3.50652 -1.6
    endloop
  endfacet
  facet normal 0.336921 0.941533 -0
    outer loop
      vertex 3.50652 2.3732 -6.11
      vertex 3.34944 2.42941 -1.6
      vertex 3.50652 2.3732 -1.6
    endloop
  endfacet
  facet normal 0.336921 0.941533 0
    outer loop
      vertex 3.34944 2.42941 -1.6
      vertex 3.50652 2.3732 -6.11
      vertex 3.34944 2.42941 -6.11
    endloop
  endfacet
  facet normal 0.514099 0.857731 -0
    outer loop
      vertex 3.19863 2.50073 -6.11
      vertex 3.05553 2.5865 -1.6
      vertex 3.19863 2.50073 -1.6
    endloop
  endfacet
  facet normal 0.514099 0.857731 0
    outer loop
      vertex 3.05553 2.5865 -1.6
      vertex 3.19863 2.50073 -6.11
      vertex 3.05553 2.5865 -6.11
    endloop
  endfacet
  facet normal -0.904007 -0.427517 0
    outer loop
      vertex 5.57059 4.65056 -6.11
      vertex 5.49927 4.80137 -1.6
      vertex 5.49927 4.80137 -6.11
    endloop
  endfacet
  facet normal -0.904007 -0.427517 0
    outer loop
      vertex 5.49927 4.80137 -1.6
      vertex 5.57059 4.65056 -6.11
      vertex 5.57059 4.65056 -1.6
    endloop
  endfacet
  facet normal -0.857731 -0.514099 0
    outer loop
      vertex 5.49927 4.80137 -6.11
      vertex 5.4135 4.94447 -1.6
      vertex 5.4135 4.94447 -6.11
    endloop
  endfacet
  facet normal -0.857731 -0.514099 0
    outer loop
      vertex 5.4135 4.94447 -1.6
      vertex 5.49927 4.80137 -6.11
      vertex 5.49927 4.80137 -1.6
    endloop
  endfacet
  facet normal -0.803211 -0.595695 0
    outer loop
      vertex 5.4135 4.94447 -6.11
      vertex 5.31412 5.07847 -1.6
      vertex 5.31412 5.07847 -6.11
    endloop
  endfacet
  facet normal -0.803211 -0.595695 0
    outer loop
      vertex 5.31412 5.07847 -1.6
      vertex 5.4135 4.94447 -6.11
      vertex 5.4135 4.94447 -1.6
    endloop
  endfacet
  facet normal -0.242945 -0.97004 0
    outer loop
      vertex 4.33165 5.66733 -6.11
      vertex 4.49348 5.6268 -1.6
      vertex 4.33165 5.66733 -1.6
    endloop
  endfacet
  facet normal -0.242945 -0.97004 -0
    outer loop
      vertex 4.49348 5.6268 -1.6
      vertex 4.33165 5.66733 -6.11
      vertex 4.49348 5.6268 -6.11
    endloop
  endfacet
  facet normal -0.514099 -0.857731 0
    outer loop
      vertex 4.80137 5.49927 -6.11
      vertex 4.94447 5.4135 -1.6
      vertex 4.80137 5.49927 -1.6
    endloop
  endfacet
  facet normal -0.514099 -0.857731 -0
    outer loop
      vertex 4.94447 5.4135 -1.6
      vertex 4.80137 5.49927 -6.11
      vertex 4.94447 5.4135 -6.11
    endloop
  endfacet
  facet normal 0.904007 -0.427517 0
    outer loop
      vertex 2.42941 4.65056 -1.6
      vertex 2.50073 4.80137 -6.11
      vertex 2.50073 4.80137 -1.6
    endloop
  endfacet
  facet normal 0.904007 -0.427517 0
    outer loop
      vertex 2.50073 4.80137 -6.11
      vertex 2.42941 4.65056 -1.6
      vertex 2.42941 4.65056 -6.11
    endloop
  endfacet
  facet normal 0.97004 -0.242945 0
    outer loop
      vertex 2.33267 4.33165 -1.6
      vertex 2.3732 4.49348 -6.11
      vertex 2.3732 4.49348 -1.6
    endloop
  endfacet
  facet normal 0.97004 -0.242945 0
    outer loop
      vertex 2.3732 4.49348 -6.11
      vertex 2.33267 4.33165 -1.6
      vertex 2.33267 4.33165 -6.11
    endloop
  endfacet
  facet normal 0.514099 -0.857731 0
    outer loop
      vertex 3.05553 5.4135 -6.11
      vertex 3.19863 5.49927 -1.6
      vertex 3.05553 5.4135 -1.6
    endloop
  endfacet
  facet normal 0.514099 -0.857731 0
    outer loop
      vertex 3.19863 5.49927 -1.6
      vertex 3.05553 5.4135 -6.11
      vertex 3.19863 5.49927 -6.11
    endloop
  endfacet
  facet normal 0.0490916 -0.998794 0
    outer loop
      vertex 3.83337 5.69181 -6.11
      vertex 4 5.7 -1.6
      vertex 3.83337 5.69181 -1.6
    endloop
  endfacet
  facet normal 0.0490916 -0.998794 0
    outer loop
      vertex 4 5.7 -1.6
      vertex 3.83337 5.69181 -6.11
      vertex 4 5.7 -6.11
    endloop
  endfacet
  facet normal 0.14674 -0.989175 0
    outer loop
      vertex 3.66835 5.66733 -6.11
      vertex 3.83337 5.69181 -1.6
      vertex 3.66835 5.66733 -1.6
    endloop
  endfacet
  facet normal 0.14674 -0.989175 0
    outer loop
      vertex 3.83337 5.69181 -1.6
      vertex 3.66835 5.66733 -6.11
      vertex 3.83337 5.69181 -6.11
    endloop
  endfacet
  facet normal -0.0490916 0.998794 0
    outer loop
      vertex 4.16663 2.30819 -6.11
      vertex 4 2.3 -1.6
      vertex 4.16663 2.30819 -1.6
    endloop
  endfacet
  facet normal -0.0490916 0.998794 0
    outer loop
      vertex 4 2.3 -1.6
      vertex 4.16663 2.30819 -6.11
      vertex 4 2.3 -6.11
    endloop
  endfacet
  facet normal -0.14674 0.989175 0
    outer loop
      vertex 4.33165 2.33267 -6.11
      vertex 4.16663 2.30819 -1.6
      vertex 4.33165 2.33267 -1.6
    endloop
  endfacet
  facet normal -0.14674 0.989175 0
    outer loop
      vertex 4.16663 2.30819 -1.6
      vertex 4.33165 2.33267 -6.11
      vertex 4.16663 2.30819 -6.11
    endloop
  endfacet
  facet normal -0.514099 0.857731 0
    outer loop
      vertex 4.94447 2.5865 -6.11
      vertex 4.80137 2.50073 -1.6
      vertex 4.94447 2.5865 -1.6
    endloop
  endfacet
  facet normal -0.514099 0.857731 0
    outer loop
      vertex 4.80137 2.50073 -1.6
      vertex 4.94447 2.5865 -6.11
      vertex 4.80137 2.50073 -6.11
    endloop
  endfacet
  facet normal -0.67158 0.740932 0
    outer loop
      vertex 5.20208 2.79792 -6.11
      vertex 5.07847 2.68588 -1.6
      vertex 5.20208 2.79792 -1.6
    endloop
  endfacet
  facet normal -0.67158 0.740932 0
    outer loop
      vertex 5.07847 2.68588 -1.6
      vertex 5.20208 2.79792 -6.11
      vertex 5.07847 2.68588 -6.11
    endloop
  endfacet
  facet normal -0.595695 0.803211 0
    outer loop
      vertex 5.07847 2.68588 -6.11
      vertex 4.94447 2.5865 -1.6
      vertex 5.07847 2.68588 -1.6
    endloop
  endfacet
  facet normal -0.595695 0.803211 0
    outer loop
      vertex 4.94447 2.5865 -1.6
      vertex 5.07847 2.68588 -6.11
      vertex 4.94447 2.5865 -6.11
    endloop
  endfacet
  facet normal -0.803211 0.595695 0
    outer loop
      vertex 5.31412 2.92153 -6.11
      vertex 5.4135 3.05553 -1.6
      vertex 5.4135 3.05553 -6.11
    endloop
  endfacet
  facet normal -0.803211 0.595695 0
    outer loop
      vertex 5.4135 3.05553 -1.6
      vertex 5.31412 2.92153 -6.11
      vertex 5.31412 2.92153 -1.6
    endloop
  endfacet
  facet normal -0.857731 0.514099 0
    outer loop
      vertex 5.4135 3.05553 -6.11
      vertex 5.49927 3.19863 -1.6
      vertex 5.49927 3.19863 -6.11
    endloop
  endfacet
  facet normal -0.857731 0.514099 0
    outer loop
      vertex 5.49927 3.19863 -1.6
      vertex 5.4135 3.05553 -6.11
      vertex 5.4135 3.05553 -1.6
    endloop
  endfacet
  facet normal 0.14674 0.989175 -0
    outer loop
      vertex 3.83337 2.30819 -6.11
      vertex 3.66835 2.33267 -1.6
      vertex 3.83337 2.30819 -1.6
    endloop
  endfacet
  facet normal 0.14674 0.989175 0
    outer loop
      vertex 3.66835 2.33267 -1.6
      vertex 3.83337 2.30819 -6.11
      vertex 3.66835 2.33267 -6.11
    endloop
  endfacet
  facet normal 0.67158 0.740932 -0
    outer loop
      vertex 2.92153 2.68588 -6.11
      vertex 2.79792 2.79792 -1.6
      vertex 2.92153 2.68588 -1.6
    endloop
  endfacet
  facet normal 0.67158 0.740932 0
    outer loop
      vertex 2.79792 2.79792 -1.6
      vertex 2.92153 2.68588 -6.11
      vertex 2.79792 2.79792 -6.11
    endloop
  endfacet
  facet normal 0.427517 0.904007 -0
    outer loop
      vertex 3.34944 2.42941 -6.11
      vertex 3.19863 2.50073 -1.6
      vertex 3.34944 2.42941 -1.6
    endloop
  endfacet
  facet normal 0.427517 0.904007 0
    outer loop
      vertex 3.19863 2.50073 -1.6
      vertex 3.34944 2.42941 -6.11
      vertex 3.19863 2.50073 -6.11
    endloop
  endfacet
  facet normal 0.0490916 0.998794 -0
    outer loop
      vertex 4 2.3 -6.11
      vertex 3.83337 2.30819 -1.6
      vertex 4 2.3 -1.6
    endloop
  endfacet
  facet normal 0.0490916 0.998794 0
    outer loop
      vertex 3.83337 2.30819 -1.6
      vertex 4 2.3 -6.11
      vertex 3.83337 2.30819 -6.11
    endloop
  endfacet
  facet normal 0.595695 0.803211 -0
    outer loop
      vertex 3.05553 2.5865 -6.11
      vertex 2.92153 2.68588 -1.6
      vertex 3.05553 2.5865 -1.6
    endloop
  endfacet
  facet normal 0.595695 0.803211 0
    outer loop
      vertex 2.92153 2.68588 -1.6
      vertex 3.05553 2.5865 -6.11
      vertex 2.92153 2.68588 -6.11
    endloop
  endfacet
  facet normal 0.740932 0.67158 0
    outer loop
      vertex 2.79792 2.79792 -1.6
      vertex 2.68588 2.92153 -6.11
      vertex 2.68588 2.92153 -1.6
    endloop
  endfacet
  facet normal 0.740932 0.67158 0
    outer loop
      vertex 2.68588 2.92153 -6.11
      vertex 2.79792 2.79792 -1.6
      vertex 2.79792 2.79792 -6.11
    endloop
  endfacet
  facet normal 0.904007 0.427517 0
    outer loop
      vertex 2.50073 3.19863 -1.6
      vertex 2.42941 3.34944 -6.11
      vertex 2.42941 3.34944 -1.6
    endloop
  endfacet
  facet normal 0.904007 0.427517 0
    outer loop
      vertex 2.42941 3.34944 -6.11
      vertex 2.50073 3.19863 -1.6
      vertex 2.50073 3.19863 -6.11
    endloop
  endfacet
  facet normal 0.97004 0.242945 0
    outer loop
      vertex 2.3732 3.50652 -1.6
      vertex 2.33267 3.66835 -6.11
      vertex 2.33267 3.66835 -1.6
    endloop
  endfacet
  facet normal 0.97004 0.242945 0
    outer loop
      vertex 2.33267 3.66835 -6.11
      vertex 2.3732 3.50652 -1.6
      vertex 2.3732 3.50652 -6.11
    endloop
  endfacet
  facet normal 0.998794 0.0490916 0
    outer loop
      vertex 2.30819 3.83337 -1.6
      vertex 2.3 4 -6.11
      vertex 2.3 4 -1.6
    endloop
  endfacet
  facet normal 0.998794 0.0490916 0
    outer loop
      vertex 2.3 4 -6.11
      vertex 2.30819 3.83337 -1.6
      vertex 2.30819 3.83337 -6.11
    endloop
  endfacet
  facet normal 0.941533 0.336921 0
    outer loop
      vertex 2.42941 3.34944 -1.6
      vertex 2.3732 3.50652 -6.11
      vertex 2.3732 3.50652 -1.6
    endloop
  endfacet
  facet normal 0.941533 0.336921 0
    outer loop
      vertex 2.3732 3.50652 -6.11
      vertex 2.42941 3.34944 -1.6
      vertex 2.42941 3.34944 -6.11
    endloop
  endfacet
  facet normal -0.989175 -0.14674 0
    outer loop
      vertex 5.69181 4.16663 -6.11
      vertex 5.66733 4.33165 -1.6
      vertex 5.66733 4.33165 -6.11
    endloop
  endfacet
  facet normal -0.989175 -0.14674 0
    outer loop
      vertex 5.66733 4.33165 -1.6
      vertex 5.69181 4.16663 -6.11
      vertex 5.69181 4.16663 -1.6
    endloop
  endfacet
  facet normal -0.740932 -0.67158 0
    outer loop
      vertex 5.31412 5.07847 -6.11
      vertex 5.20208 5.20208 -1.6
      vertex 5.20208 5.20208 -6.11
    endloop
  endfacet
  facet normal -0.740932 -0.67158 0
    outer loop
      vertex 5.20208 5.20208 -1.6
      vertex 5.31412 5.07847 -6.11
      vertex 5.31412 5.07847 -1.6
    endloop
  endfacet
  facet normal -0.14674 -0.989175 0
    outer loop
      vertex 4.16663 5.69181 -6.11
      vertex 4.33165 5.66733 -1.6
      vertex 4.16663 5.69181 -1.6
    endloop
  endfacet
  facet normal -0.14674 -0.989175 -0
    outer loop
      vertex 4.33165 5.66733 -1.6
      vertex 4.16663 5.69181 -6.11
      vertex 4.33165 5.66733 -6.11
    endloop
  endfacet
  facet normal -0.336921 -0.941533 0
    outer loop
      vertex 4.49348 5.6268 -6.11
      vertex 4.65056 5.57059 -1.6
      vertex 4.49348 5.6268 -1.6
    endloop
  endfacet
  facet normal -0.336921 -0.941533 -0
    outer loop
      vertex 4.65056 5.57059 -1.6
      vertex 4.49348 5.6268 -6.11
      vertex 4.65056 5.57059 -6.11
    endloop
  endfacet
  facet normal 0.740932 -0.67158 0
    outer loop
      vertex 2.68588 5.07847 -1.6
      vertex 2.79792 5.20208 -6.11
      vertex 2.79792 5.20208 -1.6
    endloop
  endfacet
  facet normal 0.740932 -0.67158 0
    outer loop
      vertex 2.79792 5.20208 -6.11
      vertex 2.68588 5.07847 -1.6
      vertex 2.68588 5.07847 -6.11
    endloop
  endfacet
  facet normal 0.989175 -0.14674 0
    outer loop
      vertex 2.30819 4.16663 -1.6
      vertex 2.33267 4.33165 -6.11
      vertex 2.33267 4.33165 -1.6
    endloop
  endfacet
  facet normal 0.989175 -0.14674 0
    outer loop
      vertex 2.33267 4.33165 -6.11
      vertex 2.30819 4.16663 -1.6
      vertex 2.30819 4.16663 -6.11
    endloop
  endfacet
  facet normal 0.941533 -0.336921 0
    outer loop
      vertex 2.3732 4.49348 -1.6
      vertex 2.42941 4.65056 -6.11
      vertex 2.42941 4.65056 -1.6
    endloop
  endfacet
  facet normal 0.941533 -0.336921 0
    outer loop
      vertex 2.42941 4.65056 -6.11
      vertex 2.3732 4.49348 -1.6
      vertex 2.3732 4.49348 -6.11
    endloop
  endfacet
  facet normal 0.595695 -0.803211 0
    outer loop
      vertex 2.92153 5.31412 -6.11
      vertex 3.05553 5.4135 -1.6
      vertex 2.92153 5.31412 -1.6
    endloop
  endfacet
  facet normal 0.595695 -0.803211 0
    outer loop
      vertex 3.05553 5.4135 -1.6
      vertex 2.92153 5.31412 -6.11
      vertex 3.05553 5.4135 -6.11
    endloop
  endfacet
  facet normal 0.427517 -0.904007 0
    outer loop
      vertex 3.19863 5.49927 -6.11
      vertex 3.34944 5.57059 -1.6
      vertex 3.19863 5.49927 -1.6
    endloop
  endfacet
  facet normal 0.427517 -0.904007 0
    outer loop
      vertex 3.34944 5.57059 -1.6
      vertex 3.19863 5.49927 -6.11
      vertex 3.34944 5.57059 -6.11
    endloop
  endfacet
  facet normal 0.242945 -0.97004 0
    outer loop
      vertex 3.50652 5.6268 -6.11
      vertex 3.66835 5.66733 -1.6
      vertex 3.50652 5.6268 -1.6
    endloop
  endfacet
  facet normal 0.242945 -0.97004 0
    outer loop
      vertex 3.66835 5.66733 -1.6
      vertex 3.50652 5.6268 -6.11
      vertex 3.66835 5.66733 -6.11
    endloop
  endfacet
  facet normal -0.427517 0.904007 0
    outer loop
      vertex 4.80137 2.50073 -6.11
      vertex 4.65056 2.42941 -1.6
      vertex 4.80137 2.50073 -1.6
    endloop
  endfacet
  facet normal -0.427517 0.904007 0
    outer loop
      vertex 4.65056 2.42941 -1.6
      vertex 4.80137 2.50073 -6.11
      vertex 4.65056 2.42941 -6.11
    endloop
  endfacet
  facet normal -0.941533 0.336921 0
    outer loop
      vertex 5.57059 3.34944 -6.11
      vertex 5.6268 3.50652 -1.6
      vertex 5.6268 3.50652 -6.11
    endloop
  endfacet
  facet normal -0.941533 0.336921 0
    outer loop
      vertex 5.6268 3.50652 -1.6
      vertex 5.57059 3.34944 -6.11
      vertex 5.57059 3.34944 -1.6
    endloop
  endfacet
  facet normal -0.989175 0.14674 0
    outer loop
      vertex 5.66733 3.66835 -6.11
      vertex 5.69181 3.83337 -1.6
      vertex 5.69181 3.83337 -6.11
    endloop
  endfacet
  facet normal -0.989175 0.14674 0
    outer loop
      vertex 5.69181 3.83337 -1.6
      vertex 5.66733 3.66835 -6.11
      vertex 5.66733 3.66835 -1.6
    endloop
  endfacet
  facet normal -0.998794 0.0490916 0
    outer loop
      vertex 5.69181 3.83337 -6.11
      vertex 5.7 4 -1.6
      vertex 5.7 4 -6.11
    endloop
  endfacet
  facet normal -0.998794 0.0490916 0
    outer loop
      vertex 5.7 4 -1.6
      vertex 5.69181 3.83337 -6.11
      vertex 5.69181 3.83337 -1.6
    endloop
  endfacet
  facet normal 0.242945 0.97004 -0
    outer loop
      vertex 3.66835 2.33267 -6.11
      vertex 3.50652 2.3732 -1.6
      vertex 3.66835 2.33267 -1.6
    endloop
  endfacet
  facet normal 0.242945 0.97004 0
    outer loop
      vertex 3.50652 2.3732 -1.6
      vertex 3.66835 2.33267 -6.11
      vertex 3.50652 2.3732 -6.11
    endloop
  endfacet
  facet normal 0.857731 0.514099 0
    outer loop
      vertex 2.5865 3.05553 -1.6
      vertex 2.50073 3.19863 -6.11
      vertex 2.50073 3.19863 -1.6
    endloop
  endfacet
  facet normal 0.857731 0.514099 0
    outer loop
      vertex 2.50073 3.19863 -6.11
      vertex 2.5865 3.05553 -1.6
      vertex 2.5865 3.05553 -6.11
    endloop
  endfacet
  facet normal 0.989175 0.14674 0
    outer loop
      vertex 2.33267 3.66835 -1.6
      vertex 2.30819 3.83337 -6.11
      vertex 2.30819 3.83337 -1.6
    endloop
  endfacet
  facet normal 0.989175 0.14674 0
    outer loop
      vertex 2.30819 3.83337 -6.11
      vertex 2.33267 3.66835 -1.6
      vertex 2.33267 3.66835 -6.11
    endloop
  endfacet
  facet normal -0.336921 0.941533 0
    outer loop
      vertex 4.65056 2.42941 -6.11
      vertex 4.49348 2.3732 -1.6
      vertex 4.65056 2.42941 -1.6
    endloop
  endfacet
  facet normal -0.336921 0.941533 0
    outer loop
      vertex 4.49348 2.3732 -1.6
      vertex 4.65056 2.42941 -6.11
      vertex 4.49348 2.3732 -6.11
    endloop
  endfacet
  facet normal -0.70668 -0.0347261 -0.70668
    outer loop
      vertex 7.17469 4.31156 -7.6
      vertex 7.19 4 -7.6
      vertex 5.7 4 -6.11
    endloop
  endfacet
  facet normal -0.699874 -0.103812 -0.706682
    outer loop
      vertex 7.12887 4.62124 -7.6
      vertex 7.17464 4.31267 -7.6
      vertex 5.69181 4.16663 -6.11
    endloop
  endfacet
  facet normal 0.0347193 0.70668 -0.70668
    outer loop
      vertex 4 2.3 -6.11
      vertex 4 0.81 -7.6
      vertex 3.68844 0.825307 -7.6
    endloop
  endfacet
  facet normal -0.47747 -0.522033 -0.706756
    outer loop
      vertex 5.20208 5.20208 -6.11
      vertex 6.25485 6.25642 -7.6
      vertex 6.25567 6.25567 -7.6
    endloop
  endfacet
  facet normal -0.475164 -0.524232 -0.706683
    outer loop
      vertex 6.25485 6.25642 -7.6
      vertex 5.20208 5.20208 -6.11
      vertex 5.07847 5.31412 -6.11
    endloop
  endfacet
  facet normal 0.568287 -0.421492 -0.706679
    outer loop
      vertex 1.5341 6.02371 -7.6
      vertex 2.68588 5.07847 -6.11
      vertex 1.34827 5.77316 -7.6
    endloop
  endfacet
  facet normal 0.524232 -0.475164 -0.706683
    outer loop
      vertex 1.74358 6.25485 -7.6
      vertex 2.79792 5.20208 -6.11
      vertex 2.68588 5.07847 -6.11
    endloop
  endfacet
  facet normal 0.522033 -0.47747 -0.706756
    outer loop
      vertex 2.79792 5.20208 -6.11
      vertex 1.74358 6.25485 -7.6
      vertex 1.74433 6.25567 -7.6
    endloop
  endfacet
  facet normal 0.70668 -0.0347193 -0.70668
    outer loop
      vertex 0.825307 4.31156 -7.6
      vertex 2.3 4 -6.11
      vertex 0.81 4 -7.6
    endloop
  endfacet
  facet normal 0.666177 0.238346 -0.706682
    outer loop
      vertex 2.42941 3.34944 -6.11
      vertex 1.05282 2.77924 -7.6
      vertex 0.947736 3.07295 -7.6
    endloop
  endfacet
  facet normal -0.6864 -0.1716 -0.706689
    outer loop
      vertex 5.66733 4.33165 -6.11
      vertex 7.12843 4.62342 -7.6
      vertex 7.1287 4.62234 -7.6
    endloop
  endfacet
  facet normal -0.686334 -0.171891 -0.706682
    outer loop
      vertex 7.12843 4.62342 -7.6
      vertex 5.66733 4.33165 -6.11
      vertex 5.6268 4.49348 -6.11
    endloop
  endfacet
  facet normal -0.524263 0.475135 -0.706679
    outer loop
      vertex 6.4659 1.97629 -7.6
      vertex 6.25642 1.74515 -7.6
      vertex 5.31412 2.92153 -6.11
    endloop
  endfacet
  facet normal -0.6864 0.1716 -0.706689
    outer loop
      vertex 7.12843 3.37658 -7.6
      vertex 5.66733 3.66835 -6.11
      vertex 7.1287 3.37766 -7.6
    endloop
  endfacet
  facet normal -0.686334 0.171891 -0.706682
    outer loop
      vertex 5.66733 3.66835 -6.11
      vertex 7.12843 3.37658 -7.6
      vertex 5.6268 3.50652 -6.11
    endloop
  endfacet
  facet normal -0.238338 -0.66618 -0.706682
    outer loop
      vertex 4.92705 7.05226 -7.6
      vertex 5.22076 6.94718 -7.6
      vertex 4.65056 5.57059 -6.11
    endloop
  endfacet
  facet normal -0.363746 -0.606871 -0.70668
    outer loop
      vertex 5.50375 6.81333 -7.6
      vertex 5.77131 6.65296 -7.6
      vertex 4.80137 5.49927 -6.11
    endloop
  endfacet
  facet normal -0.238383 -0.666167 -0.706678
    outer loop
      vertex 4.49348 5.6268 -6.11
      vertex 4.92705 7.05226 -7.6
      vertex 4.65056 5.57059 -6.11
    endloop
  endfacet
  facet normal -0.242863 -0.664677 -0.706556
    outer loop
      vertex 4.92705 7.05226 -7.6
      vertex 4.49348 5.6268 -6.11
      vertex 4.92601 7.05264 -7.6
    endloop
  endfacet
  facet normal -0.0347261 -0.70668 -0.70668
    outer loop
      vertex 4 7.19 -7.6
      vertex 4.31156 7.17469 -7.6
      vertex 4 5.7 -6.11
    endloop
  endfacet
  facet normal 0.639613 -0.302481 -0.706683
    outer loop
      vertex 2.42941 4.65056 -6.11
      vertex 1.0533 5.22177 -7.6
      vertex 2.50073 4.80137 -6.11
    endloop
  endfacet
  facet normal 0.639065 -0.303714 -0.70665
    outer loop
      vertex 1.0533 5.22177 -7.6
      vertex 2.42941 4.65056 -6.11
      vertex 1.05282 5.22076 -7.6
    endloop
  endfacet
  facet normal 0.475164 0.524232 -0.706683
    outer loop
      vertex 1.74515 1.74358 -7.6
      vertex 2.79792 2.79792 -6.11
      vertex 2.92153 2.68588 -6.11
    endloop
  endfacet
  facet normal 0.47747 0.522033 -0.706756
    outer loop
      vertex 2.79792 2.79792 -6.11
      vertex 1.74515 1.74358 -7.6
      vertex 1.74433 1.74433 -7.6
    endloop
  endfacet
  facet normal -0.606874 -0.363742 -0.706679
    outer loop
      vertex 5.4135 4.94447 -6.11
      vertex 6.65296 5.77131 -7.6
      vertex 5.49927 4.80137 -6.11
    endloop
  endfacet
  facet normal -0.60844 -0.361261 -0.706605
    outer loop
      vertex 6.65296 5.77131 -7.6
      vertex 5.4135 4.94447 -6.11
      vertex 6.65239 5.77227 -7.6
    endloop
  endfacet
  facet normal -0.238346 0.666177 -0.706682
    outer loop
      vertex 5.22076 1.05282 -7.6
      vertex 4.92705 0.947736 -7.6
      vertex 4.65056 2.42941 -6.11
    endloop
  endfacet
  facet normal -0.6396 0.302516 -0.70668
    outer loop
      vertex 6.9467 2.77823 -7.6
      vertex 6.81333 2.49625 -7.6
      vertex 5.49927 3.19863 -6.11
    endloop
  endfacet
  facet normal -0.66618 0.238338 -0.706682
    outer loop
      vertex 7.05226 3.07295 -7.6
      vertex 6.94718 2.77924 -7.6
      vertex 5.57059 3.34944 -6.11
    endloop
  endfacet
  facet normal -0.70668 0.0347261 -0.70668
    outer loop
      vertex 7.19 4 -7.6
      vertex 7.17469 3.68844 -7.6
      vertex 5.7 4 -6.11
    endloop
  endfacet
  facet normal -0.171906 -0.686332 -0.70668
    outer loop
      vertex 4.62342 7.12843 -7.6
      vertex 4.92601 7.05264 -7.6
      vertex 4.49348 5.6268 -6.11
    endloop
  endfacet
  facet normal -0.361261 -0.60844 -0.706605
    outer loop
      vertex 4.94447 5.4135 -6.11
      vertex 5.77131 6.65296 -7.6
      vertex 5.77227 6.65239 -7.6
    endloop
  endfacet
  facet normal -0.363742 -0.606874 -0.706679
    outer loop
      vertex 5.77131 6.65296 -7.6
      vertex 4.94447 5.4135 -6.11
      vertex 4.80137 5.49927 -6.11
    endloop
  endfacet
  facet normal 0.171891 -0.686334 -0.706682
    outer loop
      vertex 3.37658 7.12843 -7.6
      vertex 3.66835 5.66733 -6.11
      vertex 3.50652 5.6268 -6.11
    endloop
  endfacet
  facet normal 0.1716 -0.6864 -0.706689
    outer loop
      vertex 3.66835 5.66733 -6.11
      vertex 3.37658 7.12843 -7.6
      vertex 3.37766 7.1287 -7.6
    endloop
  endfacet
  facet normal -0.0347339 -0.706679 -0.706681
    outer loop
      vertex 4.31156 7.17469 -7.6
      vertex 4.16663 5.69181 -6.11
      vertex 4 5.7 -6.11
    endloop
  endfacet
  facet normal -0.0318418 -0.706889 -0.706608
    outer loop
      vertex 4.16663 5.69181 -6.11
      vertex 4.31156 7.17469 -7.6
      vertex 4.31267 7.17464 -7.6
    endloop
  endfacet
  facet normal -0.108048 -0.699134 -0.70678
    outer loop
      vertex 4.33165 5.66733 -6.11
      vertex 4.62124 7.12887 -7.6
      vertex 4.62234 7.1287 -7.6
    endloop
  endfacet
  facet normal -0.103823 -0.699872 -0.706682
    outer loop
      vertex 4.62124 7.12887 -7.6
      vertex 4.33165 5.66733 -6.11
      vertex 4.16663 5.69181 -6.11
    endloop
  endfacet
  facet normal -0.103812 -0.699874 -0.706682
    outer loop
      vertex 4.31267 7.17464 -7.6
      vertex 4.62124 7.12887 -7.6
      vertex 4.16663 5.69181 -6.11
    endloop
  endfacet
  facet normal 0.524263 -0.475135 -0.706679
    outer loop
      vertex 1.74358 6.25485 -7.6
      vertex 2.68588 5.07847 -6.11
      vertex 1.5341 6.02371 -7.6
    endloop
  endfacet
  facet normal 0.606874 -0.363742 -0.706679
    outer loop
      vertex 1.34704 5.77131 -7.6
      vertex 2.5865 4.94447 -6.11
      vertex 2.50073 4.80137 -6.11
    endloop
  endfacet
  facet normal 0.60844 -0.361261 -0.706605
    outer loop
      vertex 2.5865 4.94447 -6.11
      vertex 1.34704 5.77131 -7.6
      vertex 1.34761 5.77227 -7.6
    endloop
  endfacet
  facet normal 0.666167 -0.238383 -0.706679
    outer loop
      vertex 2.3732 4.49348 -6.11
      vertex 0.947736 4.92705 -7.6
      vertex 2.42941 4.65056 -6.11
    endloop
  endfacet
  facet normal 0.665627 -0.24001 -0.706637
    outer loop
      vertex 0.947736 4.92705 -7.6
      vertex 2.3732 4.49348 -6.11
      vertex 0.947361 4.92601 -7.6
    endloop
  endfacet
  facet normal 0.699872 -0.103823 -0.706682
    outer loop
      vertex 0.871132 4.62124 -7.6
      vertex 2.33267 4.33165 -6.11
      vertex 2.30819 4.16663 -6.11
    endloop
  endfacet
  facet normal 0.699892 -0.103711 -0.706679
    outer loop
      vertex 2.33267 4.33165 -6.11
      vertex 0.871132 4.62124 -7.6
      vertex 0.871295 4.62234 -7.6
    endloop
  endfacet
  facet normal 0.686329 -0.171917 -0.70668
    outer loop
      vertex 0.947361 4.92601 -7.6
      vertex 2.3732 4.49348 -6.11
      vertex 0.871566 4.62342 -7.6
    endloop
  endfacet
  facet normal 0.666177 -0.238346 -0.706682
    outer loop
      vertex 1.05282 5.22076 -7.6
      vertex 2.42941 4.65056 -6.11
      vertex 0.947736 4.92705 -7.6
    endloop
  endfacet
  facet normal -0.0350146 0.706658 -0.706688
    outer loop
      vertex 4.31156 0.825307 -7.6
      vertex 4.16663 2.30819 -6.11
      vertex 4.31267 0.825362 -7.6
    endloop
  endfacet
  facet normal -0.0347338 0.706679 -0.706682
    outer loop
      vertex 4.16663 2.30819 -6.11
      vertex 4.31156 0.825307 -7.6
      vertex 4 2.3 -6.11
    endloop
  endfacet
  facet normal 0.421492 0.568287 -0.706679
    outer loop
      vertex 2.92153 2.68588 -6.11
      vertex 2.22684 1.34827 -7.6
      vertex 1.97629 1.5341 -7.6
    endloop
  endfacet
  facet normal 0.302516 0.6396 -0.70668
    outer loop
      vertex 3.19863 2.50073 -6.11
      vertex 2.77823 1.0533 -7.6
      vertex 2.49625 1.18667 -7.6
    endloop
  endfacet
  facet normal 0.639613 0.302481 -0.706683
    outer loop
      vertex 1.0533 2.77823 -7.6
      vertex 2.42941 3.34944 -6.11
      vertex 2.50073 3.19863 -6.11
    endloop
  endfacet
  facet normal 0.639065 0.303714 -0.70665
    outer loop
      vertex 2.42941 3.34944 -6.11
      vertex 1.0533 2.77823 -7.6
      vertex 1.05282 2.77924 -7.6
    endloop
  endfacet
  facet normal -0.699872 -0.103823 -0.706682
    outer loop
      vertex 5.66733 4.33165 -6.11
      vertex 7.12887 4.62124 -7.6
      vertex 5.69181 4.16663 -6.11
    endloop
  endfacet
  facet normal -0.699134 -0.108048 -0.70678
    outer loop
      vertex 7.12887 4.62124 -7.6
      vertex 5.66733 4.33165 -6.11
      vertex 7.1287 4.62234 -7.6
    endloop
  endfacet
  facet normal -0.686332 -0.171906 -0.70668
    outer loop
      vertex 7.05264 4.92601 -7.6
      vertex 7.12843 4.62342 -7.6
      vertex 5.6268 4.49348 -6.11
    endloop
  endfacet
  facet normal -0.639065 -0.303714 -0.70665
    outer loop
      vertex 5.57059 4.65056 -6.11
      vertex 6.9467 5.22177 -7.6
      vertex 6.94718 5.22076 -7.6
    endloop
  endfacet
  facet normal -0.639613 -0.302481 -0.706683
    outer loop
      vertex 6.9467 5.22177 -7.6
      vertex 5.57059 4.65056 -6.11
      vertex 5.49927 4.80137 -6.11
    endloop
  endfacet
  facet normal -0.568316 -0.421448 -0.706681
    outer loop
      vertex 5.4135 4.94447 -6.11
      vertex 6.65173 5.77316 -7.6
      vertex 6.65239 5.77227 -7.6
    endloop
  endfacet
  facet normal -0.568298 -0.421473 -0.706681
    outer loop
      vertex 6.65173 5.77316 -7.6
      vertex 5.4135 4.94447 -6.11
      vertex 5.31412 5.07847 -6.11
    endloop
  endfacet
  facet normal -0.103711 0.699892 -0.706679
    outer loop
      vertex 4.62124 0.871132 -7.6
      vertex 4.33165 2.33267 -6.11
      vertex 4.62234 0.871295 -7.6
    endloop
  endfacet
  facet normal -0.103823 0.699872 -0.706682
    outer loop
      vertex 4.33165 2.33267 -6.11
      vertex 4.62124 0.871132 -7.6
      vertex 4.16663 2.30819 -6.11
    endloop
  endfacet
  facet normal -0.103812 0.699875 -0.706681
    outer loop
      vertex 4.62124 0.871132 -7.6
      vertex 4.31267 0.825362 -7.6
      vertex 4.16663 2.30819 -6.11
    endloop
  endfacet
  facet normal -0.363746 0.606871 -0.70668
    outer loop
      vertex 5.77131 1.34704 -7.6
      vertex 5.50375 1.18667 -7.6
      vertex 4.80137 2.50073 -6.11
    endloop
  endfacet
  facet normal -0.361261 0.60844 -0.706605
    outer loop
      vertex 5.77131 1.34704 -7.6
      vertex 4.94447 2.5865 -6.11
      vertex 5.77227 1.34761 -7.6
    endloop
  endfacet
  facet normal -0.363742 0.606874 -0.706679
    outer loop
      vertex 4.94447 2.5865 -6.11
      vertex 5.77131 1.34704 -7.6
      vertex 4.80137 2.50073 -6.11
    endloop
  endfacet
  facet normal -0.302516 0.6396 -0.70668
    outer loop
      vertex 5.50375 1.18667 -7.6
      vertex 5.22177 1.0533 -7.6
      vertex 4.80137 2.50073 -6.11
    endloop
  endfacet
  facet normal -0.475135 0.524263 -0.706679
    outer loop
      vertex 6.25485 1.74358 -7.6
      vertex 6.02371 1.5341 -7.6
      vertex 5.07847 2.68588 -6.11
    endloop
  endfacet
  facet normal -0.639065 0.303714 -0.70665
    outer loop
      vertex 6.9467 2.77823 -7.6
      vertex 5.57059 3.34944 -6.11
      vertex 6.94718 2.77924 -7.6
    endloop
  endfacet
  facet normal -0.639613 0.302481 -0.706683
    outer loop
      vertex 5.57059 3.34944 -6.11
      vertex 6.9467 2.77823 -7.6
      vertex 5.49927 3.19863 -6.11
    endloop
  endfacet
  facet normal -0.568316 0.421448 -0.706681
    outer loop
      vertex 6.65173 2.22684 -7.6
      vertex 5.4135 3.05553 -6.11
      vertex 6.65239 2.22773 -7.6
    endloop
  endfacet
  facet normal -0.568298 0.421473 -0.706681
    outer loop
      vertex 5.4135 3.05553 -6.11
      vertex 6.65173 2.22684 -7.6
      vertex 5.31412 2.92153 -6.11
    endloop
  endfacet
  facet normal -0.686332 0.171906 -0.70668
    outer loop
      vertex 7.12843 3.37658 -7.6
      vertex 7.05264 3.07399 -7.6
      vertex 5.6268 3.50652 -6.11
    endloop
  endfacet
  facet normal -0.302516 -0.6396 -0.70668
    outer loop
      vertex 5.22177 6.9467 -7.6
      vertex 5.50375 6.81333 -7.6
      vertex 4.80137 5.49927 -6.11
    endloop
  endfacet
  facet normal -0.302481 -0.639613 -0.706683
    outer loop
      vertex 4.65056 5.57059 -6.11
      vertex 5.22177 6.9467 -7.6
      vertex 4.80137 5.49927 -6.11
    endloop
  endfacet
  facet normal -0.303714 -0.639065 -0.70665
    outer loop
      vertex 5.22177 6.9467 -7.6
      vertex 4.65056 5.57059 -6.11
      vertex 5.22076 6.94718 -7.6
    endloop
  endfacet
  facet normal -0.421492 -0.568287 -0.706679
    outer loop
      vertex 5.77316 6.65173 -7.6
      vertex 6.02371 6.4659 -7.6
      vertex 5.07847 5.31412 -6.11
    endloop
  endfacet
  facet normal -0.475135 -0.524263 -0.706679
    outer loop
      vertex 6.02371 6.4659 -7.6
      vertex 6.25485 6.25642 -7.6
      vertex 5.07847 5.31412 -6.11
    endloop
  endfacet
  facet normal 0.421492 -0.568287 -0.706679
    outer loop
      vertex 2.22684 6.65173 -7.6
      vertex 2.92153 5.31412 -6.11
      vertex 1.97629 6.4659 -7.6
    endloop
  endfacet
  facet normal 0.238338 -0.66618 -0.706682
    outer loop
      vertex 3.07295 7.05226 -7.6
      vertex 3.34944 5.57059 -6.11
      vertex 2.77924 6.94718 -7.6
    endloop
  endfacet
  facet normal 0.0318418 -0.706889 -0.706608
    outer loop
      vertex 3.68844 7.17469 -7.6
      vertex 3.83337 5.69181 -6.11
      vertex 3.68733 7.17464 -7.6
    endloop
  endfacet
  facet normal 0.0347339 -0.706679 -0.706681
    outer loop
      vertex 3.83337 5.69181 -6.11
      vertex 3.68844 7.17469 -7.6
      vertex 4 5.7 -6.11
    endloop
  endfacet
  facet normal 0.0347261 -0.70668 -0.70668
    outer loop
      vertex 4 7.19 -7.6
      vertex 4 5.7 -6.11
      vertex 3.68844 7.17469 -7.6
    endloop
  endfacet
  facet normal -0.171891 -0.686334 -0.706682
    outer loop
      vertex 4.33165 5.66733 -6.11
      vertex 4.62342 7.12843 -7.6
      vertex 4.49348 5.6268 -6.11
    endloop
  endfacet
  facet normal -0.1716 -0.6864 -0.706689
    outer loop
      vertex 4.62342 7.12843 -7.6
      vertex 4.33165 5.66733 -6.11
      vertex 4.62234 7.1287 -7.6
    endloop
  endfacet
  facet normal 0.568298 -0.421473 -0.706681
    outer loop
      vertex 2.5865 4.94447 -6.11
      vertex 1.34827 5.77316 -7.6
      vertex 2.68588 5.07847 -6.11
    endloop
  endfacet
  facet normal 0.568316 -0.421448 -0.706681
    outer loop
      vertex 1.34827 5.77316 -7.6
      vertex 2.5865 4.94447 -6.11
      vertex 1.34761 5.77227 -7.6
    endloop
  endfacet
  facet normal 0.606871 -0.363746 -0.70668
    outer loop
      vertex 1.34704 5.77131 -7.6
      vertex 2.50073 4.80137 -6.11
      vertex 1.18667 5.50375 -7.6
    endloop
  endfacet
  facet normal 0.6396 -0.302516 -0.70668
    outer loop
      vertex 1.18667 5.50375 -7.6
      vertex 2.50073 4.80137 -6.11
      vertex 1.0533 5.22177 -7.6
    endloop
  endfacet
  facet normal 0.699875 -0.103812 -0.706681
    outer loop
      vertex 0.871132 4.62124 -7.6
      vertex 2.30819 4.16663 -6.11
      vertex 0.825362 4.31267 -7.6
    endloop
  endfacet
  facet normal 0.706679 -0.0347338 -0.706682
    outer loop
      vertex 0.825307 4.31156 -7.6
      vertex 2.30819 4.16663 -6.11
      vertex 2.3 4 -6.11
    endloop
  endfacet
  facet normal 0.706658 -0.0350146 -0.706688
    outer loop
      vertex 2.30819 4.16663 -6.11
      vertex 0.825307 4.31156 -7.6
      vertex 0.825362 4.31267 -7.6
    endloop
  endfacet
  facet normal 0.686333 -0.171891 -0.706682
    outer loop
      vertex 2.33267 4.33165 -6.11
      vertex 0.871566 4.62342 -7.6
      vertex 2.3732 4.49348 -6.11
    endloop
  endfacet
  facet normal 0.686263 -0.172201 -0.706675
    outer loop
      vertex 0.871566 4.62342 -7.6
      vertex 2.33267 4.33165 -6.11
      vertex 0.871295 4.62234 -7.6
    endloop
  endfacet
  facet normal 0.475135 0.524263 -0.706679
    outer loop
      vertex 2.92153 2.68588 -6.11
      vertex 1.97629 1.5341 -7.6
      vertex 1.74515 1.74358 -7.6
    endloop
  endfacet
  facet normal 0.171917 0.686329 -0.70668
    outer loop
      vertex 3.50652 2.3732 -6.11
      vertex 3.37658 0.871566 -7.6
      vertex 3.07399 0.947361 -7.6
    endloop
  endfacet
  facet normal 0.568287 0.421492 -0.706679
    outer loop
      vertex 2.68588 2.92153 -6.11
      vertex 1.5341 1.97629 -7.6
      vertex 1.34827 2.22684 -7.6
    endloop
  endfacet
  facet normal 0.70668 0.0347193 -0.70668
    outer loop
      vertex 2.3 4 -6.11
      vertex 0.825307 3.68844 -7.6
      vertex 0.81 4 -7.6
    endloop
  endfacet
  facet normal -0.706889 -0.0318418 -0.706608
    outer loop
      vertex 7.17469 4.31156 -7.6
      vertex 5.69181 4.16663 -6.11
      vertex 7.17464 4.31267 -7.6
    endloop
  endfacet
  facet normal -0.706679 -0.0347339 -0.706681
    outer loop
      vertex 5.69181 4.16663 -6.11
      vertex 7.17469 4.31156 -7.6
      vertex 5.7 4 -6.11
    endloop
  endfacet
  facet normal -0.606871 -0.363746 -0.70668
    outer loop
      vertex 6.65296 5.77131 -7.6
      vertex 6.81333 5.50375 -7.6
      vertex 5.49927 4.80137 -6.11
    endloop
  endfacet
  facet normal -0.6396 -0.302516 -0.70668
    outer loop
      vertex 6.81333 5.50375 -7.6
      vertex 6.9467 5.22177 -7.6
      vertex 5.49927 4.80137 -6.11
    endloop
  endfacet
  facet normal -0.664677 -0.242863 -0.706556
    outer loop
      vertex 5.6268 4.49348 -6.11
      vertex 7.05226 4.92705 -7.6
      vertex 7.05264 4.92601 -7.6
    endloop
  endfacet
  facet normal -0.666167 -0.238383 -0.706678
    outer loop
      vertex 7.05226 4.92705 -7.6
      vertex 5.6268 4.49348 -6.11
      vertex 5.57059 4.65056 -6.11
    endloop
  endfacet
  facet normal -0.66618 -0.238338 -0.706682
    outer loop
      vertex 6.94718 5.22076 -7.6
      vertex 7.05226 4.92705 -7.6
      vertex 5.57059 4.65056 -6.11
    endloop
  endfacet
  facet normal -0.568287 -0.421492 -0.706679
    outer loop
      vertex 6.4659 6.02371 -7.6
      vertex 6.65173 5.77316 -7.6
      vertex 5.31412 5.07847 -6.11
    endloop
  endfacet
  facet normal -0.524263 -0.475135 -0.706679
    outer loop
      vertex 6.25642 6.25485 -7.6
      vertex 6.4659 6.02371 -7.6
      vertex 5.31412 5.07847 -6.11
    endloop
  endfacet
  facet normal -0.0347193 0.70668 -0.70668
    outer loop
      vertex 4 2.3 -6.11
      vertex 4.31156 0.825307 -7.6
      vertex 4 0.81 -7.6
    endloop
  endfacet
  facet normal -0.303714 0.639065 -0.70665
    outer loop
      vertex 4.65056 2.42941 -6.11
      vertex 5.22177 1.0533 -7.6
      vertex 5.22076 1.05282 -7.6
    endloop
  endfacet
  facet normal -0.302481 0.639613 -0.706683
    outer loop
      vertex 5.22177 1.0533 -7.6
      vertex 4.65056 2.42941 -6.11
      vertex 4.80137 2.50073 -6.11
    endloop
  endfacet
  facet normal -0.421492 0.568287 -0.706679
    outer loop
      vertex 6.02371 1.5341 -7.6
      vertex 5.77316 1.34827 -7.6
      vertex 5.07847 2.68588 -6.11
    endloop
  endfacet
  facet normal -0.60844 0.361261 -0.706605
    outer loop
      vertex 5.4135 3.05553 -6.11
      vertex 6.65296 2.22869 -7.6
      vertex 6.65239 2.22773 -7.6
    endloop
  endfacet
  facet normal -0.606874 0.363742 -0.706679
    outer loop
      vertex 6.65296 2.22869 -7.6
      vertex 5.4135 3.05553 -6.11
      vertex 5.49927 3.19863 -6.11
    endloop
  endfacet
  facet normal -0.606871 0.363746 -0.70668
    outer loop
      vertex 6.81333 2.49625 -7.6
      vertex 6.65296 2.22869 -7.6
      vertex 5.49927 3.19863 -6.11
    endloop
  endfacet
  facet normal -0.699134 0.108048 -0.70678
    outer loop
      vertex 5.66733 3.66835 -6.11
      vertex 7.12887 3.37876 -7.6
      vertex 7.1287 3.37766 -7.6
    endloop
  endfacet
  facet normal -0.699872 0.103823 -0.706682
    outer loop
      vertex 7.12887 3.37876 -7.6
      vertex 5.66733 3.66835 -6.11
      vertex 5.69181 3.83337 -6.11
    endloop
  endfacet
  facet normal -0.699874 0.103812 -0.706682
    outer loop
      vertex 7.17464 3.68733 -7.6
      vertex 7.12887 3.37876 -7.6
      vertex 5.69181 3.83337 -6.11
    endloop
  endfacet
  facet normal -0.421473 -0.568298 -0.706681
    outer loop
      vertex 4.94447 5.4135 -6.11
      vertex 5.77316 6.65173 -7.6
      vertex 5.07847 5.31412 -6.11
    endloop
  endfacet
  facet normal -0.421448 -0.568316 -0.706681
    outer loop
      vertex 5.77316 6.65173 -7.6
      vertex 4.94447 5.4135 -6.11
      vertex 5.77227 6.65239 -7.6
    endloop
  endfacet
  facet normal 0.302481 -0.639613 -0.706683
    outer loop
      vertex 2.77823 6.9467 -7.6
      vertex 3.34944 5.57059 -6.11
      vertex 3.19863 5.49927 -6.11
    endloop
  endfacet
  facet normal 0.303714 -0.639065 -0.70665
    outer loop
      vertex 3.34944 5.57059 -6.11
      vertex 2.77823 6.9467 -7.6
      vertex 2.77924 6.94718 -7.6
    endloop
  endfacet
  facet normal 0.363746 -0.606871 -0.70668
    outer loop
      vertex 2.49625 6.81333 -7.6
      vertex 3.19863 5.49927 -6.11
      vertex 2.22869 6.65296 -7.6
    endloop
  endfacet
  facet normal 0.302516 -0.6396 -0.70668
    outer loop
      vertex 2.77823 6.9467 -7.6
      vertex 3.19863 5.49927 -6.11
      vertex 2.49625 6.81333 -7.6
    endloop
  endfacet
  facet normal 0.475135 -0.524263 -0.706679
    outer loop
      vertex 1.97629 6.4659 -7.6
      vertex 2.92153 5.31412 -6.11
      vertex 1.74515 6.25642 -7.6
    endloop
  endfacet
  facet normal 0.475164 -0.524232 -0.706683
    outer loop
      vertex 2.79792 5.20208 -6.11
      vertex 1.74515 6.25642 -7.6
      vertex 2.92153 5.31412 -6.11
    endloop
  endfacet
  facet normal 0.47747 -0.522033 -0.706756
    outer loop
      vertex 1.74515 6.25642 -7.6
      vertex 2.79792 5.20208 -6.11
      vertex 1.74433 6.25567 -7.6
    endloop
  endfacet
  facet normal 0.103812 -0.699874 -0.706682
    outer loop
      vertex 3.68733 7.17464 -7.6
      vertex 3.83337 5.69181 -6.11
      vertex 3.37876 7.12887 -7.6
    endloop
  endfacet
  facet normal 0.103823 -0.699872 -0.706682
    outer loop
      vertex 3.66835 5.66733 -6.11
      vertex 3.37876 7.12887 -7.6
      vertex 3.83337 5.69181 -6.11
    endloop
  endfacet
  facet normal 0.108048 -0.699134 -0.70678
    outer loop
      vertex 3.37876 7.12887 -7.6
      vertex 3.66835 5.66733 -6.11
      vertex 3.37766 7.1287 -7.6
    endloop
  endfacet
  facet normal 0.172201 0.686263 -0.706675
    outer loop
      vertex 3.37658 0.871566 -7.6
      vertex 3.66835 2.33267 -6.11
      vertex 3.37766 0.871295 -7.6
    endloop
  endfacet
  facet normal 0.171891 0.686333 -0.706682
    outer loop
      vertex 3.66835 2.33267 -6.11
      vertex 3.37658 0.871566 -7.6
      vertex 3.50652 2.3732 -6.11
    endloop
  endfacet
  facet normal 0.421448 0.568316 -0.706681
    outer loop
      vertex 2.22684 1.34827 -7.6
      vertex 3.05553 2.5865 -6.11
      vertex 2.22773 1.34761 -7.6
    endloop
  endfacet
  facet normal 0.421473 0.568298 -0.706681
    outer loop
      vertex 3.05553 2.5865 -6.11
      vertex 2.22684 1.34827 -7.6
      vertex 2.92153 2.68588 -6.11
    endloop
  endfacet
  facet normal 0.363746 0.606871 -0.70668
    outer loop
      vertex 3.19863 2.50073 -6.11
      vertex 2.49625 1.18667 -7.6
      vertex 2.22869 1.34704 -7.6
    endloop
  endfacet
  facet normal 0.303714 0.639065 -0.70665
    outer loop
      vertex 2.77823 1.0533 -7.6
      vertex 3.34944 2.42941 -6.11
      vertex 2.77924 1.05282 -7.6
    endloop
  endfacet
  facet normal 0.302481 0.639613 -0.706683
    outer loop
      vertex 3.34944 2.42941 -6.11
      vertex 2.77823 1.0533 -7.6
      vertex 3.19863 2.50073 -6.11
    endloop
  endfacet
  facet normal 0.238346 0.666177 -0.706682
    outer loop
      vertex 3.34944 2.42941 -6.11
      vertex 3.07295 0.947736 -7.6
      vertex 2.77924 1.05282 -7.6
    endloop
  endfacet
  facet normal 0.686329 0.171917 -0.70668
    outer loop
      vertex 2.3732 3.50652 -6.11
      vertex 0.947361 3.07399 -7.6
      vertex 0.871566 3.37658 -7.6
    endloop
  endfacet
  facet normal 0.686333 0.171891 -0.706682
    outer loop
      vertex 0.871566 3.37658 -7.6
      vertex 2.33267 3.66835 -6.11
      vertex 2.3732 3.50652 -6.11
    endloop
  endfacet
  facet normal 0.686263 0.172201 -0.706675
    outer loop
      vertex 2.33267 3.66835 -6.11
      vertex 0.871566 3.37658 -7.6
      vertex 0.871295 3.37766 -7.6
    endloop
  endfacet
  facet normal 0.706658 0.0350146 -0.706688
    outer loop
      vertex 0.825307 3.68844 -7.6
      vertex 2.30819 3.83337 -6.11
      vertex 0.825362 3.68733 -7.6
    endloop
  endfacet
  facet normal 0.706679 0.0347338 -0.706682
    outer loop
      vertex 2.30819 3.83337 -6.11
      vertex 0.825307 3.68844 -7.6
      vertex 2.3 4 -6.11
    endloop
  endfacet
  facet normal 0.666167 0.238383 -0.706679
    outer loop
      vertex 0.947736 3.07295 -7.6
      vertex 2.3732 3.50652 -6.11
      vertex 2.42941 3.34944 -6.11
    endloop
  endfacet
  facet normal 0.665627 0.24001 -0.706637
    outer loop
      vertex 2.3732 3.50652 -6.11
      vertex 0.947736 3.07295 -7.6
      vertex 0.947361 3.07399 -7.6
    endloop
  endfacet
  facet normal 0.606871 0.363746 -0.70668
    outer loop
      vertex 2.50073 3.19863 -6.11
      vertex 1.34704 2.22869 -7.6
      vertex 1.18667 2.49625 -7.6
    endloop
  endfacet
  facet normal 0.6396 0.302516 -0.70668
    outer loop
      vertex 2.50073 3.19863 -6.11
      vertex 1.18667 2.49625 -7.6
      vertex 1.0533 2.77823 -7.6
    endloop
  endfacet
  facet normal 0.524263 0.475135 -0.706679
    outer loop
      vertex 2.68588 2.92153 -6.11
      vertex 1.74358 1.74515 -7.6
      vertex 1.5341 1.97629 -7.6
    endloop
  endfacet
  facet normal 0.522033 0.47747 -0.706756
    outer loop
      vertex 1.74358 1.74515 -7.6
      vertex 2.79792 2.79792 -6.11
      vertex 1.74433 1.74433 -7.6
    endloop
  endfacet
  facet normal 0.524232 0.475164 -0.706683
    outer loop
      vertex 2.79792 2.79792 -6.11
      vertex 1.74358 1.74515 -7.6
      vertex 2.68588 2.92153 -6.11
    endloop
  endfacet
  facet normal -0.524232 -0.475164 -0.706683
    outer loop
      vertex 5.20208 5.20208 -6.11
      vertex 6.25642 6.25485 -7.6
      vertex 5.31412 5.07847 -6.11
    endloop
  endfacet
  facet normal -0.522033 -0.47747 -0.706756
    outer loop
      vertex 6.25642 6.25485 -7.6
      vertex 5.20208 5.20208 -6.11
      vertex 6.25567 6.25567 -7.6
    endloop
  endfacet
  facet normal 0.0347338 0.706679 -0.706682
    outer loop
      vertex 3.68844 0.825307 -7.6
      vertex 3.83337 2.30819 -6.11
      vertex 4 2.3 -6.11
    endloop
  endfacet
  facet normal 0.0350146 0.706658 -0.706688
    outer loop
      vertex 3.83337 2.30819 -6.11
      vertex 3.68844 0.825307 -7.6
      vertex 3.68733 0.825362 -7.6
    endloop
  endfacet
  facet normal -0.172201 0.686263 -0.706675
    outer loop
      vertex 4.33165 2.33267 -6.11
      vertex 4.62342 0.871566 -7.6
      vertex 4.62234 0.871295 -7.6
    endloop
  endfacet
  facet normal -0.171891 0.686333 -0.706682
    outer loop
      vertex 4.62342 0.871566 -7.6
      vertex 4.33165 2.33267 -6.11
      vertex 4.49348 2.3732 -6.11
    endloop
  endfacet
  facet normal -0.171917 0.686329 -0.70668
    outer loop
      vertex 4.92601 0.947361 -7.6
      vertex 4.62342 0.871566 -7.6
      vertex 4.49348 2.3732 -6.11
    endloop
  endfacet
  facet normal -0.568287 0.421492 -0.706679
    outer loop
      vertex 6.65173 2.22684 -7.6
      vertex 6.4659 1.97629 -7.6
      vertex 5.31412 2.92153 -6.11
    endloop
  endfacet
  facet normal -0.47747 0.522033 -0.706756
    outer loop
      vertex 6.25485 1.74358 -7.6
      vertex 5.20208 2.79792 -6.11
      vertex 6.25567 1.74433 -7.6
    endloop
  endfacet
  facet normal -0.475164 0.524232 -0.706683
    outer loop
      vertex 5.20208 2.79792 -6.11
      vertex 6.25485 1.74358 -7.6
      vertex 5.07847 2.68588 -6.11
    endloop
  endfacet
  facet normal -0.522033 0.47747 -0.706756
    outer loop
      vertex 5.20208 2.79792 -6.11
      vertex 6.25642 1.74515 -7.6
      vertex 6.25567 1.74433 -7.6
    endloop
  endfacet
  facet normal -0.524232 0.475164 -0.706683
    outer loop
      vertex 6.25642 1.74515 -7.6
      vertex 5.20208 2.79792 -6.11
      vertex 5.31412 2.92153 -6.11
    endloop
  endfacet
  facet normal -0.421448 0.568316 -0.706681
    outer loop
      vertex 4.94447 2.5865 -6.11
      vertex 5.77316 1.34827 -7.6
      vertex 5.77227 1.34761 -7.6
    endloop
  endfacet
  facet normal -0.421473 0.568298 -0.706681
    outer loop
      vertex 5.77316 1.34827 -7.6
      vertex 4.94447 2.5865 -6.11
      vertex 5.07847 2.68588 -6.11
    endloop
  endfacet
  facet normal -0.664677 0.242863 -0.706556
    outer loop
      vertex 7.05226 3.07295 -7.6
      vertex 5.6268 3.50652 -6.11
      vertex 7.05264 3.07399 -7.6
    endloop
  endfacet
  facet normal -0.666167 0.238383 -0.706678
    outer loop
      vertex 5.6268 3.50652 -6.11
      vertex 7.05226 3.07295 -7.6
      vertex 5.57059 3.34944 -6.11
    endloop
  endfacet
  facet normal -0.706679 0.0347339 -0.706681
    outer loop
      vertex 7.17469 3.68844 -7.6
      vertex 5.69181 3.83337 -6.11
      vertex 5.7 4 -6.11
    endloop
  endfacet
  facet normal -0.706889 0.0318418 -0.706608
    outer loop
      vertex 5.69181 3.83337 -6.11
      vertex 7.17469 3.68844 -7.6
      vertex 7.17464 3.68733 -7.6
    endloop
  endfacet
  facet normal 0.171906 -0.686332 -0.70668
    outer loop
      vertex 3.37658 7.12843 -7.6
      vertex 3.50652 5.6268 -6.11
      vertex 3.07399 7.05264 -7.6
    endloop
  endfacet
  facet normal 0.238383 -0.666167 -0.706678
    outer loop
      vertex 3.07295 7.05226 -7.6
      vertex 3.50652 5.6268 -6.11
      vertex 3.34944 5.57059 -6.11
    endloop
  endfacet
  facet normal 0.242863 -0.664677 -0.706556
    outer loop
      vertex 3.50652 5.6268 -6.11
      vertex 3.07295 7.05226 -7.6
      vertex 3.07399 7.05264 -7.6
    endloop
  endfacet
  facet normal 0.363742 -0.606874 -0.706679
    outer loop
      vertex 3.05553 5.4135 -6.11
      vertex 2.22869 6.65296 -7.6
      vertex 3.19863 5.49927 -6.11
    endloop
  endfacet
  facet normal 0.361261 -0.60844 -0.706605
    outer loop
      vertex 2.22869 6.65296 -7.6
      vertex 3.05553 5.4135 -6.11
      vertex 2.22773 6.65239 -7.6
    endloop
  endfacet
  facet normal 0.421473 -0.568298 -0.706681
    outer loop
      vertex 2.22684 6.65173 -7.6
      vertex 3.05553 5.4135 -6.11
      vertex 2.92153 5.31412 -6.11
    endloop
  endfacet
  facet normal 0.421448 -0.568316 -0.706681
    outer loop
      vertex 3.05553 5.4135 -6.11
      vertex 2.22684 6.65173 -7.6
      vertex 2.22773 6.65239 -7.6
    endloop
  endfacet
  facet normal 0.363742 0.606874 -0.706679
    outer loop
      vertex 2.22869 1.34704 -7.6
      vertex 3.05553 2.5865 -6.11
      vertex 3.19863 2.50073 -6.11
    endloop
  endfacet
  facet normal 0.361261 0.60844 -0.706605
    outer loop
      vertex 3.05553 2.5865 -6.11
      vertex 2.22869 1.34704 -7.6
      vertex 2.22773 1.34761 -7.6
    endloop
  endfacet
  facet normal 0.24001 0.665627 -0.706637
    outer loop
      vertex 3.07295 0.947736 -7.6
      vertex 3.50652 2.3732 -6.11
      vertex 3.07399 0.947361 -7.6
    endloop
  endfacet
  facet normal 0.238383 0.666167 -0.706679
    outer loop
      vertex 3.50652 2.3732 -6.11
      vertex 3.07295 0.947736 -7.6
      vertex 3.34944 2.42941 -6.11
    endloop
  endfacet
  facet normal 0.699875 0.103812 -0.706681
    outer loop
      vertex 2.30819 3.83337 -6.11
      vertex 0.871132 3.37876 -7.6
      vertex 0.825362 3.68733 -7.6
    endloop
  endfacet
  facet normal 0.699892 0.103711 -0.706679
    outer loop
      vertex 0.871132 3.37876 -7.6
      vertex 2.33267 3.66835 -6.11
      vertex 0.871295 3.37766 -7.6
    endloop
  endfacet
  facet normal 0.699872 0.103823 -0.706682
    outer loop
      vertex 2.33267 3.66835 -6.11
      vertex 0.871132 3.37876 -7.6
      vertex 2.30819 3.83337 -6.11
    endloop
  endfacet
  facet normal 0.60844 0.361261 -0.706605
    outer loop
      vertex 1.34704 2.22869 -7.6
      vertex 2.5865 3.05553 -6.11
      vertex 1.34761 2.22773 -7.6
    endloop
  endfacet
  facet normal 0.606874 0.363742 -0.706679
    outer loop
      vertex 2.5865 3.05553 -6.11
      vertex 1.34704 2.22869 -7.6
      vertex 2.50073 3.19863 -6.11
    endloop
  endfacet
  facet normal 0.568298 0.421473 -0.706681
    outer loop
      vertex 1.34827 2.22684 -7.6
      vertex 2.5865 3.05553 -6.11
      vertex 2.68588 2.92153 -6.11
    endloop
  endfacet
  facet normal 0.568316 0.421448 -0.706681
    outer loop
      vertex 2.5865 3.05553 -6.11
      vertex 1.34827 2.22684 -7.6
      vertex 1.34761 2.22773 -7.6
    endloop
  endfacet
  facet normal 0.103823 0.699872 -0.706682
    outer loop
      vertex 3.37876 0.871132 -7.6
      vertex 3.66835 2.33267 -6.11
      vertex 3.83337 2.30819 -6.11
    endloop
  endfacet
  facet normal 0.103711 0.699892 -0.706679
    outer loop
      vertex 3.66835 2.33267 -6.11
      vertex 3.37876 0.871132 -7.6
      vertex 3.37766 0.871295 -7.6
    endloop
  endfacet
  facet normal 0.103812 0.699875 -0.706681
    outer loop
      vertex 3.83337 2.30819 -6.11
      vertex 3.68733 0.825362 -7.6
      vertex 3.37876 0.871132 -7.6
    endloop
  endfacet
  facet normal -0.24001 0.665627 -0.706637
    outer loop
      vertex 4.49348 2.3732 -6.11
      vertex 4.92705 0.947736 -7.6
      vertex 4.92601 0.947361 -7.6
    endloop
  endfacet
  facet normal -0.238383 0.666167 -0.706679
    outer loop
      vertex 4.92705 0.947736 -7.6
      vertex 4.49348 2.3732 -6.11
      vertex 4.65056 2.42941 -6.11
    endloop
  endfacet
  facet normal -0.998791 -0.0491513 0
    outer loop
      vertex 67.7 4 -6.11
      vertex 67.6918 4.16663 -1.6
      vertex 67.6918 4.16663 -6.11
    endloop
  endfacet
  facet normal -0.998791 -0.0491513 0
    outer loop
      vertex 67.6918 4.16663 -1.6
      vertex 67.7 4 -6.11
      vertex 67.7 4 -1.6
    endloop
  endfacet
  facet normal 0.998791 -0.0491513 0
    outer loop
      vertex 64.3 4 -1.6
      vertex 64.3082 4.16663 -6.11
      vertex 64.3082 4.16663 -1.6
    endloop
  endfacet
  facet normal 0.998791 -0.0491513 0
    outer loop
      vertex 64.3082 4.16663 -6.11
      vertex 64.3 4 -1.6
      vertex 64.3 4 -6.11
    endloop
  endfacet
  facet normal -0.0491004 -0.998794 0
    outer loop
      vertex 66 5.7 -6.11
      vertex 66.1666 5.69181 -1.6
      vertex 66 5.7 -1.6
    endloop
  endfacet
  facet normal -0.0491004 -0.998794 -0
    outer loop
      vertex 66.1666 5.69181 -1.6
      vertex 66 5.7 -6.11
      vertex 66.1666 5.69181 -6.11
    endloop
  endfacet
  facet normal 0.0491004 0.998794 -0
    outer loop
      vertex 66 2.3 -6.11
      vertex 65.8334 2.30819 -1.6
      vertex 66 2.3 -1.6
    endloop
  endfacet
  facet normal 0.0491004 0.998794 0
    outer loop
      vertex 65.8334 2.30819 -1.6
      vertex 66 2.3 -6.11
      vertex 65.8334 2.30819 -6.11
    endloop
  endfacet
  facet normal -0.67161 -0.740905 0
    outer loop
      vertex 67.0785 5.31412 -6.11
      vertex 67.2021 5.20208 -1.6
      vertex 67.0785 5.31412 -1.6
    endloop
  endfacet
  facet normal -0.67161 -0.740905 -0
    outer loop
      vertex 67.2021 5.20208 -1.6
      vertex 67.0785 5.31412 -6.11
      vertex 67.2021 5.20208 -6.11
    endloop
  endfacet
  facet normal 0.67161 -0.740905 0
    outer loop
      vertex 64.7979 5.20208 -6.11
      vertex 64.9215 5.31412 -1.6
      vertex 64.7979 5.20208 -1.6
    endloop
  endfacet
  facet normal 0.67161 -0.740905 0
    outer loop
      vertex 64.9215 5.31412 -1.6
      vertex 64.7979 5.20208 -6.11
      vertex 64.9215 5.31412 -6.11
    endloop
  endfacet
  facet normal 0.336883 -0.941546 0
    outer loop
      vertex 65.3494 5.57059 -6.11
      vertex 65.5065 5.6268 -1.6
      vertex 65.3494 5.57059 -1.6
    endloop
  endfacet
  facet normal 0.336883 -0.941546 0
    outer loop
      vertex 65.5065 5.6268 -1.6
      vertex 65.3494 5.57059 -6.11
      vertex 65.5065 5.6268 -6.11
    endloop
  endfacet
  facet normal -0.904054 -0.427419 0
    outer loop
      vertex 67.5706 4.65056 -6.11
      vertex 67.4993 4.80137 -1.6
      vertex 67.4993 4.80137 -6.11
    endloop
  endfacet
  facet normal -0.904054 -0.427419 0
    outer loop
      vertex 67.4993 4.80137 -1.6
      vertex 67.5706 4.65056 -6.11
      vertex 67.5706 4.65056 -1.6
    endloop
  endfacet
  facet normal -0.42754 -0.903996 0
    outer loop
      vertex 66.6506 5.57059 -6.11
      vertex 66.8014 5.49927 -1.6
      vertex 66.6506 5.57059 -1.6
    endloop
  endfacet
  facet normal -0.42754 -0.903996 -0
    outer loop
      vertex 66.8014 5.49927 -1.6
      vertex 66.6506 5.57059 -6.11
      vertex 66.8014 5.49927 -6.11
    endloop
  endfacet
  facet normal -0.514099 -0.857731 0
    outer loop
      vertex 66.8014 5.49927 -6.11
      vertex 66.9445 5.4135 -1.6
      vertex 66.8014 5.49927 -1.6
    endloop
  endfacet
  facet normal -0.514099 -0.857731 -0
    outer loop
      vertex 66.9445 5.4135 -1.6
      vertex 66.8014 5.49927 -6.11
      vertex 66.9445 5.4135 -6.11
    endloop
  endfacet
  facet normal 0.904054 -0.427419 0
    outer loop
      vertex 64.4294 4.65056 -1.6
      vertex 64.5007 4.80137 -6.11
      vertex 64.5007 4.80137 -1.6
    endloop
  endfacet
  facet normal 0.904054 -0.427419 0
    outer loop
      vertex 64.5007 4.80137 -6.11
      vertex 64.4294 4.65056 -1.6
      vertex 64.4294 4.65056 -6.11
    endloop
  endfacet
  facet normal 0.146757 -0.989173 0
    outer loop
      vertex 65.6684 5.66733 -6.11
      vertex 65.8334 5.69181 -1.6
      vertex 65.6684 5.66733 -1.6
    endloop
  endfacet
  facet normal 0.146757 -0.989173 0
    outer loop
      vertex 65.8334 5.69181 -1.6
      vertex 65.6684 5.66733 -6.11
      vertex 65.8334 5.69181 -6.11
    endloop
  endfacet
  facet normal -0.941552 0.336868 0
    outer loop
      vertex 67.5706 3.34944 -6.11
      vertex 67.6268 3.50652 -1.6
      vertex 67.6268 3.50652 -6.11
    endloop
  endfacet
  facet normal -0.941552 0.336868 0
    outer loop
      vertex 67.6268 3.50652 -1.6
      vertex 67.5706 3.34944 -6.11
      vertex 67.5706 3.34944 -1.6
    endloop
  endfacet
  facet normal 0.941552 0.336868 0
    outer loop
      vertex 64.4294 3.34944 -1.6
      vertex 64.3732 3.50652 -6.11
      vertex 64.3732 3.50652 -1.6
    endloop
  endfacet
  facet normal 0.941552 0.336868 0
    outer loop
      vertex 64.3732 3.50652 -6.11
      vertex 64.4294 3.34944 -1.6
      vertex 64.4294 3.34944 -6.11
    endloop
  endfacet
  facet normal -0.970083 -0.242775 0
    outer loop
      vertex 67.6673 4.33165 -6.11
      vertex 67.6268 4.49348 -1.6
      vertex 67.6268 4.49348 -6.11
    endloop
  endfacet
  facet normal -0.970083 -0.242775 0
    outer loop
      vertex 67.6268 4.49348 -1.6
      vertex 67.6673 4.33165 -6.11
      vertex 67.6673 4.33165 -1.6
    endloop
  endfacet
  facet normal -0.989158 -0.146857 0
    outer loop
      vertex 67.6918 4.16663 -6.11
      vertex 67.6673 4.33165 -1.6
      vertex 67.6673 4.33165 -6.11
    endloop
  endfacet
  facet normal -0.989158 -0.146857 0
    outer loop
      vertex 67.6673 4.33165 -1.6
      vertex 67.6918 4.16663 -6.11
      vertex 67.6918 4.16663 -1.6
    endloop
  endfacet
  facet normal -0.941552 -0.336868 0
    outer loop
      vertex 67.6268 4.49348 -6.11
      vertex 67.5706 4.65056 -1.6
      vertex 67.5706 4.65056 -6.11
    endloop
  endfacet
  facet normal -0.941552 -0.336868 0
    outer loop
      vertex 67.5706 4.65056 -1.6
      vertex 67.6268 4.49348 -6.11
      vertex 67.6268 4.49348 -1.6
    endloop
  endfacet
  facet normal -0.803154 -0.595772 0
    outer loop
      vertex 67.4135 4.94447 -6.11
      vertex 67.3141 5.07847 -1.6
      vertex 67.3141 5.07847 -6.11
    endloop
  endfacet
  facet normal -0.803154 -0.595772 0
    outer loop
      vertex 67.3141 5.07847 -1.6
      vertex 67.4135 4.94447 -6.11
      vertex 67.4135 4.94447 -1.6
    endloop
  endfacet
  facet normal -0.741051 -0.671448 0
    outer loop
      vertex 67.3141 5.07847 -6.11
      vertex 67.2021 5.20208 -1.6
      vertex 67.2021 5.20208 -6.11
    endloop
  endfacet
  facet normal -0.741051 -0.671448 0
    outer loop
      vertex 67.2021 5.20208 -1.6
      vertex 67.3141 5.07847 -6.11
      vertex 67.3141 5.07847 -1.6
    endloop
  endfacet
  facet normal -0.857652 -0.514231 0
    outer loop
      vertex 67.4993 4.80137 -6.11
      vertex 67.4135 4.94447 -1.6
      vertex 67.4135 4.94447 -6.11
    endloop
  endfacet
  facet normal -0.857652 -0.514231 0
    outer loop
      vertex 67.4135 4.94447 -1.6
      vertex 67.4993 4.80137 -6.11
      vertex 67.4993 4.80137 -1.6
    endloop
  endfacet
  facet normal -0.242846 -0.970065 0
    outer loop
      vertex 66.3316 5.66733 -6.11
      vertex 66.4935 5.6268 -1.6
      vertex 66.3316 5.66733 -1.6
    endloop
  endfacet
  facet normal -0.242846 -0.970065 -0
    outer loop
      vertex 66.4935 5.6268 -1.6
      vertex 66.3316 5.66733 -6.11
      vertex 66.4935 5.6268 -6.11
    endloop
  endfacet
  facet normal -0.336883 -0.941546 0
    outer loop
      vertex 66.4935 5.6268 -6.11
      vertex 66.6506 5.57059 -1.6
      vertex 66.4935 5.6268 -1.6
    endloop
  endfacet
  facet normal -0.336883 -0.941546 -0
    outer loop
      vertex 66.6506 5.57059 -1.6
      vertex 66.4935 5.6268 -6.11
      vertex 66.6506 5.57059 -6.11
    endloop
  endfacet
  facet normal -0.146757 -0.989173 0
    outer loop
      vertex 66.1666 5.69181 -6.11
      vertex 66.3316 5.66733 -1.6
      vertex 66.1666 5.69181 -1.6
    endloop
  endfacet
  facet normal -0.146757 -0.989173 -0
    outer loop
      vertex 66.3316 5.66733 -1.6
      vertex 66.1666 5.69181 -6.11
      vertex 66.3316 5.66733 -6.11
    endloop
  endfacet
  facet normal -0.595695 -0.803211 0
    outer loop
      vertex 66.9445 5.4135 -6.11
      vertex 67.0785 5.31412 -1.6
      vertex 66.9445 5.4135 -1.6
    endloop
  endfacet
  facet normal -0.595695 -0.803211 -0
    outer loop
      vertex 67.0785 5.31412 -1.6
      vertex 66.9445 5.4135 -6.11
      vertex 67.0785 5.31412 -6.11
    endloop
  endfacet
  facet normal 0.970083 -0.242775 0
    outer loop
      vertex 64.3327 4.33165 -1.6
      vertex 64.3732 4.49348 -6.11
      vertex 64.3732 4.49348 -1.6
    endloop
  endfacet
  facet normal 0.970083 -0.242775 0
    outer loop
      vertex 64.3732 4.49348 -6.11
      vertex 64.3327 4.33165 -1.6
      vertex 64.3327 4.33165 -6.11
    endloop
  endfacet
  facet normal 0.803154 -0.595772 0
    outer loop
      vertex 64.5865 4.94447 -1.6
      vertex 64.6859 5.07847 -6.11
      vertex 64.6859 5.07847 -1.6
    endloop
  endfacet
  facet normal 0.803154 -0.595772 0
    outer loop
      vertex 64.6859 5.07847 -6.11
      vertex 64.5865 4.94447 -1.6
      vertex 64.5865 4.94447 -6.11
    endloop
  endfacet
  facet normal 0.741051 -0.671448 0
    outer loop
      vertex 64.6859 5.07847 -1.6
      vertex 64.7979 5.20208 -6.11
      vertex 64.7979 5.20208 -1.6
    endloop
  endfacet
  facet normal 0.741051 -0.671448 0
    outer loop
      vertex 64.7979 5.20208 -6.11
      vertex 64.6859 5.07847 -1.6
      vertex 64.6859 5.07847 -6.11
    endloop
  endfacet
  facet normal 0.857652 -0.514231 0
    outer loop
      vertex 64.5007 4.80137 -1.6
      vertex 64.5865 4.94447 -6.11
      vertex 64.5865 4.94447 -1.6
    endloop
  endfacet
  facet normal 0.857652 -0.514231 0
    outer loop
      vertex 64.5865 4.94447 -6.11
      vertex 64.5007 4.80137 -1.6
      vertex 64.5007 4.80137 -6.11
    endloop
  endfacet
  facet normal 0.941552 -0.336868 0
    outer loop
      vertex 64.3732 4.49348 -1.6
      vertex 64.4294 4.65056 -6.11
      vertex 64.4294 4.65056 -1.6
    endloop
  endfacet
  facet normal 0.941552 -0.336868 0
    outer loop
      vertex 64.4294 4.65056 -6.11
      vertex 64.3732 4.49348 -1.6
      vertex 64.3732 4.49348 -6.11
    endloop
  endfacet
  facet normal 0.989158 -0.146857 0
    outer loop
      vertex 64.3082 4.16663 -1.6
      vertex 64.3327 4.33165 -6.11
      vertex 64.3327 4.33165 -1.6
    endloop
  endfacet
  facet normal 0.989158 -0.146857 0
    outer loop
      vertex 64.3327 4.33165 -6.11
      vertex 64.3082 4.16663 -1.6
      vertex 64.3082 4.16663 -6.11
    endloop
  endfacet
  facet normal 0.514099 -0.857731 0
    outer loop
      vertex 65.0555 5.4135 -6.11
      vertex 65.1986 5.49927 -1.6
      vertex 65.0555 5.4135 -1.6
    endloop
  endfacet
  facet normal 0.514099 -0.857731 0
    outer loop
      vertex 65.1986 5.49927 -1.6
      vertex 65.0555 5.4135 -6.11
      vertex 65.1986 5.49927 -6.11
    endloop
  endfacet
  facet normal 0.42754 -0.903996 0
    outer loop
      vertex 65.1986 5.49927 -6.11
      vertex 65.3494 5.57059 -1.6
      vertex 65.1986 5.49927 -1.6
    endloop
  endfacet
  facet normal 0.42754 -0.903996 0
    outer loop
      vertex 65.3494 5.57059 -1.6
      vertex 65.1986 5.49927 -6.11
      vertex 65.3494 5.57059 -6.11
    endloop
  endfacet
  facet normal 0.595695 -0.803211 0
    outer loop
      vertex 64.9215 5.31412 -6.11
      vertex 65.0555 5.4135 -1.6
      vertex 64.9215 5.31412 -1.6
    endloop
  endfacet
  facet normal 0.595695 -0.803211 0
    outer loop
      vertex 65.0555 5.4135 -1.6
      vertex 64.9215 5.31412 -6.11
      vertex 65.0555 5.4135 -6.11
    endloop
  endfacet
  facet normal 0.242846 -0.970065 0
    outer loop
      vertex 65.5065 5.6268 -6.11
      vertex 65.6684 5.66733 -1.6
      vertex 65.5065 5.6268 -1.6
    endloop
  endfacet
  facet normal 0.242846 -0.970065 0
    outer loop
      vertex 65.6684 5.66733 -1.6
      vertex 65.5065 5.6268 -6.11
      vertex 65.6684 5.66733 -6.11
    endloop
  endfacet
  facet normal 0.0491004 -0.998794 0
    outer loop
      vertex 65.8334 5.69181 -6.11
      vertex 66 5.7 -1.6
      vertex 65.8334 5.69181 -1.6
    endloop
  endfacet
  facet normal 0.0491004 -0.998794 0
    outer loop
      vertex 66 5.7 -1.6
      vertex 65.8334 5.69181 -6.11
      vertex 66 5.7 -6.11
    endloop
  endfacet
  facet normal -0.0491004 0.998794 0
    outer loop
      vertex 66.1666 2.30819 -6.11
      vertex 66 2.3 -1.6
      vertex 66.1666 2.30819 -1.6
    endloop
  endfacet
  facet normal -0.0491004 0.998794 0
    outer loop
      vertex 66 2.3 -1.6
      vertex 66.1666 2.30819 -6.11
      vertex 66 2.3 -6.11
    endloop
  endfacet
  facet normal -0.67161 0.740905 0
    outer loop
      vertex 67.2021 2.79792 -6.11
      vertex 67.0785 2.68588 -1.6
      vertex 67.2021 2.79792 -1.6
    endloop
  endfacet
  facet normal -0.67161 0.740905 0
    outer loop
      vertex 67.0785 2.68588 -1.6
      vertex 67.2021 2.79792 -6.11
      vertex 67.0785 2.68588 -6.11
    endloop
  endfacet
  facet normal -0.514099 0.857731 0
    outer loop
      vertex 66.9445 2.5865 -6.11
      vertex 66.8014 2.50073 -1.6
      vertex 66.9445 2.5865 -1.6
    endloop
  endfacet
  facet normal -0.514099 0.857731 0
    outer loop
      vertex 66.8014 2.50073 -1.6
      vertex 66.9445 2.5865 -6.11
      vertex 66.8014 2.50073 -6.11
    endloop
  endfacet
  facet normal -0.803154 0.595772 0
    outer loop
      vertex 67.3141 2.92153 -6.11
      vertex 67.4135 3.05553 -1.6
      vertex 67.4135 3.05553 -6.11
    endloop
  endfacet
  facet normal -0.803154 0.595772 0
    outer loop
      vertex 67.4135 3.05553 -1.6
      vertex 67.3141 2.92153 -6.11
      vertex 67.3141 2.92153 -1.6
    endloop
  endfacet
  facet normal -0.904054 0.427419 0
    outer loop
      vertex 67.4993 3.19863 -6.11
      vertex 67.5706 3.34944 -1.6
      vertex 67.5706 3.34944 -6.11
    endloop
  endfacet
  facet normal -0.904054 0.427419 0
    outer loop
      vertex 67.5706 3.34944 -1.6
      vertex 67.4993 3.19863 -6.11
      vertex 67.4993 3.19863 -1.6
    endloop
  endfacet
  facet normal 0.67161 0.740905 -0
    outer loop
      vertex 64.9215 2.68588 -6.11
      vertex 64.7979 2.79792 -1.6
      vertex 64.9215 2.68588 -1.6
    endloop
  endfacet
  facet normal 0.67161 0.740905 0
    outer loop
      vertex 64.7979 2.79792 -1.6
      vertex 64.9215 2.68588 -6.11
      vertex 64.7979 2.79792 -6.11
    endloop
  endfacet
  facet normal 0.514099 0.857731 -0
    outer loop
      vertex 65.1986 2.50073 -6.11
      vertex 65.0555 2.5865 -1.6
      vertex 65.1986 2.50073 -1.6
    endloop
  endfacet
  facet normal 0.514099 0.857731 0
    outer loop
      vertex 65.0555 2.5865 -1.6
      vertex 65.1986 2.50073 -6.11
      vertex 65.0555 2.5865 -6.11
    endloop
  endfacet
  facet normal 0.336883 0.941546 -0
    outer loop
      vertex 65.5065 2.3732 -6.11
      vertex 65.3494 2.42941 -1.6
      vertex 65.5065 2.3732 -1.6
    endloop
  endfacet
  facet normal 0.336883 0.941546 0
    outer loop
      vertex 65.3494 2.42941 -1.6
      vertex 65.5065 2.3732 -6.11
      vertex 65.3494 2.42941 -6.11
    endloop
  endfacet
  facet normal 0.146757 0.989173 -0
    outer loop
      vertex 65.8334 2.30819 -6.11
      vertex 65.6684 2.33267 -1.6
      vertex 65.8334 2.30819 -1.6
    endloop
  endfacet
  facet normal 0.146757 0.989173 0
    outer loop
      vertex 65.6684 2.33267 -1.6
      vertex 65.8334 2.30819 -6.11
      vertex 65.6684 2.33267 -6.11
    endloop
  endfacet
  facet normal 0.803154 0.595772 0
    outer loop
      vertex 64.6859 2.92153 -1.6
      vertex 64.5865 3.05553 -6.11
      vertex 64.5865 3.05553 -1.6
    endloop
  endfacet
  facet normal 0.803154 0.595772 0
    outer loop
      vertex 64.5865 3.05553 -6.11
      vertex 64.6859 2.92153 -1.6
      vertex 64.6859 2.92153 -6.11
    endloop
  endfacet
  facet normal 0.904054 0.427419 0
    outer loop
      vertex 64.5007 3.19863 -1.6
      vertex 64.4294 3.34944 -6.11
      vertex 64.4294 3.34944 -1.6
    endloop
  endfacet
  facet normal 0.904054 0.427419 0
    outer loop
      vertex 64.4294 3.34944 -6.11
      vertex 64.5007 3.19863 -1.6
      vertex 64.5007 3.19863 -6.11
    endloop
  endfacet
  facet normal 0.857652 0.514231 0
    outer loop
      vertex 64.5865 3.05553 -1.6
      vertex 64.5007 3.19863 -6.11
      vertex 64.5007 3.19863 -1.6
    endloop
  endfacet
  facet normal 0.857652 0.514231 0
    outer loop
      vertex 64.5007 3.19863 -6.11
      vertex 64.5865 3.05553 -1.6
      vertex 64.5865 3.05553 -6.11
    endloop
  endfacet
  facet normal 0.998791 0.0491513 0
    outer loop
      vertex 64.3082 3.83337 -1.6
      vertex 64.3 4 -6.11
      vertex 64.3 4 -1.6
    endloop
  endfacet
  facet normal 0.998791 0.0491513 0
    outer loop
      vertex 64.3 4 -6.11
      vertex 64.3082 3.83337 -1.6
      vertex 64.3082 3.83337 -6.11
    endloop
  endfacet
  facet normal 0.970083 0.242775 0
    outer loop
      vertex 64.3732 3.50652 -1.6
      vertex 64.3327 3.66835 -6.11
      vertex 64.3327 3.66835 -1.6
    endloop
  endfacet
  facet normal 0.970083 0.242775 0
    outer loop
      vertex 64.3327 3.66835 -6.11
      vertex 64.3732 3.50652 -1.6
      vertex 64.3732 3.50652 -6.11
    endloop
  endfacet
  facet normal 0.989158 0.146857 0
    outer loop
      vertex 64.3327 3.66835 -1.6
      vertex 64.3082 3.83337 -6.11
      vertex 64.3082 3.83337 -1.6
    endloop
  endfacet
  facet normal 0.989158 0.146857 0
    outer loop
      vertex 64.3082 3.83337 -6.11
      vertex 64.3327 3.66835 -1.6
      vertex 64.3327 3.66835 -6.11
    endloop
  endfacet
  facet normal -0.146757 0.989173 0
    outer loop
      vertex 66.3316 2.33267 -6.11
      vertex 66.1666 2.30819 -1.6
      vertex 66.3316 2.33267 -1.6
    endloop
  endfacet
  facet normal -0.146757 0.989173 0
    outer loop
      vertex 66.1666 2.30819 -1.6
      vertex 66.3316 2.33267 -6.11
      vertex 66.1666 2.30819 -6.11
    endloop
  endfacet
  facet normal -0.242846 0.970065 0
    outer loop
      vertex 66.4935 2.3732 -6.11
      vertex 66.3316 2.33267 -1.6
      vertex 66.4935 2.3732 -1.6
    endloop
  endfacet
  facet normal -0.242846 0.970065 0
    outer loop
      vertex 66.3316 2.33267 -1.6
      vertex 66.4935 2.3732 -6.11
      vertex 66.3316 2.33267 -6.11
    endloop
  endfacet
  facet normal -0.42754 0.903996 0
    outer loop
      vertex 66.8014 2.50073 -6.11
      vertex 66.6506 2.42941 -1.6
      vertex 66.8014 2.50073 -1.6
    endloop
  endfacet
  facet normal -0.42754 0.903996 0
    outer loop
      vertex 66.6506 2.42941 -1.6
      vertex 66.8014 2.50073 -6.11
      vertex 66.6506 2.42941 -6.11
    endloop
  endfacet
  facet normal -0.336883 0.941546 0
    outer loop
      vertex 66.6506 2.42941 -6.11
      vertex 66.4935 2.3732 -1.6
      vertex 66.6506 2.42941 -1.6
    endloop
  endfacet
  facet normal -0.336883 0.941546 0
    outer loop
      vertex 66.4935 2.3732 -1.6
      vertex 66.6506 2.42941 -6.11
      vertex 66.4935 2.3732 -6.11
    endloop
  endfacet
  facet normal -0.741051 0.671448 0
    outer loop
      vertex 67.2021 2.79792 -6.11
      vertex 67.3141 2.92153 -1.6
      vertex 67.3141 2.92153 -6.11
    endloop
  endfacet
  facet normal -0.741051 0.671448 0
    outer loop
      vertex 67.3141 2.92153 -1.6
      vertex 67.2021 2.79792 -6.11
      vertex 67.2021 2.79792 -1.6
    endloop
  endfacet
  facet normal -0.595695 0.803211 0
    outer loop
      vertex 67.0785 2.68588 -6.11
      vertex 66.9445 2.5865 -1.6
      vertex 67.0785 2.68588 -1.6
    endloop
  endfacet
  facet normal -0.595695 0.803211 0
    outer loop
      vertex 66.9445 2.5865 -1.6
      vertex 67.0785 2.68588 -6.11
      vertex 66.9445 2.5865 -6.11
    endloop
  endfacet
  facet normal -0.857652 0.514231 0
    outer loop
      vertex 67.4135 3.05553 -6.11
      vertex 67.4993 3.19863 -1.6
      vertex 67.4993 3.19863 -6.11
    endloop
  endfacet
  facet normal -0.857652 0.514231 0
    outer loop
      vertex 67.4993 3.19863 -1.6
      vertex 67.4135 3.05553 -6.11
      vertex 67.4135 3.05553 -1.6
    endloop
  endfacet
  facet normal -0.989158 0.146857 0
    outer loop
      vertex 67.6673 3.66835 -6.11
      vertex 67.6918 3.83337 -1.6
      vertex 67.6918 3.83337 -6.11
    endloop
  endfacet
  facet normal -0.989158 0.146857 0
    outer loop
      vertex 67.6918 3.83337 -1.6
      vertex 67.6673 3.66835 -6.11
      vertex 67.6673 3.66835 -1.6
    endloop
  endfacet
  facet normal -0.970083 0.242775 0
    outer loop
      vertex 67.6268 3.50652 -6.11
      vertex 67.6673 3.66835 -1.6
      vertex 67.6673 3.66835 -6.11
    endloop
  endfacet
  facet normal -0.970083 0.242775 0
    outer loop
      vertex 67.6673 3.66835 -1.6
      vertex 67.6268 3.50652 -6.11
      vertex 67.6268 3.50652 -1.6
    endloop
  endfacet
  facet normal -0.998791 0.0491513 0
    outer loop
      vertex 67.6918 3.83337 -6.11
      vertex 67.7 4 -1.6
      vertex 67.7 4 -6.11
    endloop
  endfacet
  facet normal -0.998791 0.0491513 0
    outer loop
      vertex 67.7 4 -1.6
      vertex 67.6918 3.83337 -6.11
      vertex 67.6918 3.83337 -1.6
    endloop
  endfacet
  facet normal 0.595695 0.803211 -0
    outer loop
      vertex 65.0555 2.5865 -6.11
      vertex 64.9215 2.68588 -1.6
      vertex 65.0555 2.5865 -1.6
    endloop
  endfacet
  facet normal 0.595695 0.803211 0
    outer loop
      vertex 64.9215 2.68588 -1.6
      vertex 65.0555 2.5865 -6.11
      vertex 64.9215 2.68588 -6.11
    endloop
  endfacet
  facet normal 0.42754 0.903996 -0
    outer loop
      vertex 65.3494 2.42941 -6.11
      vertex 65.1986 2.50073 -1.6
      vertex 65.3494 2.42941 -1.6
    endloop
  endfacet
  facet normal 0.42754 0.903996 0
    outer loop
      vertex 65.1986 2.50073 -1.6
      vertex 65.3494 2.42941 -6.11
      vertex 65.1986 2.50073 -6.11
    endloop
  endfacet
  facet normal 0.242846 0.970065 -0
    outer loop
      vertex 65.6684 2.33267 -6.11
      vertex 65.5065 2.3732 -1.6
      vertex 65.6684 2.33267 -1.6
    endloop
  endfacet
  facet normal 0.242846 0.970065 0
    outer loop
      vertex 65.5065 2.3732 -1.6
      vertex 65.6684 2.33267 -6.11
      vertex 65.5065 2.3732 -6.11
    endloop
  endfacet
  facet normal 0.741051 0.671448 0
    outer loop
      vertex 64.7979 2.79792 -1.6
      vertex 64.6859 2.92153 -6.11
      vertex 64.6859 2.92153 -1.6
    endloop
  endfacet
  facet normal 0.741051 0.671448 0
    outer loop
      vertex 64.6859 2.92153 -6.11
      vertex 64.7979 2.79792 -1.6
      vertex 64.7979 2.79792 -6.11
    endloop
  endfacet
  facet normal -0.706681 -0.0347035 -0.706681
    outer loop
      vertex 69.1747 4.31156 -7.6
      vertex 69.19 4 -7.6
      vertex 67.7 4 -6.11
    endloop
  endfacet
  facet normal -0.524238 -0.475158 -0.706682
    outer loop
      vertex 68.2564 6.25485 -7.6
      vertex 68.4659 6.02371 -7.6
      vertex 67.3141 5.07847 -6.11
    endloop
  endfacet
  facet normal 0.103835 -0.699869 -0.706683
    outer loop
      vertex 65.6684 5.66733 -6.11
      vertex 65.3788 7.12887 -7.6
      vertex 65.8334 5.69181 -6.11
    endloop
  endfacet
  facet normal 0.108048 -0.699133 -0.70678
    outer loop
      vertex 65.3788 7.12887 -7.6
      vertex 65.6684 5.66733 -6.11
      vertex 65.3777 7.1287 -7.6
    endloop
  endfacet
  facet normal 0.568317 -0.421446 -0.706682
    outer loop
      vertex 63.5341 6.02371 -7.6
      vertex 64.6859 5.07847 -6.11
      vertex 63.3483 5.77316 -7.6
    endloop
  endfacet
  facet normal 0.706681 -0.0347035 -0.706681
    outer loop
      vertex 62.8253 4.31156 -7.6
      vertex 64.3 4 -6.11
      vertex 62.81 4 -7.6
    endloop
  endfacet
  facet normal -0.634412 -0.314066 -0.706317
    outer loop
      vertex 67.5706 4.65056 -6.11
      vertex 68.9467 5.22177 -7.6
      vertex 68.9472 5.22076 -7.6
    endloop
  endfacet
  facet normal -0.639646 -0.302412 -0.706683
    outer loop
      vertex 68.9467 5.22177 -7.6
      vertex 67.5706 4.65056 -6.11
      vertex 67.4993 4.80137 -6.11
    endloop
  endfacet
  facet normal -0.682251 -0.189514 -0.706129
    outer loop
      vertex 67.6673 4.33165 -6.11
      vertex 69.1284 4.62342 -7.6
      vertex 69.1287 4.62234 -7.6
    endloop
  endfacet
  facet normal -0.686361 -0.171771 -0.706685
    outer loop
      vertex 69.1284 4.62342 -7.6
      vertex 67.6673 4.33165 -6.11
      vertex 67.6268 4.49348 -6.11
    endloop
  endfacet
  facet normal -0.695741 0.126498 -0.707066
    outer loop
      vertex 67.6673 3.66835 -6.11
      vertex 69.1289 3.37876 -7.6
      vertex 69.1287 3.37766 -7.6
    endloop
  endfacet
  facet normal -0.699844 0.103904 -0.706699
    outer loop
      vertex 69.1289 3.37876 -7.6
      vertex 67.6673 3.66835 -6.11
      vertex 67.6918 3.83337 -6.11
    endloop
  endfacet
  facet normal -0.238345 -0.666177 -0.706682
    outer loop
      vertex 66.9271 7.05226 -7.6
      vertex 67.2208 6.94718 -7.6
      vertex 66.6506 5.57059 -6.11
    endloop
  endfacet
  facet normal -0.363806 -0.606834 -0.706681
    outer loop
      vertex 67.5038 6.81333 -7.6
      vertex 67.7713 6.65296 -7.6
      vertex 66.8014 5.49927 -6.11
    endloop
  endfacet
  facet normal -0.0321303 -0.706867 -0.706616
    outer loop
      vertex 66.1666 5.69181 -6.11
      vertex 66.3116 7.17469 -7.6
      vertex 66.3127 7.17464 -7.6
    endloop
  endfacet
  facet normal -0.0347401 -0.706678 -0.706682
    outer loop
      vertex 66.3116 7.17469 -7.6
      vertex 66.1666 5.69181 -6.11
      vertex 66 5.7 -6.11
    endloop
  endfacet
  facet normal 0.606808 -0.363831 -0.70669
    outer loop
      vertex 63.347 5.77131 -7.6
      vertex 64.5865 4.94447 -6.11
      vertex 64.5007 4.80137 -6.11
    endloop
  endfacet
  facet normal 0.599763 -0.374852 -0.706945
    outer loop
      vertex 64.5865 4.94447 -6.11
      vertex 63.347 5.77131 -7.6
      vertex 63.3476 5.77227 -7.6
    endloop
  endfacet
  facet normal 0.706671 -0.0347759 -0.706687
    outer loop
      vertex 62.8253 4.31156 -7.6
      vertex 64.3082 4.16663 -6.11
      vertex 64.3 4 -6.11
    endloop
  endfacet
  facet normal 0.704273 -0.063448 -0.707088
    outer loop
      vertex 64.3082 4.16663 -6.11
      vertex 62.8253 4.31156 -7.6
      vertex 62.8254 4.31267 -7.6
    endloop
  endfacet
  facet normal 0.568317 0.421446 -0.706682
    outer loop
      vertex 64.6859 2.92153 -6.11
      vertex 63.5341 1.97629 -7.6
      vertex 63.3483 2.22684 -7.6
    endloop
  endfacet
  facet normal -0.639584 -0.302576 -0.706669
    outer loop
      vertex 68.8133 5.50375 -7.6
      vertex 68.9467 5.22177 -7.6
      vertex 67.4993 4.80137 -6.11
    endloop
  endfacet
  facet normal -0.606808 -0.363831 -0.70669
    outer loop
      vertex 67.4135 4.94447 -6.11
      vertex 68.653 5.77131 -7.6
      vertex 67.4993 4.80137 -6.11
    endloop
  endfacet
  facet normal -0.599763 -0.374852 -0.706945
    outer loop
      vertex 68.653 5.77131 -7.6
      vertex 67.4135 4.94447 -6.11
      vertex 68.6524 5.77227 -7.6
    endloop
  endfacet
  facet normal -0.238353 0.666174 -0.706683
    outer loop
      vertex 67.2208 1.05282 -7.6
      vertex 66.9271 0.947736 -7.6
      vertex 66.6506 2.42941 -6.11
    endloop
  endfacet
  facet normal 0.03474 0.706677 -0.706683
    outer loop
      vertex 65.6884 0.825307 -7.6
      vertex 65.8334 2.30819 -6.11
      vertex 66 2.3 -6.11
    endloop
  endfacet
  facet normal 0.0353317 0.706634 -0.706697
    outer loop
      vertex 65.8334 2.30819 -6.11
      vertex 65.6884 0.825307 -7.6
      vertex 65.6873 0.825362 -7.6
    endloop
  endfacet
  facet normal -0.639584 0.302576 -0.706669
    outer loop
      vertex 68.9467 2.77823 -7.6
      vertex 68.8133 2.49625 -7.6
      vertex 67.4993 3.19863 -6.11
    endloop
  endfacet
  facet normal -0.666162 0.238377 -0.706685
    outer loop
      vertex 69.0523 3.07295 -7.6
      vertex 68.9472 2.77924 -7.6
      vertex 67.5706 3.34944 -6.11
    endloop
  endfacet
  facet normal -0.706681 0.0347035 -0.706681
    outer loop
      vertex 69.19 4 -7.6
      vertex 69.1747 3.68844 -7.6
      vertex 67.7 4 -6.11
    endloop
  endfacet
  facet normal -0.238355 -0.666174 -0.706682
    outer loop
      vertex 66.4935 5.6268 -6.11
      vertex 66.9271 7.05226 -7.6
      vertex 66.6506 5.57059 -6.11
    endloop
  endfacet
  facet normal -0.230969 -0.668595 -0.706848
    outer loop
      vertex 66.9271 7.05226 -7.6
      vertex 66.4935 5.6268 -6.11
      vertex 66.926 7.05264 -7.6
    endloop
  endfacet
  facet normal -0.524324 -0.475077 -0.706672
    outer loop
      vertex 67.2021 5.20208 -6.11
      vertex 68.2564 6.25485 -7.6
      vertex 67.3141 5.07847 -6.11
    endloop
  endfacet
  facet normal -0.538633 -0.459809 -0.70601
    outer loop
      vertex 68.2564 6.25485 -7.6
      vertex 67.2021 5.20208 -6.11
      vertex 68.2557 6.25567 -7.6
    endloop
  endfacet
  facet normal 0.421548 -0.56825 -0.706675
    outer loop
      vertex 64.2268 6.65173 -7.6
      vertex 64.9215 5.31412 -6.11
      vertex 63.9763 6.4659 -7.6
    endloop
  endfacet
  facet normal -0.103835 -0.69987 -0.706683
    outer loop
      vertex 66.3127 7.17464 -7.6
      vertex 66.6212 7.12887 -7.6
      vertex 66.1666 5.69181 -6.11
    endloop
  endfacet
  facet normal -0.108048 -0.699133 -0.70678
    outer loop
      vertex 66.3316 5.66733 -6.11
      vertex 66.6212 7.12887 -7.6
      vertex 66.6223 7.1287 -7.6
    endloop
  endfacet
  facet normal -0.103835 -0.699869 -0.706683
    outer loop
      vertex 66.6212 7.12887 -7.6
      vertex 66.3316 5.66733 -6.11
      vertex 66.1666 5.69181 -6.11
    endloop
  endfacet
  facet normal -0.0347217 -0.70668 -0.70668
    outer loop
      vertex 66 7.19 -7.6
      vertex 66.3116 7.17469 -7.6
      vertex 66 5.7 -6.11
    endloop
  endfacet
  facet normal 0.568263 -0.421533 -0.706673
    outer loop
      vertex 64.5865 4.94447 -6.11
      vertex 63.3483 5.77316 -7.6
      vertex 64.6859 5.07847 -6.11
    endloop
  endfacet
  facet normal 0.556626 -0.437795 -0.706047
    outer loop
      vertex 63.3483 5.77316 -7.6
      vertex 64.5865 4.94447 -6.11
      vertex 63.3476 5.77227 -7.6
    endloop
  endfacet
  facet normal 0.639584 -0.302576 -0.706669
    outer loop
      vertex 63.1867 5.50375 -7.6
      vertex 64.5007 4.80137 -6.11
      vertex 63.0533 5.22177 -7.6
    endloop
  endfacet
  facet normal 0.606949 -0.363634 -0.706671
    outer loop
      vertex 63.347 5.77131 -7.6
      vertex 64.5007 4.80137 -6.11
      vertex 63.1867 5.50375 -7.6
    endloop
  endfacet
  facet normal 0.666162 -0.238377 -0.706685
    outer loop
      vertex 63.0528 5.22076 -7.6
      vertex 64.4294 4.65056 -6.11
      vertex 62.9477 4.92705 -7.6
    endloop
  endfacet
  facet normal 0.666171 -0.238342 -0.706688
    outer loop
      vertex 64.3732 4.49348 -6.11
      vertex 62.9477 4.92705 -7.6
      vertex 64.4294 4.65056 -6.11
    endloop
  endfacet
  facet normal 0.679445 -0.195994 -0.707065
    outer loop
      vertex 62.9477 4.92705 -7.6
      vertex 64.3732 4.49348 -6.11
      vertex 62.9474 4.92601 -7.6
    endloop
  endfacet
  facet normal 0.418357 0.570487 -0.706769
    outer loop
      vertex 64.2268 1.34827 -7.6
      vertex 65.0555 2.5865 -6.11
      vertex 64.2277 1.34761 -7.6
    endloop
  endfacet
  facet normal 0.421473 0.568297 -0.706682
    outer loop
      vertex 65.0555 2.5865 -6.11
      vertex 64.2268 1.34827 -7.6
      vertex 64.9215 2.68588 -6.11
    endloop
  endfacet
  facet normal -0.706671 -0.0347759 -0.706687
    outer loop
      vertex 67.6918 4.16663 -6.11
      vertex 69.1747 4.31156 -7.6
      vertex 67.7 4 -6.11
    endloop
  endfacet
  facet normal -0.704273 -0.063448 -0.707088
    outer loop
      vertex 69.1747 4.31156 -7.6
      vertex 67.6918 4.16663 -6.11
      vertex 69.1746 4.31267 -7.6
    endloop
  endfacet
  facet normal -0.686335 -0.17193 -0.706672
    outer loop
      vertex 69.0526 4.92601 -7.6
      vertex 69.1284 4.62342 -7.6
      vertex 67.6268 4.49348 -6.11
    endloop
  endfacet
  facet normal -0.666162 -0.238377 -0.706685
    outer loop
      vertex 68.9472 5.22076 -7.6
      vertex 69.0523 4.92705 -7.6
      vertex 67.5706 4.65056 -6.11
    endloop
  endfacet
  facet normal -0.169234 0.686927 -0.706747
    outer loop
      vertex 66.3316 2.33267 -6.11
      vertex 66.6234 0.871566 -7.6
      vertex 66.6223 0.871295 -7.6
    endloop
  endfacet
  facet normal -0.17182 0.686347 -0.706686
    outer loop
      vertex 66.6234 0.871566 -7.6
      vertex 66.3316 2.33267 -6.11
      vertex 66.4935 2.3732 -6.11
    endloop
  endfacet
  facet normal -0.103835 0.69987 -0.706683
    outer loop
      vertex 66.6212 0.871132 -7.6
      vertex 66.3127 0.825362 -7.6
      vertex 66.1666 2.30819 -6.11
    endloop
  endfacet
  facet normal -0.350603 0.615092 -0.706215
    outer loop
      vertex 67.7713 1.34704 -7.6
      vertex 66.9445 2.5865 -6.11
      vertex 67.7723 1.34761 -7.6
    endloop
  endfacet
  facet normal -0.363745 0.606878 -0.706675
    outer loop
      vertex 66.9445 2.5865 -6.11
      vertex 67.7713 1.34704 -7.6
      vertex 66.8014 2.50073 -6.11
    endloop
  endfacet
  facet normal -0.363806 0.606834 -0.706681
    outer loop
      vertex 67.7713 1.34704 -7.6
      vertex 67.5038 1.18667 -7.6
      vertex 66.8014 2.50073 -6.11
    endloop
  endfacet
  facet normal -0.421548 0.56825 -0.706675
    outer loop
      vertex 68.0237 1.5341 -7.6
      vertex 67.7732 1.34827 -7.6
      vertex 67.0785 2.68588 -6.11
    endloop
  endfacet
  facet normal -0.524238 0.475158 -0.706682
    outer loop
      vertex 68.4659 1.97629 -7.6
      vertex 68.2564 1.74515 -7.6
      vertex 67.3141 2.92153 -6.11
    endloop
  endfacet
  facet normal -0.686335 0.17193 -0.706672
    outer loop
      vertex 69.1284 3.37658 -7.6
      vertex 69.0526 3.07399 -7.6
      vertex 67.6268 3.50652 -6.11
    endloop
  endfacet
  facet normal -0.682251 0.189514 -0.706129
    outer loop
      vertex 69.1284 3.37658 -7.6
      vertex 67.6673 3.66835 -6.11
      vertex 69.1287 3.37766 -7.6
    endloop
  endfacet
  facet normal -0.686361 0.171771 -0.706685
    outer loop
      vertex 67.6673 3.66835 -6.11
      vertex 69.1284 3.37658 -7.6
      vertex 67.6268 3.50652 -6.11
    endloop
  endfacet
  facet normal -0.302498 -0.639606 -0.706682
    outer loop
      vertex 67.2218 6.9467 -7.6
      vertex 67.5038 6.81333 -7.6
      vertex 66.8014 5.49927 -6.11
    endloop
  endfacet
  facet normal -0.302498 -0.639606 -0.706682
    outer loop
      vertex 66.6506 5.57059 -6.11
      vertex 67.2218 6.9467 -7.6
      vertex 66.8014 5.49927 -6.11
    endloop
  endfacet
  facet normal -0.306216 -0.63795 -0.706577
    outer loop
      vertex 67.2218 6.9467 -7.6
      vertex 66.6506 5.57059 -6.11
      vertex 67.2208 6.94718 -7.6
    endloop
  endfacet
  facet normal -0.421548 -0.56825 -0.706675
    outer loop
      vertex 67.7732 6.65173 -7.6
      vertex 68.0237 6.4659 -7.6
      vertex 67.0785 5.31412 -6.11
    endloop
  endfacet
  facet normal -0.475185 -0.524228 -0.706671
    outer loop
      vertex 68.0237 6.4659 -7.6
      vertex 68.2548 6.25642 -7.6
      vertex 67.0785 5.31412 -6.11
    endloop
  endfacet
  facet normal 0.302498 -0.639606 -0.706682
    outer loop
      vertex 64.7782 6.9467 -7.6
      vertex 65.1986 5.49927 -6.11
      vertex 64.4962 6.81333 -7.6
    endloop
  endfacet
  facet normal 0.475185 -0.524228 -0.706671
    outer loop
      vertex 63.9763 6.4659 -7.6
      vertex 64.9215 5.31412 -6.11
      vertex 63.7452 6.25642 -7.6
    endloop
  endfacet
  facet normal 0.17182 -0.686348 -0.706685
    outer loop
      vertex 65.3766 7.12843 -7.6
      vertex 65.6684 5.66733 -6.11
      vertex 65.5065 5.6268 -6.11
    endloop
  endfacet
  facet normal 0.168642 -0.687059 -0.70676
    outer loop
      vertex 65.6684 5.66733 -6.11
      vertex 65.3766 7.12843 -7.6
      vertex 65.3777 7.1287 -7.6
    endloop
  endfacet
  facet normal 0.0347217 -0.70668 -0.70668
    outer loop
      vertex 66 7.19 -7.6
      vertex 66 5.7 -6.11
      vertex 65.6884 7.17469 -7.6
    endloop
  endfacet
  facet normal -0.171901 -0.686335 -0.706678
    outer loop
      vertex 66.6234 7.12843 -7.6
      vertex 66.926 7.05264 -7.6
      vertex 66.4935 5.6268 -6.11
    endloop
  endfacet
  facet normal -0.17182 -0.686348 -0.706685
    outer loop
      vertex 66.3316 5.66733 -6.11
      vertex 66.6234 7.12843 -7.6
      vertex 66.4935 5.6268 -6.11
    endloop
  endfacet
  facet normal -0.168642 -0.687059 -0.70676
    outer loop
      vertex 66.6234 7.12843 -7.6
      vertex 66.3316 5.66733 -6.11
      vertex 66.6223 7.1287 -7.6
    endloop
  endfacet
  facet normal 0.524324 -0.475077 -0.706672
    outer loop
      vertex 63.7436 6.25485 -7.6
      vertex 64.7979 5.20208 -6.11
      vertex 64.6859 5.07847 -6.11
    endloop
  endfacet
  facet normal 0.538633 -0.459809 -0.70601
    outer loop
      vertex 64.7979 5.20208 -6.11
      vertex 63.7436 6.25485 -7.6
      vertex 63.7443 6.25567 -7.6
    endloop
  endfacet
  facet normal 0.524238 -0.475158 -0.706682
    outer loop
      vertex 63.7436 6.25485 -7.6
      vertex 64.6859 5.07847 -6.11
      vertex 63.5341 6.02371 -7.6
    endloop
  endfacet
  facet normal 0.639646 -0.302412 -0.706683
    outer loop
      vertex 64.4294 4.65056 -6.11
      vertex 63.0533 5.22177 -7.6
      vertex 64.5007 4.80137 -6.11
    endloop
  endfacet
  facet normal 0.634412 -0.314066 -0.706317
    outer loop
      vertex 63.0533 5.22177 -7.6
      vertex 64.4294 4.65056 -6.11
      vertex 63.0528 5.22076 -7.6
    endloop
  endfacet
  facet normal 0.699844 -0.103904 -0.706699
    outer loop
      vertex 62.8711 4.62124 -7.6
      vertex 64.3327 4.33165 -6.11
      vertex 64.3082 4.16663 -6.11
    endloop
  endfacet
  facet normal 0.695741 -0.126498 -0.707066
    outer loop
      vertex 64.3327 4.33165 -6.11
      vertex 62.8711 4.62124 -7.6
      vertex 62.8713 4.62234 -7.6
    endloop
  endfacet
  facet normal 0.699901 -0.103657 -0.706678
    outer loop
      vertex 62.8711 4.62124 -7.6
      vertex 64.3082 4.16663 -6.11
      vertex 62.8254 4.31267 -7.6
    endloop
  endfacet
  facet normal 0.686335 -0.17193 -0.706672
    outer loop
      vertex 62.9474 4.92601 -7.6
      vertex 64.3732 4.49348 -6.11
      vertex 62.8716 4.62342 -7.6
    endloop
  endfacet
  facet normal 0.686361 -0.171771 -0.706685
    outer loop
      vertex 64.3327 4.33165 -6.11
      vertex 62.8716 4.62342 -7.6
      vertex 64.3732 4.49348 -6.11
    endloop
  endfacet
  facet normal 0.682251 -0.189514 -0.706129
    outer loop
      vertex 62.8716 4.62342 -7.6
      vertex 64.3327 4.33165 -6.11
      vertex 62.8713 4.62234 -7.6
    endloop
  endfacet
  facet normal -0.0347149 0.706681 -0.706681
    outer loop
      vertex 66 2.3 -6.11
      vertex 66.3116 0.825307 -7.6
      vertex 66 0.81 -7.6
    endloop
  endfacet
  facet normal 0.171912 0.686332 -0.706679
    outer loop
      vertex 65.5065 2.3732 -6.11
      vertex 65.3766 0.871566 -7.6
      vertex 65.074 0.947361 -7.6
    endloop
  endfacet
  facet normal 0.475192 0.524221 -0.706672
    outer loop
      vertex 63.7452 1.74358 -7.6
      vertex 64.7979 2.79792 -6.11
      vertex 64.9215 2.68588 -6.11
    endloop
  endfacet
  facet normal 0.453608 0.54433 -0.705652
    outer loop
      vertex 64.7979 2.79792 -6.11
      vertex 63.7452 1.74358 -7.6
      vertex 63.7443 1.74433 -7.6
    endloop
  endfacet
  facet normal 0.538633 0.459809 -0.70601
    outer loop
      vertex 63.7436 1.74515 -7.6
      vertex 64.7979 2.79792 -6.11
      vertex 63.7443 1.74433 -7.6
    endloop
  endfacet
  facet normal 0.524324 0.475077 -0.706672
    outer loop
      vertex 64.7979 2.79792 -6.11
      vertex 63.7436 1.74515 -7.6
      vertex 64.6859 2.92153 -6.11
    endloop
  endfacet
  facet normal 0.524238 0.475158 -0.706682
    outer loop
      vertex 64.6859 2.92153 -6.11
      vertex 63.7436 1.74515 -7.6
      vertex 63.5341 1.97629 -7.6
    endloop
  endfacet
  facet normal 0.686335 0.17193 -0.706672
    outer loop
      vertex 64.3732 3.50652 -6.11
      vertex 62.9474 3.07399 -7.6
      vertex 62.8716 3.37658 -7.6
    endloop
  endfacet
  facet normal 0.606949 0.363634 -0.706671
    outer loop
      vertex 64.5007 3.19863 -6.11
      vertex 63.347 2.22869 -7.6
      vertex 63.1867 2.49625 -7.6
    endloop
  endfacet
  facet normal 0.666171 0.238342 -0.706688
    outer loop
      vertex 62.9477 3.07295 -7.6
      vertex 64.3732 3.50652 -6.11
      vertex 64.4294 3.34944 -6.11
    endloop
  endfacet
  facet normal 0.679445 0.195994 -0.707065
    outer loop
      vertex 64.3732 3.50652 -6.11
      vertex 62.9477 3.07295 -7.6
      vertex 62.9474 3.07399 -7.6
    endloop
  endfacet
  facet normal -0.699901 -0.103657 -0.706678
    outer loop
      vertex 69.1289 4.62124 -7.6
      vertex 69.1746 4.31267 -7.6
      vertex 67.6918 4.16663 -6.11
    endloop
  endfacet
  facet normal -0.699844 -0.103904 -0.706699
    outer loop
      vertex 67.6673 4.33165 -6.11
      vertex 69.1289 4.62124 -7.6
      vertex 67.6918 4.16663 -6.11
    endloop
  endfacet
  facet normal -0.695741 -0.126498 -0.707066
    outer loop
      vertex 69.1289 4.62124 -7.6
      vertex 67.6673 4.33165 -6.11
      vertex 69.1287 4.62234 -7.6
    endloop
  endfacet
  facet normal -0.606949 -0.363634 -0.706671
    outer loop
      vertex 68.653 5.77131 -7.6
      vertex 68.8133 5.50375 -7.6
      vertex 67.4993 4.80137 -6.11
    endloop
  endfacet
  facet normal -0.679445 -0.195994 -0.707065
    outer loop
      vertex 67.6268 4.49348 -6.11
      vertex 69.0523 4.92705 -7.6
      vertex 69.0526 4.92601 -7.6
    endloop
  endfacet
  facet normal -0.666171 -0.238342 -0.706688
    outer loop
      vertex 69.0523 4.92705 -7.6
      vertex 67.6268 4.49348 -6.11
      vertex 67.5706 4.65056 -6.11
    endloop
  endfacet
  facet normal -0.556626 -0.437795 -0.706047
    outer loop
      vertex 67.4135 4.94447 -6.11
      vertex 68.6517 5.77316 -7.6
      vertex 68.6524 5.77227 -7.6
    endloop
  endfacet
  facet normal -0.568263 -0.421533 -0.706673
    outer loop
      vertex 68.6517 5.77316 -7.6
      vertex 67.4135 4.94447 -6.11
      vertex 67.3141 5.07847 -6.11
    endloop
  endfacet
  facet normal -0.568317 -0.421446 -0.706682
    outer loop
      vertex 68.4659 6.02371 -7.6
      vertex 68.6517 5.77316 -7.6
      vertex 67.3141 5.07847 -6.11
    endloop
  endfacet
  facet normal -0.103711 0.699891 -0.70668
    outer loop
      vertex 66.6212 0.871132 -7.6
      vertex 66.3316 2.33267 -6.11
      vertex 66.6223 0.871295 -7.6
    endloop
  endfacet
  facet normal -0.103835 0.69987 -0.706683
    outer loop
      vertex 66.3316 2.33267 -6.11
      vertex 66.6212 0.871132 -7.6
      vertex 66.1666 2.30819 -6.11
    endloop
  endfacet
  facet normal -0.556626 0.437795 -0.706047
    outer loop
      vertex 68.6517 2.22684 -7.6
      vertex 67.4135 3.05553 -6.11
      vertex 68.6524 2.22773 -7.6
    endloop
  endfacet
  facet normal -0.568263 0.421533 -0.706673
    outer loop
      vertex 67.4135 3.05553 -6.11
      vertex 68.6517 2.22684 -7.6
      vertex 67.3141 2.92153 -6.11
    endloop
  endfacet
  facet normal -0.306216 0.63795 -0.706577
    outer loop
      vertex 66.6506 2.42941 -6.11
      vertex 67.2218 1.0533 -7.6
      vertex 67.2208 1.05282 -7.6
    endloop
  endfacet
  facet normal -0.302498 0.639606 -0.706682
    outer loop
      vertex 67.2218 1.0533 -7.6
      vertex 66.6506 2.42941 -6.11
      vertex 66.8014 2.50073 -6.11
    endloop
  endfacet
  facet normal -0.302498 0.639606 -0.706682
    outer loop
      vertex 67.5038 1.18667 -7.6
      vertex 67.2218 1.0533 -7.6
      vertex 66.8014 2.50073 -6.11
    endloop
  endfacet
  facet normal -0.475185 0.524228 -0.706671
    outer loop
      vertex 68.2548 1.74358 -7.6
      vertex 68.0237 1.5341 -7.6
      vertex 67.0785 2.68588 -6.11
    endloop
  endfacet
  facet normal -0.634412 0.314066 -0.706317
    outer loop
      vertex 68.9467 2.77823 -7.6
      vertex 67.5706 3.34944 -6.11
      vertex 68.9472 2.77924 -7.6
    endloop
  endfacet
  facet normal -0.639646 0.302412 -0.706683
    outer loop
      vertex 67.5706 3.34944 -6.11
      vertex 68.9467 2.77823 -7.6
      vertex 67.4993 3.19863 -6.11
    endloop
  endfacet
  facet normal -0.599763 0.374852 -0.706945
    outer loop
      vertex 67.4135 3.05553 -6.11
      vertex 68.653 2.22869 -7.6
      vertex 68.6524 2.22773 -7.6
    endloop
  endfacet
  facet normal -0.606808 0.363831 -0.70669
    outer loop
      vertex 68.653 2.22869 -7.6
      vertex 67.4135 3.05553 -6.11
      vertex 67.4993 3.19863 -6.11
    endloop
  endfacet
  facet normal -0.606949 0.363634 -0.706671
    outer loop
      vertex 68.8133 2.49625 -7.6
      vertex 68.653 2.22869 -7.6
      vertex 67.4993 3.19863 -6.11
    endloop
  endfacet
  facet normal -0.699901 0.103657 -0.706678
    outer loop
      vertex 69.1746 3.68733 -7.6
      vertex 69.1289 3.37876 -7.6
      vertex 67.6918 3.83337 -6.11
    endloop
  endfacet
  facet normal -0.421473 -0.568297 -0.706682
    outer loop
      vertex 66.9445 5.4135 -6.11
      vertex 67.7732 6.65173 -7.6
      vertex 67.0785 5.31412 -6.11
    endloop
  endfacet
  facet normal -0.418357 -0.570487 -0.706769
    outer loop
      vertex 67.7732 6.65173 -7.6
      vertex 66.9445 5.4135 -6.11
      vertex 67.7723 6.65239 -7.6
    endloop
  endfacet
  facet normal -0.350603 -0.615092 -0.706215
    outer loop
      vertex 66.9445 5.4135 -6.11
      vertex 67.7713 6.65296 -7.6
      vertex 67.7723 6.65239 -7.6
    endloop
  endfacet
  facet normal -0.363745 -0.606878 -0.706675
    outer loop
      vertex 67.7713 6.65296 -7.6
      vertex 66.9445 5.4135 -6.11
      vertex 66.8014 5.49927 -6.11
    endloop
  endfacet
  facet normal 0.238345 -0.666177 -0.706682
    outer loop
      vertex 65.0729 7.05226 -7.6
      vertex 65.3494 5.57059 -6.11
      vertex 64.7792 6.94718 -7.6
    endloop
  endfacet
  facet normal 0.302498 -0.639606 -0.706682
    outer loop
      vertex 64.7782 6.9467 -7.6
      vertex 65.3494 5.57059 -6.11
      vertex 65.1986 5.49927 -6.11
    endloop
  endfacet
  facet normal 0.306216 -0.63795 -0.706577
    outer loop
      vertex 65.3494 5.57059 -6.11
      vertex 64.7782 6.9467 -7.6
      vertex 64.7792 6.94718 -7.6
    endloop
  endfacet
  facet normal 0.363806 -0.606834 -0.706681
    outer loop
      vertex 64.4962 6.81333 -7.6
      vertex 65.1986 5.49927 -6.11
      vertex 64.2287 6.65296 -7.6
    endloop
  endfacet
  facet normal 0.475192 -0.524221 -0.706672
    outer loop
      vertex 64.7979 5.20208 -6.11
      vertex 63.7452 6.25642 -7.6
      vertex 64.9215 5.31412 -6.11
    endloop
  endfacet
  facet normal 0.453608 -0.54433 -0.705652
    outer loop
      vertex 63.7452 6.25642 -7.6
      vertex 64.7979 5.20208 -6.11
      vertex 63.7443 6.25567 -7.6
    endloop
  endfacet
  facet normal 0.0347401 -0.706678 -0.706682
    outer loop
      vertex 65.8334 5.69181 -6.11
      vertex 65.6884 7.17469 -7.6
      vertex 66 5.7 -6.11
    endloop
  endfacet
  facet normal 0.0321303 -0.706867 -0.706616
    outer loop
      vertex 65.6884 7.17469 -7.6
      vertex 65.8334 5.69181 -6.11
      vertex 65.6873 7.17464 -7.6
    endloop
  endfacet
  facet normal 0.103835 -0.69987 -0.706683
    outer loop
      vertex 65.6873 7.17464 -7.6
      vertex 65.8334 5.69181 -6.11
      vertex 65.3788 7.12887 -7.6
    endloop
  endfacet
  facet normal 0.169234 0.686927 -0.706747
    outer loop
      vertex 65.3766 0.871566 -7.6
      vertex 65.6684 2.33267 -6.11
      vertex 65.3777 0.871295 -7.6
    endloop
  endfacet
  facet normal 0.17182 0.686347 -0.706686
    outer loop
      vertex 65.6684 2.33267 -6.11
      vertex 65.3766 0.871566 -7.6
      vertex 65.5065 2.3732 -6.11
    endloop
  endfacet
  facet normal 0.475185 0.524228 -0.706671
    outer loop
      vertex 64.9215 2.68588 -6.11
      vertex 63.9763 1.5341 -7.6
      vertex 63.7452 1.74358 -7.6
    endloop
  endfacet
  facet normal 0.421548 0.56825 -0.706675
    outer loop
      vertex 64.9215 2.68588 -6.11
      vertex 64.2268 1.34827 -7.6
      vertex 63.9763 1.5341 -7.6
    endloop
  endfacet
  facet normal 0.302498 0.639606 -0.706682
    outer loop
      vertex 65.1986 2.50073 -6.11
      vertex 64.7782 1.0533 -7.6
      vertex 64.4962 1.18667 -7.6
    endloop
  endfacet
  facet normal 0.363806 0.606834 -0.706681
    outer loop
      vertex 65.1986 2.50073 -6.11
      vertex 64.4962 1.18667 -7.6
      vertex 64.2287 1.34704 -7.6
    endloop
  endfacet
  facet normal 0.306216 0.63795 -0.706577
    outer loop
      vertex 64.7782 1.0533 -7.6
      vertex 65.3494 2.42941 -6.11
      vertex 64.7792 1.05282 -7.6
    endloop
  endfacet
  facet normal 0.302498 0.639606 -0.706682
    outer loop
      vertex 65.3494 2.42941 -6.11
      vertex 64.7782 1.0533 -7.6
      vertex 65.1986 2.50073 -6.11
    endloop
  endfacet
  facet normal 0.238353 0.666174 -0.706683
    outer loop
      vertex 65.3494 2.42941 -6.11
      vertex 65.0729 0.947736 -7.6
      vertex 64.7792 1.05282 -7.6
    endloop
  endfacet
  facet normal 0.639646 0.302412 -0.706683
    outer loop
      vertex 63.0533 2.77823 -7.6
      vertex 64.4294 3.34944 -6.11
      vertex 64.5007 3.19863 -6.11
    endloop
  endfacet
  facet normal 0.634412 0.314066 -0.706317
    outer loop
      vertex 64.4294 3.34944 -6.11
      vertex 63.0533 2.77823 -7.6
      vertex 63.0528 2.77924 -7.6
    endloop
  endfacet
  facet normal 0.639584 0.302576 -0.706669
    outer loop
      vertex 64.5007 3.19863 -6.11
      vertex 63.1867 2.49625 -7.6
      vertex 63.0533 2.77823 -7.6
    endloop
  endfacet
  facet normal 0.706681 0.0347035 -0.706681
    outer loop
      vertex 64.3 4 -6.11
      vertex 62.8253 3.68844 -7.6
      vertex 62.81 4 -7.6
    endloop
  endfacet
  facet normal 0.686361 0.171771 -0.706685
    outer loop
      vertex 62.8716 3.37658 -7.6
      vertex 64.3327 3.66835 -6.11
      vertex 64.3732 3.50652 -6.11
    endloop
  endfacet
  facet normal 0.682251 0.189514 -0.706129
    outer loop
      vertex 64.3327 3.66835 -6.11
      vertex 62.8716 3.37658 -7.6
      vertex 62.8713 3.37766 -7.6
    endloop
  endfacet
  facet normal 0.704273 0.063448 -0.707088
    outer loop
      vertex 62.8253 3.68844 -7.6
      vertex 64.3082 3.83337 -6.11
      vertex 62.8254 3.68733 -7.6
    endloop
  endfacet
  facet normal 0.706671 0.0347759 -0.706687
    outer loop
      vertex 64.3082 3.83337 -6.11
      vertex 62.8253 3.68844 -7.6
      vertex 64.3 4 -6.11
    endloop
  endfacet
  facet normal 0.666162 0.238377 -0.706685
    outer loop
      vertex 64.4294 3.34944 -6.11
      vertex 63.0528 2.77924 -7.6
      vertex 62.9477 3.07295 -7.6
    endloop
  endfacet
  facet normal -0.453608 -0.54433 -0.705652
    outer loop
      vertex 67.2021 5.20208 -6.11
      vertex 68.2548 6.25642 -7.6
      vertex 68.2557 6.25567 -7.6
    endloop
  endfacet
  facet normal -0.475192 -0.524221 -0.706672
    outer loop
      vertex 68.2548 6.25642 -7.6
      vertex 67.2021 5.20208 -6.11
      vertex 67.0785 5.31412 -6.11
    endloop
  endfacet
  facet normal 0.0347149 0.706681 -0.706681
    outer loop
      vertex 66 2.3 -6.11
      vertex 66 0.81 -7.6
      vertex 65.6884 0.825307 -7.6
    endloop
  endfacet
  facet normal -0.0353317 0.706634 -0.706697
    outer loop
      vertex 66.3116 0.825307 -7.6
      vertex 66.1666 2.30819 -6.11
      vertex 66.3127 0.825362 -7.6
    endloop
  endfacet
  facet normal -0.03474 0.706677 -0.706683
    outer loop
      vertex 66.1666 2.30819 -6.11
      vertex 66.3116 0.825307 -7.6
      vertex 66 2.3 -6.11
    endloop
  endfacet
  facet normal -0.453608 0.54433 -0.705652
    outer loop
      vertex 68.2548 1.74358 -7.6
      vertex 67.2021 2.79792 -6.11
      vertex 68.2557 1.74433 -7.6
    endloop
  endfacet
  facet normal -0.475192 0.524221 -0.706672
    outer loop
      vertex 67.2021 2.79792 -6.11
      vertex 68.2548 1.74358 -7.6
      vertex 67.0785 2.68588 -6.11
    endloop
  endfacet
  facet normal -0.538633 0.459809 -0.70601
    outer loop
      vertex 67.2021 2.79792 -6.11
      vertex 68.2564 1.74515 -7.6
      vertex 68.2557 1.74433 -7.6
    endloop
  endfacet
  facet normal -0.524324 0.475077 -0.706672
    outer loop
      vertex 68.2564 1.74515 -7.6
      vertex 67.2021 2.79792 -6.11
      vertex 67.3141 2.92153 -6.11
    endloop
  endfacet
  facet normal -0.568317 0.421446 -0.706682
    outer loop
      vertex 68.6517 2.22684 -7.6
      vertex 68.4659 1.97629 -7.6
      vertex 67.3141 2.92153 -6.11
    endloop
  endfacet
  facet normal -0.418357 0.570487 -0.706769
    outer loop
      vertex 66.9445 2.5865 -6.11
      vertex 67.7732 1.34827 -7.6
      vertex 67.7723 1.34761 -7.6
    endloop
  endfacet
  facet normal -0.421473 0.568297 -0.706682
    outer loop
      vertex 67.7732 1.34827 -7.6
      vertex 66.9445 2.5865 -6.11
      vertex 67.0785 2.68588 -6.11
    endloop
  endfacet
  facet normal -0.679445 0.195994 -0.707065
    outer loop
      vertex 69.0523 3.07295 -7.6
      vertex 67.6268 3.50652 -6.11
      vertex 69.0526 3.07399 -7.6
    endloop
  endfacet
  facet normal -0.666171 0.238342 -0.706688
    outer loop
      vertex 67.6268 3.50652 -6.11
      vertex 69.0523 3.07295 -7.6
      vertex 67.5706 3.34944 -6.11
    endloop
  endfacet
  facet normal -0.704273 0.063448 -0.707088
    outer loop
      vertex 67.6918 3.83337 -6.11
      vertex 69.1747 3.68844 -7.6
      vertex 69.1746 3.68733 -7.6
    endloop
  endfacet
  facet normal -0.706671 0.0347759 -0.706687
    outer loop
      vertex 69.1747 3.68844 -7.6
      vertex 67.6918 3.83337 -6.11
      vertex 67.7 4 -6.11
    endloop
  endfacet
  facet normal 0.171901 -0.686335 -0.706678
    outer loop
      vertex 65.3766 7.12843 -7.6
      vertex 65.5065 5.6268 -6.11
      vertex 65.074 7.05264 -7.6
    endloop
  endfacet
  facet normal 0.238355 -0.666174 -0.706682
    outer loop
      vertex 65.0729 7.05226 -7.6
      vertex 65.5065 5.6268 -6.11
      vertex 65.3494 5.57059 -6.11
    endloop
  endfacet
  facet normal 0.230969 -0.668595 -0.706848
    outer loop
      vertex 65.5065 5.6268 -6.11
      vertex 65.0729 7.05226 -7.6
      vertex 65.074 7.05264 -7.6
    endloop
  endfacet
  facet normal 0.363745 -0.606878 -0.706675
    outer loop
      vertex 65.0555 5.4135 -6.11
      vertex 64.2287 6.65296 -7.6
      vertex 65.1986 5.49927 -6.11
    endloop
  endfacet
  facet normal 0.350603 -0.615092 -0.706215
    outer loop
      vertex 64.2287 6.65296 -7.6
      vertex 65.0555 5.4135 -6.11
      vertex 64.2277 6.65239 -7.6
    endloop
  endfacet
  facet normal 0.421473 -0.568297 -0.706682
    outer loop
      vertex 64.2268 6.65173 -7.6
      vertex 65.0555 5.4135 -6.11
      vertex 64.9215 5.31412 -6.11
    endloop
  endfacet
  facet normal 0.418357 -0.570487 -0.706769
    outer loop
      vertex 65.0555 5.4135 -6.11
      vertex 64.2268 6.65173 -7.6
      vertex 64.2277 6.65239 -7.6
    endloop
  endfacet
  facet normal 0.363745 0.606878 -0.706675
    outer loop
      vertex 64.2287 1.34704 -7.6
      vertex 65.0555 2.5865 -6.11
      vertex 65.1986 2.50073 -6.11
    endloop
  endfacet
  facet normal 0.350603 0.615092 -0.706215
    outer loop
      vertex 65.0555 2.5865 -6.11
      vertex 64.2287 1.34704 -7.6
      vertex 64.2277 1.34761 -7.6
    endloop
  endfacet
  facet normal 0.228232 0.66948 -0.7069
    outer loop
      vertex 65.0729 0.947736 -7.6
      vertex 65.5065 2.3732 -6.11
      vertex 65.074 0.947361 -7.6
    endloop
  endfacet
  facet normal 0.238355 0.666173 -0.706682
    outer loop
      vertex 65.5065 2.3732 -6.11
      vertex 65.0729 0.947736 -7.6
      vertex 65.3494 2.42941 -6.11
    endloop
  endfacet
  facet normal 0.599763 0.374852 -0.706945
    outer loop
      vertex 63.347 2.22869 -7.6
      vertex 64.5865 3.05553 -6.11
      vertex 63.3476 2.22773 -7.6
    endloop
  endfacet
  facet normal 0.606808 0.363831 -0.70669
    outer loop
      vertex 64.5865 3.05553 -6.11
      vertex 63.347 2.22869 -7.6
      vertex 64.5007 3.19863 -6.11
    endloop
  endfacet
  facet normal 0.568263 0.421533 -0.706673
    outer loop
      vertex 63.3483 2.22684 -7.6
      vertex 64.5865 3.05553 -6.11
      vertex 64.6859 2.92153 -6.11
    endloop
  endfacet
  facet normal 0.556626 0.437795 -0.706047
    outer loop
      vertex 64.5865 3.05553 -6.11
      vertex 63.3483 2.22684 -7.6
      vertex 63.3476 2.22773 -7.6
    endloop
  endfacet
  facet normal 0.699901 0.103657 -0.706678
    outer loop
      vertex 64.3082 3.83337 -6.11
      vertex 62.8711 3.37876 -7.6
      vertex 62.8254 3.68733 -7.6
    endloop
  endfacet
  facet normal 0.695741 0.126498 -0.707066
    outer loop
      vertex 62.8711 3.37876 -7.6
      vertex 64.3327 3.66835 -6.11
      vertex 62.8713 3.37766 -7.6
    endloop
  endfacet
  facet normal 0.699844 0.103904 -0.706699
    outer loop
      vertex 64.3327 3.66835 -6.11
      vertex 62.8711 3.37876 -7.6
      vertex 64.3082 3.83337 -6.11
    endloop
  endfacet
  facet normal 0.103835 0.69987 -0.706683
    outer loop
      vertex 65.3788 0.871132 -7.6
      vertex 65.6684 2.33267 -6.11
      vertex 65.8334 2.30819 -6.11
    endloop
  endfacet
  facet normal 0.103711 0.699891 -0.70668
    outer loop
      vertex 65.6684 2.33267 -6.11
      vertex 65.3788 0.871132 -7.6
      vertex 65.3777 0.871295 -7.6
    endloop
  endfacet
  facet normal 0.103835 0.69987 -0.706683
    outer loop
      vertex 65.8334 2.30819 -6.11
      vertex 65.6873 0.825362 -7.6
      vertex 65.3788 0.871132 -7.6
    endloop
  endfacet
  facet normal -0.171912 0.686332 -0.706679
    outer loop
      vertex 66.926 0.947361 -7.6
      vertex 66.6234 0.871566 -7.6
      vertex 66.4935 2.3732 -6.11
    endloop
  endfacet
  facet normal -0.228232 0.66948 -0.7069
    outer loop
      vertex 66.4935 2.3732 -6.11
      vertex 66.9271 0.947736 -7.6
      vertex 66.926 0.947361 -7.6
    endloop
  endfacet
  facet normal -0.238355 0.666173 -0.706682
    outer loop
      vertex 66.9271 0.947736 -7.6
      vertex 66.4935 2.3732 -6.11
      vertex 66.6506 2.42941 -6.11
    endloop
  endfacet
  facet normal -0.998794 -0.0491004 0
    outer loop
      vertex 5.7 47.095 -6.11
      vertex 5.69181 47.2616 -1.6
      vertex 5.69181 47.2616 -6.11
    endloop
  endfacet
  facet normal -0.998794 -0.0491004 0
    outer loop
      vertex 5.69181 47.2616 -1.6
      vertex 5.7 47.095 -6.11
      vertex 5.7 47.095 -1.6
    endloop
  endfacet
  facet normal 0.998794 -0.0491004 0
    outer loop
      vertex 2.3 47.095 -1.6
      vertex 2.30819 47.2616 -6.11
      vertex 2.30819 47.2616 -1.6
    endloop
  endfacet
  facet normal 0.998794 -0.0491004 0
    outer loop
      vertex 2.30819 47.2616 -6.11
      vertex 2.3 47.095 -1.6
      vertex 2.3 47.095 -6.11
    endloop
  endfacet
  facet normal -0.0491513 -0.998791 0
    outer loop
      vertex 4 48.795 -6.11
      vertex 4.16663 48.7868 -1.6
      vertex 4 48.795 -1.6
    endloop
  endfacet
  facet normal -0.0491513 -0.998791 -0
    outer loop
      vertex 4.16663 48.7868 -1.6
      vertex 4 48.795 -6.11
      vertex 4.16663 48.7868 -6.11
    endloop
  endfacet
  facet normal -0.671448 -0.741051 0
    outer loop
      vertex 5.07847 48.4091 -6.11
      vertex 5.20208 48.2971 -1.6
      vertex 5.07847 48.4091 -1.6
    endloop
  endfacet
  facet normal -0.671448 -0.741051 -0
    outer loop
      vertex 5.20208 48.2971 -1.6
      vertex 5.07847 48.4091 -6.11
      vertex 5.20208 48.2971 -6.11
    endloop
  endfacet
  facet normal 0.671448 -0.741051 0
    outer loop
      vertex 2.79792 48.2971 -6.11
      vertex 2.92153 48.4091 -1.6
      vertex 2.79792 48.2971 -1.6
    endloop
  endfacet
  facet normal 0.671448 -0.741051 0
    outer loop
      vertex 2.92153 48.4091 -1.6
      vertex 2.79792 48.2971 -6.11
      vertex 2.92153 48.4091 -6.11
    endloop
  endfacet
  facet normal 0.336868 -0.941552 0
    outer loop
      vertex 3.34944 48.6656 -6.11
      vertex 3.50652 48.7218 -1.6
      vertex 3.34944 48.6656 -1.6
    endloop
  endfacet
  facet normal 0.336868 -0.941552 0
    outer loop
      vertex 3.50652 48.7218 -1.6
      vertex 3.34944 48.6656 -6.11
      vertex 3.50652 48.7218 -6.11
    endloop
  endfacet
  facet normal -0.903996 -0.42754 0
    outer loop
      vertex 5.57059 47.7456 -6.11
      vertex 5.49927 47.8964 -1.6
      vertex 5.49927 47.8964 -6.11
    endloop
  endfacet
  facet normal -0.903996 -0.42754 0
    outer loop
      vertex 5.49927 47.8964 -1.6
      vertex 5.57059 47.7456 -6.11
      vertex 5.57059 47.7456 -1.6
    endloop
  endfacet
  facet normal -0.427419 -0.904054 0
    outer loop
      vertex 4.65056 48.6656 -6.11
      vertex 4.80137 48.5943 -1.6
      vertex 4.65056 48.6656 -1.6
    endloop
  endfacet
  facet normal -0.427419 -0.904054 -0
    outer loop
      vertex 4.80137 48.5943 -1.6
      vertex 4.65056 48.6656 -6.11
      vertex 4.80137 48.5943 -6.11
    endloop
  endfacet
  facet normal -0.514231 -0.857652 0
    outer loop
      vertex 4.80137 48.5943 -6.11
      vertex 4.94447 48.5085 -1.6
      vertex 4.80137 48.5943 -1.6
    endloop
  endfacet
  facet normal -0.514231 -0.857652 -0
    outer loop
      vertex 4.94447 48.5085 -1.6
      vertex 4.80137 48.5943 -6.11
      vertex 4.94447 48.5085 -6.11
    endloop
  endfacet
  facet normal 0.903996 -0.42754 0
    outer loop
      vertex 2.42941 47.7456 -1.6
      vertex 2.50073 47.8964 -6.11
      vertex 2.50073 47.8964 -1.6
    endloop
  endfacet
  facet normal 0.903996 -0.42754 0
    outer loop
      vertex 2.50073 47.8964 -6.11
      vertex 2.42941 47.7456 -1.6
      vertex 2.42941 47.7456 -6.11
    endloop
  endfacet
  facet normal 0.146857 -0.989158 0
    outer loop
      vertex 3.66835 48.7623 -6.11
      vertex 3.83337 48.7868 -1.6
      vertex 3.66835 48.7623 -1.6
    endloop
  endfacet
  facet normal 0.146857 -0.989158 0
    outer loop
      vertex 3.83337 48.7868 -1.6
      vertex 3.66835 48.7623 -6.11
      vertex 3.83337 48.7868 -6.11
    endloop
  endfacet
  facet normal -0.97003 0.242987 0
    outer loop
      vertex 5.6268 46.6015 -6.11
      vertex 5.66733 46.7633 -1.6
      vertex 5.66733 46.7633 -6.11
    endloop
  endfacet
  facet normal -0.97003 0.242987 0
    outer loop
      vertex 5.66733 46.7633 -1.6
      vertex 5.6268 46.6015 -6.11
      vertex 5.6268 46.6015 -1.6
    endloop
  endfacet
  facet normal 0.941546 0.336883 0
    outer loop
      vertex 2.42941 46.4444 -1.6
      vertex 2.3732 46.6015 -6.11
      vertex 2.3732 46.6015 -1.6
    endloop
  endfacet
  facet normal 0.941546 0.336883 0
    outer loop
      vertex 2.3732 46.6015 -6.11
      vertex 2.42941 46.4444 -1.6
      vertex 2.42941 46.4444 -6.11
    endloop
  endfacet
  facet normal -0.97003 -0.242987 0
    outer loop
      vertex 5.66733 47.4267 -6.11
      vertex 5.6268 47.5885 -1.6
      vertex 5.6268 47.5885 -6.11
    endloop
  endfacet
  facet normal -0.97003 -0.242987 0
    outer loop
      vertex 5.6268 47.5885 -1.6
      vertex 5.66733 47.4267 -6.11
      vertex 5.66733 47.4267 -1.6
    endloop
  endfacet
  facet normal -0.989185 -0.14667 0
    outer loop
      vertex 5.69181 47.2616 -6.11
      vertex 5.66733 47.4267 -1.6
      vertex 5.66733 47.4267 -6.11
    endloop
  endfacet
  facet normal -0.989185 -0.14667 0
    outer loop
      vertex 5.66733 47.4267 -1.6
      vertex 5.69181 47.2616 -6.11
      vertex 5.69181 47.2616 -1.6
    endloop
  endfacet
  facet normal -0.941546 -0.336883 0
    outer loop
      vertex 5.6268 47.5885 -6.11
      vertex 5.57059 47.7456 -1.6
      vertex 5.57059 47.7456 -6.11
    endloop
  endfacet
  facet normal -0.941546 -0.336883 0
    outer loop
      vertex 5.57059 47.7456 -1.6
      vertex 5.6268 47.5885 -6.11
      vertex 5.6268 47.5885 -1.6
    endloop
  endfacet
  facet normal -0.803211 -0.595695 0
    outer loop
      vertex 5.4135 48.0395 -6.11
      vertex 5.31412 48.1735 -1.6
      vertex 5.31412 48.1735 -6.11
    endloop
  endfacet
  facet normal -0.803211 -0.595695 0
    outer loop
      vertex 5.31412 48.1735 -1.6
      vertex 5.4135 48.0395 -6.11
      vertex 5.4135 48.0395 -1.6
    endloop
  endfacet
  facet normal -0.740905 -0.67161 0
    outer loop
      vertex 5.31412 48.1735 -6.11
      vertex 5.20208 48.2971 -1.6
      vertex 5.20208 48.2971 -6.11
    endloop
  endfacet
  facet normal -0.740905 -0.67161 0
    outer loop
      vertex 5.20208 48.2971 -1.6
      vertex 5.31412 48.1735 -6.11
      vertex 5.31412 48.1735 -1.6
    endloop
  endfacet
  facet normal -0.857731 -0.514099 0
    outer loop
      vertex 5.49927 47.8964 -6.11
      vertex 5.4135 48.0395 -1.6
      vertex 5.4135 48.0395 -6.11
    endloop
  endfacet
  facet normal -0.857731 -0.514099 0
    outer loop
      vertex 5.4135 48.0395 -1.6
      vertex 5.49927 47.8964 -6.11
      vertex 5.49927 47.8964 -1.6
    endloop
  endfacet
  facet normal -0.242775 -0.970083 0
    outer loop
      vertex 4.33165 48.7623 -6.11
      vertex 4.49348 48.7218 -1.6
      vertex 4.33165 48.7623 -1.6
    endloop
  endfacet
  facet normal -0.242775 -0.970083 -0
    outer loop
      vertex 4.49348 48.7218 -1.6
      vertex 4.33165 48.7623 -6.11
      vertex 4.49348 48.7218 -6.11
    endloop
  endfacet
  facet normal -0.336868 -0.941552 0
    outer loop
      vertex 4.49348 48.7218 -6.11
      vertex 4.65056 48.6656 -1.6
      vertex 4.49348 48.7218 -1.6
    endloop
  endfacet
  facet normal -0.336868 -0.941552 -0
    outer loop
      vertex 4.65056 48.6656 -1.6
      vertex 4.49348 48.7218 -6.11
      vertex 4.65056 48.6656 -6.11
    endloop
  endfacet
  facet normal -0.146857 -0.989158 0
    outer loop
      vertex 4.16663 48.7868 -6.11
      vertex 4.33165 48.7623 -1.6
      vertex 4.16663 48.7868 -1.6
    endloop
  endfacet
  facet normal -0.146857 -0.989158 -0
    outer loop
      vertex 4.33165 48.7623 -1.6
      vertex 4.16663 48.7868 -6.11
      vertex 4.33165 48.7623 -6.11
    endloop
  endfacet
  facet normal -0.595772 -0.803154 0
    outer loop
      vertex 4.94447 48.5085 -6.11
      vertex 5.07847 48.4091 -1.6
      vertex 4.94447 48.5085 -1.6
    endloop
  endfacet
  facet normal -0.595772 -0.803154 -0
    outer loop
      vertex 5.07847 48.4091 -1.6
      vertex 4.94447 48.5085 -6.11
      vertex 5.07847 48.4091 -6.11
    endloop
  endfacet
  facet normal 0.97003 -0.242987 0
    outer loop
      vertex 2.33267 47.4267 -1.6
      vertex 2.3732 47.5885 -6.11
      vertex 2.3732 47.5885 -1.6
    endloop
  endfacet
  facet normal 0.97003 -0.242987 0
    outer loop
      vertex 2.3732 47.5885 -6.11
      vertex 2.33267 47.4267 -1.6
      vertex 2.33267 47.4267 -6.11
    endloop
  endfacet
  facet normal 0.803211 -0.595695 0
    outer loop
      vertex 2.5865 48.0395 -1.6
      vertex 2.68588 48.1735 -6.11
      vertex 2.68588 48.1735 -1.6
    endloop
  endfacet
  facet normal 0.803211 -0.595695 0
    outer loop
      vertex 2.68588 48.1735 -6.11
      vertex 2.5865 48.0395 -1.6
      vertex 2.5865 48.0395 -6.11
    endloop
  endfacet
  facet normal 0.740905 -0.67161 0
    outer loop
      vertex 2.68588 48.1735 -1.6
      vertex 2.79792 48.2971 -6.11
      vertex 2.79792 48.2971 -1.6
    endloop
  endfacet
  facet normal 0.740905 -0.67161 0
    outer loop
      vertex 2.79792 48.2971 -6.11
      vertex 2.68588 48.1735 -1.6
      vertex 2.68588 48.1735 -6.11
    endloop
  endfacet
  facet normal 0.857731 -0.514099 0
    outer loop
      vertex 2.50073 47.8964 -1.6
      vertex 2.5865 48.0395 -6.11
      vertex 2.5865 48.0395 -1.6
    endloop
  endfacet
  facet normal 0.857731 -0.514099 0
    outer loop
      vertex 2.5865 48.0395 -6.11
      vertex 2.50073 47.8964 -1.6
      vertex 2.50073 47.8964 -6.11
    endloop
  endfacet
  facet normal 0.941546 -0.336883 0
    outer loop
      vertex 2.3732 47.5885 -1.6
      vertex 2.42941 47.7456 -6.11
      vertex 2.42941 47.7456 -1.6
    endloop
  endfacet
  facet normal 0.941546 -0.336883 0
    outer loop
      vertex 2.42941 47.7456 -6.11
      vertex 2.3732 47.5885 -1.6
      vertex 2.3732 47.5885 -6.11
    endloop
  endfacet
  facet normal 0.989185 -0.14667 0
    outer loop
      vertex 2.30819 47.2616 -1.6
      vertex 2.33267 47.4267 -6.11
      vertex 2.33267 47.4267 -1.6
    endloop
  endfacet
  facet normal 0.989185 -0.14667 0
    outer loop
      vertex 2.33267 47.4267 -6.11
      vertex 2.30819 47.2616 -1.6
      vertex 2.30819 47.2616 -6.11
    endloop
  endfacet
  facet normal 0.514231 -0.857652 0
    outer loop
      vertex 3.05553 48.5085 -6.11
      vertex 3.19863 48.5943 -1.6
      vertex 3.05553 48.5085 -1.6
    endloop
  endfacet
  facet normal 0.514231 -0.857652 0
    outer loop
      vertex 3.19863 48.5943 -1.6
      vertex 3.05553 48.5085 -6.11
      vertex 3.19863 48.5943 -6.11
    endloop
  endfacet
  facet normal 0.427419 -0.904054 0
    outer loop
      vertex 3.19863 48.5943 -6.11
      vertex 3.34944 48.6656 -1.6
      vertex 3.19863 48.5943 -1.6
    endloop
  endfacet
  facet normal 0.427419 -0.904054 0
    outer loop
      vertex 3.34944 48.6656 -1.6
      vertex 3.19863 48.5943 -6.11
      vertex 3.34944 48.6656 -6.11
    endloop
  endfacet
  facet normal 0.595772 -0.803154 0
    outer loop
      vertex 2.92153 48.4091 -6.11
      vertex 3.05553 48.5085 -1.6
      vertex 2.92153 48.4091 -1.6
    endloop
  endfacet
  facet normal 0.595772 -0.803154 0
    outer loop
      vertex 3.05553 48.5085 -1.6
      vertex 2.92153 48.4091 -6.11
      vertex 3.05553 48.5085 -6.11
    endloop
  endfacet
  facet normal 0.242775 -0.970083 0
    outer loop
      vertex 3.50652 48.7218 -6.11
      vertex 3.66835 48.7623 -1.6
      vertex 3.50652 48.7218 -1.6
    endloop
  endfacet
  facet normal 0.242775 -0.970083 0
    outer loop
      vertex 3.66835 48.7623 -1.6
      vertex 3.50652 48.7218 -6.11
      vertex 3.66835 48.7623 -6.11
    endloop
  endfacet
  facet normal 0.0491513 -0.998791 0
    outer loop
      vertex 3.83337 48.7868 -6.11
      vertex 4 48.795 -1.6
      vertex 3.83337 48.7868 -1.6
    endloop
  endfacet
  facet normal 0.0491513 -0.998791 0
    outer loop
      vertex 4 48.795 -1.6
      vertex 3.83337 48.7868 -6.11
      vertex 4 48.795 -6.11
    endloop
  endfacet
  facet normal -0.0491513 0.998791 0
    outer loop
      vertex 4.16663 45.4032 -6.11
      vertex 4 45.395 -1.6
      vertex 4.16663 45.4032 -1.6
    endloop
  endfacet
  facet normal -0.0491513 0.998791 0
    outer loop
      vertex 4 45.395 -1.6
      vertex 4.16663 45.4032 -6.11
      vertex 4 45.395 -6.11
    endloop
  endfacet
  facet normal -0.671448 0.741051 0
    outer loop
      vertex 5.20208 45.8929 -6.11
      vertex 5.07847 45.7809 -1.6
      vertex 5.20208 45.8929 -1.6
    endloop
  endfacet
  facet normal -0.671448 0.741051 0
    outer loop
      vertex 5.07847 45.7809 -1.6
      vertex 5.20208 45.8929 -6.11
      vertex 5.07847 45.7809 -6.11
    endloop
  endfacet
  facet normal -0.514231 0.857652 0
    outer loop
      vertex 4.94447 45.6815 -6.11
      vertex 4.80137 45.5957 -1.6
      vertex 4.94447 45.6815 -1.6
    endloop
  endfacet
  facet normal -0.514231 0.857652 0
    outer loop
      vertex 4.80137 45.5957 -1.6
      vertex 4.94447 45.6815 -6.11
      vertex 4.80137 45.5957 -6.11
    endloop
  endfacet
  facet normal -0.803211 0.595695 0
    outer loop
      vertex 5.31412 46.0165 -6.11
      vertex 5.4135 46.1505 -1.6
      vertex 5.4135 46.1505 -6.11
    endloop
  endfacet
  facet normal -0.803211 0.595695 0
    outer loop
      vertex 5.4135 46.1505 -1.6
      vertex 5.31412 46.0165 -6.11
      vertex 5.31412 46.0165 -1.6
    endloop
  endfacet
  facet normal -0.903996 0.42754 0
    outer loop
      vertex 5.49927 46.2936 -6.11
      vertex 5.57059 46.4444 -1.6
      vertex 5.57059 46.4444 -6.11
    endloop
  endfacet
  facet normal -0.903996 0.42754 0
    outer loop
      vertex 5.57059 46.4444 -1.6
      vertex 5.49927 46.2936 -6.11
      vertex 5.49927 46.2936 -1.6
    endloop
  endfacet
  facet normal 0.671448 0.741051 -0
    outer loop
      vertex 2.92153 45.7809 -6.11
      vertex 2.79792 45.8929 -1.6
      vertex 2.92153 45.7809 -1.6
    endloop
  endfacet
  facet normal 0.671448 0.741051 0
    outer loop
      vertex 2.79792 45.8929 -1.6
      vertex 2.92153 45.7809 -6.11
      vertex 2.79792 45.8929 -6.11
    endloop
  endfacet
  facet normal 0.514231 0.857652 -0
    outer loop
      vertex 3.19863 45.5957 -6.11
      vertex 3.05553 45.6815 -1.6
      vertex 3.19863 45.5957 -1.6
    endloop
  endfacet
  facet normal 0.514231 0.857652 0
    outer loop
      vertex 3.05553 45.6815 -1.6
      vertex 3.19863 45.5957 -6.11
      vertex 3.05553 45.6815 -6.11
    endloop
  endfacet
  facet normal 0.336868 0.941552 -0
    outer loop
      vertex 3.50652 45.4682 -6.11
      vertex 3.34944 45.5244 -1.6
      vertex 3.50652 45.4682 -1.6
    endloop
  endfacet
  facet normal 0.336868 0.941552 0
    outer loop
      vertex 3.34944 45.5244 -1.6
      vertex 3.50652 45.4682 -6.11
      vertex 3.34944 45.5244 -6.11
    endloop
  endfacet
  facet normal 0.146857 0.989158 -0
    outer loop
      vertex 3.83337 45.4032 -6.11
      vertex 3.66835 45.4277 -1.6
      vertex 3.83337 45.4032 -1.6
    endloop
  endfacet
  facet normal 0.146857 0.989158 0
    outer loop
      vertex 3.66835 45.4277 -1.6
      vertex 3.83337 45.4032 -6.11
      vertex 3.66835 45.4277 -6.11
    endloop
  endfacet
  facet normal 0.803211 0.595695 0
    outer loop
      vertex 2.68588 46.0165 -1.6
      vertex 2.5865 46.1505 -6.11
      vertex 2.5865 46.1505 -1.6
    endloop
  endfacet
  facet normal 0.803211 0.595695 0
    outer loop
      vertex 2.5865 46.1505 -6.11
      vertex 2.68588 46.0165 -1.6
      vertex 2.68588 46.0165 -6.11
    endloop
  endfacet
  facet normal 0.903996 0.42754 0
    outer loop
      vertex 2.50073 46.2936 -1.6
      vertex 2.42941 46.4444 -6.11
      vertex 2.42941 46.4444 -1.6
    endloop
  endfacet
  facet normal 0.903996 0.42754 0
    outer loop
      vertex 2.42941 46.4444 -6.11
      vertex 2.50073 46.2936 -1.6
      vertex 2.50073 46.2936 -6.11
    endloop
  endfacet
  facet normal 0.857731 0.514099 0
    outer loop
      vertex 2.5865 46.1505 -1.6
      vertex 2.50073 46.2936 -6.11
      vertex 2.50073 46.2936 -1.6
    endloop
  endfacet
  facet normal 0.857731 0.514099 0
    outer loop
      vertex 2.50073 46.2936 -6.11
      vertex 2.5865 46.1505 -1.6
      vertex 2.5865 46.1505 -6.11
    endloop
  endfacet
  facet normal 0.998794 0.0491004 0
    outer loop
      vertex 2.30819 46.9284 -1.6
      vertex 2.3 47.095 -6.11
      vertex 2.3 47.095 -1.6
    endloop
  endfacet
  facet normal 0.998794 0.0491004 0
    outer loop
      vertex 2.3 47.095 -6.11
      vertex 2.30819 46.9284 -1.6
      vertex 2.30819 46.9284 -6.11
    endloop
  endfacet
  facet normal 0.97003 0.242987 0
    outer loop
      vertex 2.3732 46.6015 -1.6
      vertex 2.33267 46.7633 -6.11
      vertex 2.33267 46.7633 -1.6
    endloop
  endfacet
  facet normal 0.97003 0.242987 0
    outer loop
      vertex 2.33267 46.7633 -6.11
      vertex 2.3732 46.6015 -1.6
      vertex 2.3732 46.6015 -6.11
    endloop
  endfacet
  facet normal -0.146857 0.989158 0
    outer loop
      vertex 4.33165 45.4277 -6.11
      vertex 4.16663 45.4032 -1.6
      vertex 4.33165 45.4277 -1.6
    endloop
  endfacet
  facet normal -0.146857 0.989158 0
    outer loop
      vertex 4.16663 45.4032 -1.6
      vertex 4.33165 45.4277 -6.11
      vertex 4.16663 45.4032 -6.11
    endloop
  endfacet
  facet normal -0.242775 0.970083 0
    outer loop
      vertex 4.49348 45.4682 -6.11
      vertex 4.33165 45.4277 -1.6
      vertex 4.49348 45.4682 -1.6
    endloop
  endfacet
  facet normal -0.242775 0.970083 0
    outer loop
      vertex 4.33165 45.4277 -1.6
      vertex 4.49348 45.4682 -6.11
      vertex 4.33165 45.4277 -6.11
    endloop
  endfacet
  facet normal -0.427419 0.904054 0
    outer loop
      vertex 4.80137 45.5957 -6.11
      vertex 4.65056 45.5244 -1.6
      vertex 4.80137 45.5957 -1.6
    endloop
  endfacet
  facet normal -0.427419 0.904054 0
    outer loop
      vertex 4.65056 45.5244 -1.6
      vertex 4.80137 45.5957 -6.11
      vertex 4.65056 45.5244 -6.11
    endloop
  endfacet
  facet normal -0.740905 0.67161 0
    outer loop
      vertex 5.20208 45.8929 -6.11
      vertex 5.31412 46.0165 -1.6
      vertex 5.31412 46.0165 -6.11
    endloop
  endfacet
  facet normal -0.740905 0.67161 0
    outer loop
      vertex 5.31412 46.0165 -1.6
      vertex 5.20208 45.8929 -6.11
      vertex 5.20208 45.8929 -1.6
    endloop
  endfacet
  facet normal -0.595772 0.803154 0
    outer loop
      vertex 5.07847 45.7809 -6.11
      vertex 4.94447 45.6815 -1.6
      vertex 5.07847 45.7809 -1.6
    endloop
  endfacet
  facet normal -0.595772 0.803154 0
    outer loop
      vertex 4.94447 45.6815 -1.6
      vertex 5.07847 45.7809 -6.11
      vertex 4.94447 45.6815 -6.11
    endloop
  endfacet
  facet normal -0.857731 0.514099 0
    outer loop
      vertex 5.4135 46.1505 -6.11
      vertex 5.49927 46.2936 -1.6
      vertex 5.49927 46.2936 -6.11
    endloop
  endfacet
  facet normal -0.857731 0.514099 0
    outer loop
      vertex 5.49927 46.2936 -1.6
      vertex 5.4135 46.1505 -6.11
      vertex 5.4135 46.1505 -1.6
    endloop
  endfacet
  facet normal -0.941546 0.336883 0
    outer loop
      vertex 5.57059 46.4444 -6.11
      vertex 5.6268 46.6015 -1.6
      vertex 5.6268 46.6015 -6.11
    endloop
  endfacet
  facet normal -0.941546 0.336883 0
    outer loop
      vertex 5.6268 46.6015 -1.6
      vertex 5.57059 46.4444 -6.11
      vertex 5.57059 46.4444 -1.6
    endloop
  endfacet
  facet normal -0.989185 0.14667 0
    outer loop
      vertex 5.66733 46.7633 -6.11
      vertex 5.69181 46.9284 -1.6
      vertex 5.69181 46.9284 -6.11
    endloop
  endfacet
  facet normal -0.989185 0.14667 0
    outer loop
      vertex 5.69181 46.9284 -1.6
      vertex 5.66733 46.7633 -6.11
      vertex 5.66733 46.7633 -1.6
    endloop
  endfacet
  facet normal -0.998794 0.0491004 0
    outer loop
      vertex 5.69181 46.9284 -6.11
      vertex 5.7 47.095 -1.6
      vertex 5.7 47.095 -6.11
    endloop
  endfacet
  facet normal -0.998794 0.0491004 0
    outer loop
      vertex 5.7 47.095 -1.6
      vertex 5.69181 46.9284 -6.11
      vertex 5.69181 46.9284 -1.6
    endloop
  endfacet
  facet normal 0.595772 0.803154 -0
    outer loop
      vertex 3.05553 45.6815 -6.11
      vertex 2.92153 45.7809 -1.6
      vertex 3.05553 45.6815 -1.6
    endloop
  endfacet
  facet normal 0.595772 0.803154 0
    outer loop
      vertex 2.92153 45.7809 -1.6
      vertex 3.05553 45.6815 -6.11
      vertex 2.92153 45.7809 -6.11
    endloop
  endfacet
  facet normal 0.427419 0.904054 -0
    outer loop
      vertex 3.34944 45.5244 -6.11
      vertex 3.19863 45.5957 -1.6
      vertex 3.34944 45.5244 -1.6
    endloop
  endfacet
  facet normal 0.427419 0.904054 0
    outer loop
      vertex 3.19863 45.5957 -1.6
      vertex 3.34944 45.5244 -6.11
      vertex 3.19863 45.5957 -6.11
    endloop
  endfacet
  facet normal 0.242775 0.970083 -0
    outer loop
      vertex 3.66835 45.4277 -6.11
      vertex 3.50652 45.4682 -1.6
      vertex 3.66835 45.4277 -1.6
    endloop
  endfacet
  facet normal 0.242775 0.970083 0
    outer loop
      vertex 3.50652 45.4682 -1.6
      vertex 3.66835 45.4277 -6.11
      vertex 3.50652 45.4682 -6.11
    endloop
  endfacet
  facet normal 0.0491513 0.998791 -0
    outer loop
      vertex 4 45.395 -6.11
      vertex 3.83337 45.4032 -1.6
      vertex 4 45.395 -1.6
    endloop
  endfacet
  facet normal 0.0491513 0.998791 0
    outer loop
      vertex 3.83337 45.4032 -1.6
      vertex 4 45.395 -6.11
      vertex 3.83337 45.4032 -6.11
    endloop
  endfacet
  facet normal 0.740905 0.67161 0
    outer loop
      vertex 2.79792 45.8929 -1.6
      vertex 2.68588 46.0165 -6.11
      vertex 2.68588 46.0165 -1.6
    endloop
  endfacet
  facet normal 0.740905 0.67161 0
    outer loop
      vertex 2.68588 46.0165 -6.11
      vertex 2.79792 45.8929 -1.6
      vertex 2.79792 45.8929 -6.11
    endloop
  endfacet
  facet normal 0.989185 0.14667 0
    outer loop
      vertex 2.33267 46.7633 -1.6
      vertex 2.30819 46.9284 -6.11
      vertex 2.30819 46.9284 -1.6
    endloop
  endfacet
  facet normal 0.989185 0.14667 0
    outer loop
      vertex 2.30819 46.9284 -6.11
      vertex 2.33267 46.7633 -1.6
      vertex 2.33267 46.7633 -6.11
    endloop
  endfacet
  facet normal -0.336868 0.941552 0
    outer loop
      vertex 4.65056 45.5244 -6.11
      vertex 4.49348 45.4682 -1.6
      vertex 4.65056 45.5244 -1.6
    endloop
  endfacet
  facet normal -0.336868 0.941552 0
    outer loop
      vertex 4.49348 45.4682 -1.6
      vertex 4.65056 45.5244 -6.11
      vertex 4.49348 45.4682 -6.11
    endloop
  endfacet
  facet normal -0.70668 -0.0347217 -0.70668
    outer loop
      vertex 7.17469 47.4066 -7.6
      vertex 7.19 47.095 -7.6
      vertex 5.7 47.095 -6.11
    endloop
  endfacet
  facet normal -0.524228 -0.475185 -0.706671
    outer loop
      vertex 6.25642 49.3498 -7.6
      vertex 6.4659 49.1187 -7.6
      vertex 5.31412 48.1735 -6.11
    endloop
  endfacet
  facet normal 0.103904 -0.699844 -0.706699
    outer loop
      vertex 3.66835 48.7623 -6.11
      vertex 3.37876 50.2239 -7.6
      vertex 3.83337 48.7868 -6.11
    endloop
  endfacet
  facet normal 0.126498 -0.695741 -0.707066
    outer loop
      vertex 3.37876 50.2239 -7.6
      vertex 3.66835 48.7623 -6.11
      vertex 3.37766 50.2237 -7.6
    endloop
  endfacet
  facet normal 0.56825 -0.421548 -0.706675
    outer loop
      vertex 1.5341 49.1187 -7.6
      vertex 2.68588 48.1735 -6.11
      vertex 1.34827 48.8682 -7.6
    endloop
  endfacet
  facet normal 0.706681 -0.0347149 -0.706681
    outer loop
      vertex 0.825307 47.4066 -7.6
      vertex 2.3 47.095 -6.11
      vertex 0.81 47.095 -7.6
    endloop
  endfacet
  facet normal -0.63795 -0.306216 -0.706577
    outer loop
      vertex 5.57059 47.7456 -6.11
      vertex 6.9467 48.3168 -7.6
      vertex 6.94718 48.3158 -7.6
    endloop
  endfacet
  facet normal -0.639606 -0.302498 -0.706682
    outer loop
      vertex 6.9467 48.3168 -7.6
      vertex 5.57059 47.7456 -6.11
      vertex 5.49927 47.8964 -6.11
    endloop
  endfacet
  facet normal -0.687065 -0.168643 -0.706754
    outer loop
      vertex 5.66733 47.4267 -6.11
      vertex 7.12843 47.7184 -7.6
      vertex 7.1287 47.7173 -7.6
    endloop
  endfacet
  facet normal -0.686331 -0.171922 -0.706677
    outer loop
      vertex 7.12843 47.7184 -7.6
      vertex 5.66733 47.4267 -6.11
      vertex 5.6268 47.5885 -6.11
    endloop
  endfacet
  facet normal -0.459809 0.538633 -0.70601
    outer loop
      vertex 6.25485 44.8386 -7.6
      vertex 5.20208 45.8929 -6.11
      vertex 6.25567 44.8393 -7.6
    endloop
  endfacet
  facet normal -0.475077 0.524324 -0.706672
    outer loop
      vertex 5.20208 45.8929 -6.11
      vertex 6.25485 44.8386 -7.6
      vertex 5.07847 45.7809 -6.11
    endloop
  endfacet
  facet normal -0.699137 0.108048 -0.706776
    outer loop
      vertex 5.66733 46.7633 -6.11
      vertex 7.12887 46.4738 -7.6
      vertex 7.1287 46.4727 -7.6
    endloop
  endfacet
  facet normal -0.699883 0.103774 -0.706678
    outer loop
      vertex 7.12887 46.4738 -7.6
      vertex 5.66733 46.7633 -6.11
      vertex 5.69181 46.9284 -6.11
    endloop
  endfacet
  facet normal -0.238377 -0.666162 -0.706685
    outer loop
      vertex 4.92705 50.1473 -7.6
      vertex 5.22076 50.0422 -7.6
      vertex 4.65056 48.6656 -6.11
    endloop
  endfacet
  facet normal -0.363634 -0.606949 -0.706671
    outer loop
      vertex 5.50375 49.9083 -7.6
      vertex 5.77131 49.748 -7.6
      vertex 4.80137 48.5943 -6.11
    endloop
  endfacet
  facet normal -0.063448 -0.704273 -0.707088
    outer loop
      vertex 4.16663 48.7868 -6.11
      vertex 4.31156 50.2697 -7.6
      vertex 4.31267 50.2696 -7.6
    endloop
  endfacet
  facet normal -0.0347759 -0.706671 -0.706687
    outer loop
      vertex 4.31156 50.2697 -7.6
      vertex 4.16663 48.7868 -6.11
      vertex 4 48.795 -6.11
    endloop
  endfacet
  facet normal 0.606878 -0.363745 -0.706675
    outer loop
      vertex 1.34704 48.8663 -7.6
      vertex 2.5865 48.0395 -6.11
      vertex 2.50073 47.8964 -6.11
    endloop
  endfacet
  facet normal 0.615092 -0.350603 -0.706215
    outer loop
      vertex 2.5865 48.0395 -6.11
      vertex 1.34704 48.8663 -7.6
      vertex 1.34761 48.8673 -7.6
    endloop
  endfacet
  facet normal 0.706677 -0.03474 -0.706683
    outer loop
      vertex 0.825307 47.4066 -7.6
      vertex 2.30819 47.2616 -6.11
      vertex 2.3 47.095 -6.11
    endloop
  endfacet
  facet normal 0.706634 -0.0353317 -0.706697
    outer loop
      vertex 2.30819 47.2616 -6.11
      vertex 0.825307 47.4066 -7.6
      vertex 0.825362 47.4077 -7.6
    endloop
  endfacet
  facet normal 0.56825 0.421548 -0.706675
    outer loop
      vertex 2.68588 46.0165 -6.11
      vertex 1.5341 45.0713 -7.6
      vertex 1.34827 45.3218 -7.6
    endloop
  endfacet
  facet normal -0.639606 -0.302498 -0.706682
    outer loop
      vertex 6.81333 48.5988 -7.6
      vertex 6.9467 48.3168 -7.6
      vertex 5.49927 47.8964 -6.11
    endloop
  endfacet
  facet normal -0.606878 -0.363745 -0.706675
    outer loop
      vertex 5.4135 48.0395 -6.11
      vertex 6.65296 48.8663 -7.6
      vertex 5.49927 47.8964 -6.11
    endloop
  endfacet
  facet normal -0.615092 -0.350603 -0.706215
    outer loop
      vertex 6.65296 48.8663 -7.6
      vertex 5.4135 48.0395 -6.11
      vertex 6.65239 48.8673 -7.6
    endloop
  endfacet
  facet normal -0.238377 0.666162 -0.706685
    outer loop
      vertex 5.22076 44.1478 -7.6
      vertex 4.92705 44.0427 -7.6
      vertex 4.65056 45.5244 -6.11
    endloop
  endfacet
  facet normal 0.103904 0.699844 -0.706699
    outer loop
      vertex 3.37876 43.9661 -7.6
      vertex 3.66835 45.4277 -6.11
      vertex 3.83337 45.4032 -6.11
    endloop
  endfacet
  facet normal 0.126498 0.695741 -0.707066
    outer loop
      vertex 3.66835 45.4277 -6.11
      vertex 3.37876 43.9661 -7.6
      vertex 3.37766 43.9663 -7.6
    endloop
  endfacet
  facet normal -0.606834 0.363806 -0.706681
    outer loop
      vertex 6.81333 45.5912 -7.6
      vertex 6.65296 45.3237 -7.6
      vertex 5.49927 46.2936 -6.11
    endloop
  endfacet
  facet normal -0.63795 0.306216 -0.706577
    outer loop
      vertex 6.9467 45.8732 -7.6
      vertex 5.57059 46.4444 -6.11
      vertex 6.94718 45.8742 -7.6
    endloop
  endfacet
  facet normal -0.639606 0.302498 -0.706682
    outer loop
      vertex 5.57059 46.4444 -6.11
      vertex 6.9467 45.8732 -7.6
      vertex 5.49927 46.2936 -6.11
    endloop
  endfacet
  facet normal -0.70668 0.0347217 -0.70668
    outer loop
      vertex 7.19 47.095 -7.6
      vertex 7.17469 46.7834 -7.6
      vertex 5.7 47.095 -6.11
    endloop
  endfacet
  facet normal -0.238342 -0.666171 -0.706688
    outer loop
      vertex 4.49348 48.7218 -6.11
      vertex 4.92705 50.1473 -7.6
      vertex 4.65056 48.6656 -6.11
    endloop
  endfacet
  facet normal -0.195994 -0.679445 -0.707065
    outer loop
      vertex 4.92705 50.1473 -7.6
      vertex 4.49348 48.7218 -6.11
      vertex 4.92601 50.1476 -7.6
    endloop
  endfacet
  facet normal -0.524221 -0.475192 -0.706672
    outer loop
      vertex 5.20208 48.2971 -6.11
      vertex 6.25642 49.3498 -7.6
      vertex 5.31412 48.1735 -6.11
    endloop
  endfacet
  facet normal -0.54433 -0.453608 -0.705652
    outer loop
      vertex 6.25642 49.3498 -7.6
      vertex 5.20208 48.2971 -6.11
      vertex 6.25567 49.3507 -7.6
    endloop
  endfacet
  facet normal 0.421446 -0.568317 -0.706682
    outer loop
      vertex 2.22684 49.7467 -7.6
      vertex 2.92153 48.4091 -6.11
      vertex 1.97629 49.5609 -7.6
    endloop
  endfacet
  facet normal -0.103657 -0.699901 -0.706678
    outer loop
      vertex 4.31267 50.2696 -7.6
      vertex 4.62124 50.2239 -7.6
      vertex 4.16663 48.7868 -6.11
    endloop
  endfacet
  facet normal -0.126498 -0.695741 -0.707066
    outer loop
      vertex 4.33165 48.7623 -6.11
      vertex 4.62124 50.2239 -7.6
      vertex 4.62234 50.2237 -7.6
    endloop
  endfacet
  facet normal -0.103904 -0.699844 -0.706699
    outer loop
      vertex 4.62124 50.2239 -7.6
      vertex 4.33165 48.7623 -6.11
      vertex 4.16663 48.7868 -6.11
    endloop
  endfacet
  facet normal -0.0347035 -0.706681 -0.706681
    outer loop
      vertex 4 50.285 -7.6
      vertex 4.31156 50.2697 -7.6
      vertex 4 48.795 -6.11
    endloop
  endfacet
  facet normal 0.568297 -0.421473 -0.706682
    outer loop
      vertex 2.5865 48.0395 -6.11
      vertex 1.34827 48.8682 -7.6
      vertex 2.68588 48.1735 -6.11
    endloop
  endfacet
  facet normal 0.570487 -0.418357 -0.706769
    outer loop
      vertex 1.34827 48.8682 -7.6
      vertex 2.5865 48.0395 -6.11
      vertex 1.34761 48.8673 -7.6
    endloop
  endfacet
  facet normal 0.639606 -0.302498 -0.706682
    outer loop
      vertex 1.18667 48.5988 -7.6
      vertex 2.50073 47.8964 -6.11
      vertex 1.0533 48.3168 -7.6
    endloop
  endfacet
  facet normal 0.606834 -0.363806 -0.706681
    outer loop
      vertex 1.34704 48.8663 -7.6
      vertex 2.50073 47.8964 -6.11
      vertex 1.18667 48.5988 -7.6
    endloop
  endfacet
  facet normal 0.666174 -0.238353 -0.706683
    outer loop
      vertex 1.05282 48.3158 -7.6
      vertex 2.42941 47.7456 -6.11
      vertex 0.947736 48.0221 -7.6
    endloop
  endfacet
  facet normal 0.666173 -0.238355 -0.706682
    outer loop
      vertex 2.3732 47.5885 -6.11
      vertex 0.947736 48.0221 -7.6
      vertex 2.42941 47.7456 -6.11
    endloop
  endfacet
  facet normal 0.66948 -0.228232 -0.7069
    outer loop
      vertex 0.947736 48.0221 -7.6
      vertex 2.3732 47.5885 -6.11
      vertex 0.947361 48.021 -7.6
    endloop
  endfacet
  facet normal 0.314066 0.634412 -0.706317
    outer loop
      vertex 2.77823 44.1483 -7.6
      vertex 3.34944 45.5244 -6.11
      vertex 2.77924 44.1478 -7.6
    endloop
  endfacet
  facet normal 0.302412 0.639646 -0.706683
    outer loop
      vertex 3.34944 45.5244 -6.11
      vertex 2.77823 44.1483 -7.6
      vertex 3.19863 45.5957 -6.11
    endloop
  endfacet
  facet normal 0.363831 0.606808 -0.70669
    outer loop
      vertex 2.22869 44.442 -7.6
      vertex 3.05553 45.6815 -6.11
      vertex 3.19863 45.5957 -6.11
    endloop
  endfacet
  facet normal 0.374852 0.599763 -0.706945
    outer loop
      vertex 3.05553 45.6815 -6.11
      vertex 2.22869 44.442 -7.6
      vertex 2.22773 44.4426 -7.6
    endloop
  endfacet
  facet normal 0.699895 0.103712 -0.706676
    outer loop
      vertex 0.871132 46.4738 -7.6
      vertex 2.33267 46.7633 -6.11
      vertex 0.871295 46.4727 -7.6
    endloop
  endfacet
  facet normal 0.699884 0.103774 -0.706678
    outer loop
      vertex 2.33267 46.7633 -6.11
      vertex 0.871132 46.4738 -7.6
      vertex 2.30819 46.9284 -6.11
    endloop
  endfacet
  facet normal -0.706867 -0.0321303 -0.706616
    outer loop
      vertex 7.17469 47.4066 -7.6
      vertex 5.69181 47.2616 -6.11
      vertex 7.17464 47.4077 -7.6
    endloop
  endfacet
  facet normal -0.706678 -0.0347401 -0.706682
    outer loop
      vertex 5.69181 47.2616 -6.11
      vertex 7.17469 47.4066 -7.6
      vertex 5.7 47.095 -6.11
    endloop
  endfacet
  facet normal -0.686335 -0.171901 -0.706678
    outer loop
      vertex 7.05264 48.021 -7.6
      vertex 7.12843 47.7184 -7.6
      vertex 5.6268 47.5885 -6.11
    endloop
  endfacet
  facet normal -0.666177 -0.238345 -0.706682
    outer loop
      vertex 6.94718 48.3158 -7.6
      vertex 7.05226 48.0221 -7.6
      vertex 5.57059 47.7456 -6.11
    endloop
  endfacet
  facet normal -0.103657 0.699901 -0.706678
    outer loop
      vertex 4.62124 43.9661 -7.6
      vertex 4.31267 43.9204 -7.6
      vertex 4.16663 45.4032 -6.11
    endloop
  endfacet
  facet normal -0.363634 0.606949 -0.706671
    outer loop
      vertex 5.77131 44.442 -7.6
      vertex 5.50375 44.2817 -7.6
      vertex 4.80137 45.5957 -6.11
    endloop
  endfacet
  facet normal -0.421446 0.568317 -0.706682
    outer loop
      vertex 6.02371 44.6291 -7.6
      vertex 5.77316 44.4433 -7.6
      vertex 5.07847 45.7809 -6.11
    endloop
  endfacet
  facet normal -0.56825 0.421548 -0.706675
    outer loop
      vertex 6.65173 45.3218 -7.6
      vertex 6.4659 45.0713 -7.6
      vertex 5.31412 46.0165 -6.11
    endloop
  endfacet
  facet normal -0.686335 0.171901 -0.706678
    outer loop
      vertex 7.12843 46.4716 -7.6
      vertex 7.05264 46.169 -7.6
      vertex 5.6268 46.6015 -6.11
    endloop
  endfacet
  facet normal -0.687065 0.168643 -0.706754
    outer loop
      vertex 7.12843 46.4716 -7.6
      vertex 5.66733 46.7633 -6.11
      vertex 7.1287 46.4727 -7.6
    endloop
  endfacet
  facet normal -0.686331 0.171922 -0.706677
    outer loop
      vertex 5.66733 46.7633 -6.11
      vertex 7.12843 46.4716 -7.6
      vertex 5.6268 46.6015 -6.11
    endloop
  endfacet
  facet normal -0.302576 -0.639584 -0.706669
    outer loop
      vertex 5.22177 50.0417 -7.6
      vertex 5.50375 49.9083 -7.6
      vertex 4.80137 48.5943 -6.11
    endloop
  endfacet
  facet normal -0.302412 -0.639646 -0.706683
    outer loop
      vertex 4.65056 48.6656 -6.11
      vertex 5.22177 50.0417 -7.6
      vertex 4.80137 48.5943 -6.11
    endloop
  endfacet
  facet normal -0.314066 -0.634412 -0.706317
    outer loop
      vertex 5.22177 50.0417 -7.6
      vertex 4.65056 48.6656 -6.11
      vertex 5.22076 50.0422 -7.6
    endloop
  endfacet
  facet normal -0.421446 -0.568317 -0.706682
    outer loop
      vertex 5.77316 49.7467 -7.6
      vertex 6.02371 49.5609 -7.6
      vertex 5.07847 48.4091 -6.11
    endloop
  endfacet
  facet normal -0.475158 -0.524238 -0.706682
    outer loop
      vertex 6.02371 49.5609 -7.6
      vertex 6.25485 49.3514 -7.6
      vertex 5.07847 48.4091 -6.11
    endloop
  endfacet
  facet normal 0.302576 -0.639584 -0.706669
    outer loop
      vertex 2.77823 50.0417 -7.6
      vertex 3.19863 48.5943 -6.11
      vertex 2.49625 49.9083 -7.6
    endloop
  endfacet
  facet normal 0.363831 -0.606808 -0.70669
    outer loop
      vertex 3.05553 48.5085 -6.11
      vertex 2.22869 49.748 -7.6
      vertex 3.19863 48.5943 -6.11
    endloop
  endfacet
  facet normal 0.374852 -0.599763 -0.706945
    outer loop
      vertex 2.22869 49.748 -7.6
      vertex 3.05553 48.5085 -6.11
      vertex 2.22773 49.7474 -7.6
    endloop
  endfacet
  facet normal 0.475158 -0.524238 -0.706682
    outer loop
      vertex 1.97629 49.5609 -7.6
      vertex 2.92153 48.4091 -6.11
      vertex 1.74515 49.3514 -7.6
    endloop
  endfacet
  facet normal 0.17193 -0.686335 -0.706672
    outer loop
      vertex 3.37658 50.2234 -7.6
      vertex 3.50652 48.7218 -6.11
      vertex 3.07399 50.1476 -7.6
    endloop
  endfacet
  facet normal 0.238342 -0.666171 -0.706688
    outer loop
      vertex 3.07295 50.1473 -7.6
      vertex 3.50652 48.7218 -6.11
      vertex 3.34944 48.6656 -6.11
    endloop
  endfacet
  facet normal 0.195994 -0.679445 -0.707065
    outer loop
      vertex 3.50652 48.7218 -6.11
      vertex 3.07295 50.1473 -7.6
      vertex 3.07399 50.1476 -7.6
    endloop
  endfacet
  facet normal 0.0347035 -0.706681 -0.706681
    outer loop
      vertex 4 50.285 -7.6
      vertex 4 48.795 -6.11
      vertex 3.68844 50.2697 -7.6
    endloop
  endfacet
  facet normal -0.17193 -0.686335 -0.706672
    outer loop
      vertex 4.62342 50.2234 -7.6
      vertex 4.92601 50.1476 -7.6
      vertex 4.49348 48.7218 -6.11
    endloop
  endfacet
  facet normal -0.171771 -0.686361 -0.706685
    outer loop
      vertex 4.33165 48.7623 -6.11
      vertex 4.62342 50.2234 -7.6
      vertex 4.49348 48.7218 -6.11
    endloop
  endfacet
  facet normal -0.189514 -0.682251 -0.706129
    outer loop
      vertex 4.62342 50.2234 -7.6
      vertex 4.33165 48.7623 -6.11
      vertex 4.62234 50.2237 -7.6
    endloop
  endfacet
  facet normal 0.524221 -0.475192 -0.706672
    outer loop
      vertex 1.74358 49.3498 -7.6
      vertex 2.79792 48.2971 -6.11
      vertex 2.68588 48.1735 -6.11
    endloop
  endfacet
  facet normal 0.54433 -0.453608 -0.705652
    outer loop
      vertex 2.79792 48.2971 -6.11
      vertex 1.74358 49.3498 -7.6
      vertex 1.74433 49.3507 -7.6
    endloop
  endfacet
  facet normal 0.524228 -0.475185 -0.706671
    outer loop
      vertex 1.74358 49.3498 -7.6
      vertex 2.68588 48.1735 -6.11
      vertex 1.5341 49.1187 -7.6
    endloop
  endfacet
  facet normal 0.639606 -0.302498 -0.706682
    outer loop
      vertex 2.42941 47.7456 -6.11
      vertex 1.0533 48.3168 -7.6
      vertex 2.50073 47.8964 -6.11
    endloop
  endfacet
  facet normal 0.63795 -0.306216 -0.706577
    outer loop
      vertex 1.0533 48.3168 -7.6
      vertex 2.42941 47.7456 -6.11
      vertex 1.05282 48.3158 -7.6
    endloop
  endfacet
  facet normal 0.699884 -0.103774 -0.706678
    outer loop
      vertex 0.871132 47.7162 -7.6
      vertex 2.33267 47.4267 -6.11
      vertex 2.30819 47.2616 -6.11
    endloop
  endfacet
  facet normal 0.699895 -0.103712 -0.706676
    outer loop
      vertex 2.33267 47.4267 -6.11
      vertex 0.871132 47.7162 -7.6
      vertex 0.871295 47.7173 -7.6
    endloop
  endfacet
  facet normal 0.69987 -0.103835 -0.706683
    outer loop
      vertex 0.871132 47.7162 -7.6
      vertex 2.30819 47.2616 -6.11
      vertex 0.825362 47.4077 -7.6
    endloop
  endfacet
  facet normal 0.686332 -0.171912 -0.706679
    outer loop
      vertex 0.947361 48.021 -7.6
      vertex 2.3732 47.5885 -6.11
      vertex 0.871566 47.7184 -7.6
    endloop
  endfacet
  facet normal 0.68633 -0.171922 -0.706678
    outer loop
      vertex 2.33267 47.4267 -6.11
      vertex 0.871566 47.7184 -7.6
      vertex 2.3732 47.5885 -6.11
    endloop
  endfacet
  facet normal 0.686932 -0.169235 -0.706742
    outer loop
      vertex 0.871566 47.7184 -7.6
      vertex 2.33267 47.4267 -6.11
      vertex 0.871295 47.7173 -7.6
    endloop
  endfacet
  facet normal -0.0347035 0.706681 -0.706681
    outer loop
      vertex 4 45.395 -6.11
      vertex 4.31156 43.9203 -7.6
      vertex 4 43.905 -7.6
    endloop
  endfacet
  facet normal 0.475077 0.524324 -0.706672
    outer loop
      vertex 1.74515 44.8386 -7.6
      vertex 2.79792 45.8929 -6.11
      vertex 2.92153 45.7809 -6.11
    endloop
  endfacet
  facet normal 0.459809 0.538633 -0.70601
    outer loop
      vertex 2.79792 45.8929 -6.11
      vertex 1.74515 44.8386 -7.6
      vertex 1.74433 44.8393 -7.6
    endloop
  endfacet
  facet normal 0.54433 0.453608 -0.705652
    outer loop
      vertex 1.74358 44.8402 -7.6
      vertex 2.79792 45.8929 -6.11
      vertex 1.74433 44.8393 -7.6
    endloop
  endfacet
  facet normal 0.524221 0.475192 -0.706672
    outer loop
      vertex 2.79792 45.8929 -6.11
      vertex 1.74358 44.8402 -7.6
      vertex 2.68588 46.0165 -6.11
    endloop
  endfacet
  facet normal 0.524228 0.475185 -0.706671
    outer loop
      vertex 2.68588 46.0165 -6.11
      vertex 1.74358 44.8402 -7.6
      vertex 1.5341 45.0713 -7.6
    endloop
  endfacet
  facet normal 0.606834 0.363806 -0.706681
    outer loop
      vertex 2.50073 46.2936 -6.11
      vertex 1.34704 45.3237 -7.6
      vertex 1.18667 45.5912 -7.6
    endloop
  endfacet
  facet normal 0.686332 0.171912 -0.706679
    outer loop
      vertex 2.3732 46.6015 -6.11
      vertex 0.947361 46.169 -7.6
      vertex 0.871566 46.4716 -7.6
    endloop
  endfacet
  facet normal -0.69987 -0.103835 -0.706683
    outer loop
      vertex 7.12887 47.7162 -7.6
      vertex 7.17464 47.4077 -7.6
      vertex 5.69181 47.2616 -6.11
    endloop
  endfacet
  facet normal -0.699883 -0.103774 -0.706678
    outer loop
      vertex 5.66733 47.4267 -6.11
      vertex 7.12887 47.7162 -7.6
      vertex 5.69181 47.2616 -6.11
    endloop
  endfacet
  facet normal -0.699137 -0.108048 -0.706776
    outer loop
      vertex 7.12887 47.7162 -7.6
      vertex 5.66733 47.4267 -6.11
      vertex 7.1287 47.7173 -7.6
    endloop
  endfacet
  facet normal -0.606834 -0.363806 -0.706681
    outer loop
      vertex 6.65296 48.8663 -7.6
      vertex 6.81333 48.5988 -7.6
      vertex 5.49927 47.8964 -6.11
    endloop
  endfacet
  facet normal -0.668595 -0.230969 -0.706848
    outer loop
      vertex 5.6268 47.5885 -6.11
      vertex 7.05226 48.0221 -7.6
      vertex 7.05264 48.021 -7.6
    endloop
  endfacet
  facet normal -0.666174 -0.238355 -0.706682
    outer loop
      vertex 7.05226 48.0221 -7.6
      vertex 5.6268 47.5885 -6.11
      vertex 5.57059 47.7456 -6.11
    endloop
  endfacet
  facet normal -0.570487 -0.418357 -0.706769
    outer loop
      vertex 5.4135 48.0395 -6.11
      vertex 6.65173 48.8682 -7.6
      vertex 6.65239 48.8673 -7.6
    endloop
  endfacet
  facet normal -0.568297 -0.421473 -0.706682
    outer loop
      vertex 6.65173 48.8682 -7.6
      vertex 5.4135 48.0395 -6.11
      vertex 5.31412 48.1735 -6.11
    endloop
  endfacet
  facet normal -0.56825 -0.421548 -0.706675
    outer loop
      vertex 6.4659 49.1187 -7.6
      vertex 6.65173 48.8682 -7.6
      vertex 5.31412 48.1735 -6.11
    endloop
  endfacet
  facet normal -0.195994 0.679445 -0.707065
    outer loop
      vertex 4.49348 45.4682 -6.11
      vertex 4.92705 44.0427 -7.6
      vertex 4.92601 44.0424 -7.6
    endloop
  endfacet
  facet normal -0.238342 0.666171 -0.706688
    outer loop
      vertex 4.92705 44.0427 -7.6
      vertex 4.49348 45.4682 -6.11
      vertex 4.65056 45.5244 -6.11
    endloop
  endfacet
  facet normal -0.570487 0.418357 -0.706769
    outer loop
      vertex 6.65173 45.3218 -7.6
      vertex 5.4135 46.1505 -6.11
      vertex 6.65239 45.3227 -7.6
    endloop
  endfacet
  facet normal -0.568297 0.421473 -0.706682
    outer loop
      vertex 5.4135 46.1505 -6.11
      vertex 6.65173 45.3218 -7.6
      vertex 5.31412 46.0165 -6.11
    endloop
  endfacet
  facet normal -0.314066 0.634412 -0.706317
    outer loop
      vertex 4.65056 45.5244 -6.11
      vertex 5.22177 44.1483 -7.6
      vertex 5.22076 44.1478 -7.6
    endloop
  endfacet
  facet normal -0.302412 0.639646 -0.706683
    outer loop
      vertex 5.22177 44.1483 -7.6
      vertex 4.65056 45.5244 -6.11
      vertex 4.80137 45.5957 -6.11
    endloop
  endfacet
  facet normal -0.302576 0.639584 -0.706669
    outer loop
      vertex 5.50375 44.2817 -7.6
      vertex 5.22177 44.1483 -7.6
      vertex 4.80137 45.5957 -6.11
    endloop
  endfacet
  facet normal -0.475158 0.524238 -0.706682
    outer loop
      vertex 6.25485 44.8386 -7.6
      vertex 6.02371 44.6291 -7.6
      vertex 5.07847 45.7809 -6.11
    endloop
  endfacet
  facet normal -0.639606 0.302498 -0.706682
    outer loop
      vertex 6.9467 45.8732 -7.6
      vertex 6.81333 45.5912 -7.6
      vertex 5.49927 46.2936 -6.11
    endloop
  endfacet
  facet normal -0.615092 0.350603 -0.706215
    outer loop
      vertex 5.4135 46.1505 -6.11
      vertex 6.65296 45.3237 -7.6
      vertex 6.65239 45.3227 -7.6
    endloop
  endfacet
  facet normal -0.606878 0.363745 -0.706675
    outer loop
      vertex 6.65296 45.3237 -7.6
      vertex 5.4135 46.1505 -6.11
      vertex 5.49927 46.2936 -6.11
    endloop
  endfacet
  facet normal -0.69987 0.103835 -0.706683
    outer loop
      vertex 7.17464 46.7823 -7.6
      vertex 7.12887 46.4738 -7.6
      vertex 5.69181 46.9284 -6.11
    endloop
  endfacet
  facet normal -0.421533 -0.568263 -0.706673
    outer loop
      vertex 4.94447 48.5085 -6.11
      vertex 5.77316 49.7467 -7.6
      vertex 5.07847 48.4091 -6.11
    endloop
  endfacet
  facet normal -0.437795 -0.556626 -0.706047
    outer loop
      vertex 5.77316 49.7467 -7.6
      vertex 4.94447 48.5085 -6.11
      vertex 5.77227 49.7474 -7.6
    endloop
  endfacet
  facet normal -0.374852 -0.599763 -0.706945
    outer loop
      vertex 4.94447 48.5085 -6.11
      vertex 5.77131 49.748 -7.6
      vertex 5.77227 49.7474 -7.6
    endloop
  endfacet
  facet normal -0.363831 -0.606808 -0.70669
    outer loop
      vertex 5.77131 49.748 -7.6
      vertex 4.94447 48.5085 -6.11
      vertex 4.80137 48.5943 -6.11
    endloop
  endfacet
  facet normal 0.238377 -0.666162 -0.706685
    outer loop
      vertex 3.07295 50.1473 -7.6
      vertex 3.34944 48.6656 -6.11
      vertex 2.77924 50.0422 -7.6
    endloop
  endfacet
  facet normal 0.302412 -0.639646 -0.706683
    outer loop
      vertex 2.77823 50.0417 -7.6
      vertex 3.34944 48.6656 -6.11
      vertex 3.19863 48.5943 -6.11
    endloop
  endfacet
  facet normal 0.314066 -0.634412 -0.706317
    outer loop
      vertex 3.34944 48.6656 -6.11
      vertex 2.77823 50.0417 -7.6
      vertex 2.77924 50.0422 -7.6
    endloop
  endfacet
  facet normal 0.363634 -0.606949 -0.706671
    outer loop
      vertex 2.49625 49.9083 -7.6
      vertex 3.19863 48.5943 -6.11
      vertex 2.22869 49.748 -7.6
    endloop
  endfacet
  facet normal 0.475077 -0.524324 -0.706672
    outer loop
      vertex 2.79792 48.2971 -6.11
      vertex 1.74515 49.3514 -7.6
      vertex 2.92153 48.4091 -6.11
    endloop
  endfacet
  facet normal 0.459809 -0.538633 -0.70601
    outer loop
      vertex 1.74515 49.3514 -7.6
      vertex 2.79792 48.2971 -6.11
      vertex 1.74433 49.3507 -7.6
    endloop
  endfacet
  facet normal 0.0347759 -0.706671 -0.706687
    outer loop
      vertex 3.83337 48.7868 -6.11
      vertex 3.68844 50.2697 -7.6
      vertex 4 48.795 -6.11
    endloop
  endfacet
  facet normal 0.063448 -0.704273 -0.707088
    outer loop
      vertex 3.68844 50.2697 -7.6
      vertex 3.83337 48.7868 -6.11
      vertex 3.68733 50.2696 -7.6
    endloop
  endfacet
  facet normal 0.103657 -0.699901 -0.706678
    outer loop
      vertex 3.68733 50.2696 -7.6
      vertex 3.83337 48.7868 -6.11
      vertex 3.37876 50.2239 -7.6
    endloop
  endfacet
  facet normal 0.195994 0.679445 -0.707065
    outer loop
      vertex 3.07295 44.0427 -7.6
      vertex 3.50652 45.4682 -6.11
      vertex 3.07399 44.0424 -7.6
    endloop
  endfacet
  facet normal 0.238342 0.666171 -0.706688
    outer loop
      vertex 3.50652 45.4682 -6.11
      vertex 3.07295 44.0427 -7.6
      vertex 3.34944 45.5244 -6.11
    endloop
  endfacet
  facet normal 0.475158 0.524238 -0.706682
    outer loop
      vertex 2.92153 45.7809 -6.11
      vertex 1.97629 44.6291 -7.6
      vertex 1.74515 44.8386 -7.6
    endloop
  endfacet
  facet normal 0.421446 0.568317 -0.706682
    outer loop
      vertex 2.92153 45.7809 -6.11
      vertex 2.22684 44.4433 -7.6
      vertex 1.97629 44.6291 -7.6
    endloop
  endfacet
  facet normal 0.302576 0.639584 -0.706669
    outer loop
      vertex 3.19863 45.5957 -6.11
      vertex 2.77823 44.1483 -7.6
      vertex 2.49625 44.2817 -7.6
    endloop
  endfacet
  facet normal 0.363634 0.606949 -0.706671
    outer loop
      vertex 3.19863 45.5957 -6.11
      vertex 2.49625 44.2817 -7.6
      vertex 2.22869 44.442 -7.6
    endloop
  endfacet
  facet normal 0.238377 0.666162 -0.706685
    outer loop
      vertex 3.34944 45.5244 -6.11
      vertex 3.07295 44.0427 -7.6
      vertex 2.77924 44.1478 -7.6
    endloop
  endfacet
  facet normal 0.568297 0.421473 -0.706682
    outer loop
      vertex 1.34827 45.3218 -7.6
      vertex 2.5865 46.1505 -6.11
      vertex 2.68588 46.0165 -6.11
    endloop
  endfacet
  facet normal 0.570487 0.418357 -0.706769
    outer loop
      vertex 2.5865 46.1505 -6.11
      vertex 1.34827 45.3218 -7.6
      vertex 1.34761 45.3227 -7.6
    endloop
  endfacet
  facet normal 0.639606 0.302498 -0.706682
    outer loop
      vertex 1.0533 45.8732 -7.6
      vertex 2.42941 46.4444 -6.11
      vertex 2.50073 46.2936 -6.11
    endloop
  endfacet
  facet normal 0.63795 0.306216 -0.706577
    outer loop
      vertex 2.42941 46.4444 -6.11
      vertex 1.0533 45.8732 -7.6
      vertex 1.05282 45.8742 -7.6
    endloop
  endfacet
  facet normal 0.639606 0.302498 -0.706682
    outer loop
      vertex 2.50073 46.2936 -6.11
      vertex 1.18667 45.5912 -7.6
      vertex 1.0533 45.8732 -7.6
    endloop
  endfacet
  facet normal 0.68633 0.171922 -0.706678
    outer loop
      vertex 0.871566 46.4716 -7.6
      vertex 2.33267 46.7633 -6.11
      vertex 2.3732 46.6015 -6.11
    endloop
  endfacet
  facet normal 0.686932 0.169235 -0.706742
    outer loop
      vertex 2.33267 46.7633 -6.11
      vertex 0.871566 46.4716 -7.6
      vertex 0.871295 46.4727 -7.6
    endloop
  endfacet
  facet normal 0.706681 0.0347149 -0.706681
    outer loop
      vertex 2.3 47.095 -6.11
      vertex 0.825307 46.7834 -7.6
      vertex 0.81 47.095 -7.6
    endloop
  endfacet
  facet normal 0.666174 0.238353 -0.706683
    outer loop
      vertex 2.42941 46.4444 -6.11
      vertex 1.05282 45.8742 -7.6
      vertex 0.947736 46.1679 -7.6
    endloop
  endfacet
  facet normal 0.666173 0.238355 -0.706682
    outer loop
      vertex 0.947736 46.1679 -7.6
      vertex 2.3732 46.6015 -6.11
      vertex 2.42941 46.4444 -6.11
    endloop
  endfacet
  facet normal 0.66948 0.228232 -0.7069
    outer loop
      vertex 2.3732 46.6015 -6.11
      vertex 0.947736 46.1679 -7.6
      vertex 0.947361 46.169 -7.6
    endloop
  endfacet
  facet normal -0.459809 -0.538633 -0.70601
    outer loop
      vertex 5.20208 48.2971 -6.11
      vertex 6.25485 49.3514 -7.6
      vertex 6.25567 49.3507 -7.6
    endloop
  endfacet
  facet normal -0.475077 -0.524324 -0.706672
    outer loop
      vertex 6.25485 49.3514 -7.6
      vertex 5.20208 48.2971 -6.11
      vertex 5.07847 48.4091 -6.11
    endloop
  endfacet
  facet normal 0.0347035 0.706681 -0.706681
    outer loop
      vertex 4 45.395 -6.11
      vertex 4 43.905 -7.6
      vertex 3.68844 43.9203 -7.6
    endloop
  endfacet
  facet normal 0.103657 0.699901 -0.706678
    outer loop
      vertex 3.83337 45.4032 -6.11
      vertex 3.68733 43.9204 -7.6
      vertex 3.37876 43.9661 -7.6
    endloop
  endfacet
  facet normal -0.063448 0.704273 -0.707088
    outer loop
      vertex 4.31156 43.9203 -7.6
      vertex 4.16663 45.4032 -6.11
      vertex 4.31267 43.9204 -7.6
    endloop
  endfacet
  facet normal -0.0347759 0.706671 -0.706687
    outer loop
      vertex 4.16663 45.4032 -6.11
      vertex 4.31156 43.9203 -7.6
      vertex 4 45.395 -6.11
    endloop
  endfacet
  facet normal -0.54433 0.453608 -0.705652
    outer loop
      vertex 5.20208 45.8929 -6.11
      vertex 6.25642 44.8402 -7.6
      vertex 6.25567 44.8393 -7.6
    endloop
  endfacet
  facet normal -0.524221 0.475192 -0.706672
    outer loop
      vertex 6.25642 44.8402 -7.6
      vertex 5.20208 45.8929 -6.11
      vertex 5.31412 46.0165 -6.11
    endloop
  endfacet
  facet normal -0.524228 0.475185 -0.706671
    outer loop
      vertex 6.4659 45.0713 -7.6
      vertex 6.25642 44.8402 -7.6
      vertex 5.31412 46.0165 -6.11
    endloop
  endfacet
  facet normal -0.374852 0.599763 -0.706945
    outer loop
      vertex 5.77131 44.442 -7.6
      vertex 4.94447 45.6815 -6.11
      vertex 5.77227 44.4426 -7.6
    endloop
  endfacet
  facet normal -0.363831 0.606808 -0.70669
    outer loop
      vertex 4.94447 45.6815 -6.11
      vertex 5.77131 44.442 -7.6
      vertex 4.80137 45.5957 -6.11
    endloop
  endfacet
  facet normal -0.437795 0.556626 -0.706047
    outer loop
      vertex 4.94447 45.6815 -6.11
      vertex 5.77316 44.4433 -7.6
      vertex 5.77227 44.4426 -7.6
    endloop
  endfacet
  facet normal -0.421533 0.568263 -0.706673
    outer loop
      vertex 5.77316 44.4433 -7.6
      vertex 4.94447 45.6815 -6.11
      vertex 5.07847 45.7809 -6.11
    endloop
  endfacet
  facet normal -0.666177 0.238345 -0.706682
    outer loop
      vertex 7.05226 46.1679 -7.6
      vertex 6.94718 45.8742 -7.6
      vertex 5.57059 46.4444 -6.11
    endloop
  endfacet
  facet normal -0.668595 0.230969 -0.706848
    outer loop
      vertex 7.05226 46.1679 -7.6
      vertex 5.6268 46.6015 -6.11
      vertex 7.05264 46.169 -7.6
    endloop
  endfacet
  facet normal -0.666174 0.238355 -0.706682
    outer loop
      vertex 5.6268 46.6015 -6.11
      vertex 7.05226 46.1679 -7.6
      vertex 5.57059 46.4444 -6.11
    endloop
  endfacet
  facet normal -0.706678 0.0347401 -0.706682
    outer loop
      vertex 7.17469 46.7834 -7.6
      vertex 5.69181 46.9284 -6.11
      vertex 5.7 47.095 -6.11
    endloop
  endfacet
  facet normal -0.706867 0.0321303 -0.706616
    outer loop
      vertex 5.69181 46.9284 -6.11
      vertex 7.17469 46.7834 -7.6
      vertex 7.17464 46.7823 -7.6
    endloop
  endfacet
  facet normal 0.171771 -0.686361 -0.706685
    outer loop
      vertex 3.37658 50.2234 -7.6
      vertex 3.66835 48.7623 -6.11
      vertex 3.50652 48.7218 -6.11
    endloop
  endfacet
  facet normal 0.189514 -0.682251 -0.706129
    outer loop
      vertex 3.66835 48.7623 -6.11
      vertex 3.37658 50.2234 -7.6
      vertex 3.37766 50.2237 -7.6
    endloop
  endfacet
  facet normal 0.421533 -0.568263 -0.706673
    outer loop
      vertex 2.22684 49.7467 -7.6
      vertex 3.05553 48.5085 -6.11
      vertex 2.92153 48.4091 -6.11
    endloop
  endfacet
  facet normal 0.437795 -0.556626 -0.706047
    outer loop
      vertex 3.05553 48.5085 -6.11
      vertex 2.22684 49.7467 -7.6
      vertex 2.22773 49.7474 -7.6
    endloop
  endfacet
  facet normal 0.437795 0.556626 -0.706047
    outer loop
      vertex 2.22684 44.4433 -7.6
      vertex 3.05553 45.6815 -6.11
      vertex 2.22773 44.4426 -7.6
    endloop
  endfacet
  facet normal 0.421533 0.568263 -0.706673
    outer loop
      vertex 3.05553 45.6815 -6.11
      vertex 2.22684 44.4433 -7.6
      vertex 2.92153 45.7809 -6.11
    endloop
  endfacet
  facet normal 0.17193 0.686335 -0.706672
    outer loop
      vertex 3.50652 45.4682 -6.11
      vertex 3.37658 43.9666 -7.6
      vertex 3.07399 44.0424 -7.6
    endloop
  endfacet
  facet normal 0.189514 0.682251 -0.706129
    outer loop
      vertex 3.37658 43.9666 -7.6
      vertex 3.66835 45.4277 -6.11
      vertex 3.37766 43.9663 -7.6
    endloop
  endfacet
  facet normal 0.171771 0.686361 -0.706685
    outer loop
      vertex 3.66835 45.4277 -6.11
      vertex 3.37658 43.9666 -7.6
      vertex 3.50652 45.4682 -6.11
    endloop
  endfacet
  facet normal 0.615092 0.350603 -0.706215
    outer loop
      vertex 1.34704 45.3237 -7.6
      vertex 2.5865 46.1505 -6.11
      vertex 1.34761 45.3227 -7.6
    endloop
  endfacet
  facet normal 0.606878 0.363745 -0.706675
    outer loop
      vertex 2.5865 46.1505 -6.11
      vertex 1.34704 45.3237 -7.6
      vertex 2.50073 46.2936 -6.11
    endloop
  endfacet
  facet normal 0.706634 0.0353317 -0.706697
    outer loop
      vertex 0.825307 46.7834 -7.6
      vertex 2.30819 46.9284 -6.11
      vertex 0.825362 46.7823 -7.6
    endloop
  endfacet
  facet normal 0.706677 0.03474 -0.706683
    outer loop
      vertex 2.30819 46.9284 -6.11
      vertex 0.825307 46.7834 -7.6
      vertex 2.3 47.095 -6.11
    endloop
  endfacet
  facet normal 0.69987 0.103835 -0.706683
    outer loop
      vertex 2.30819 46.9284 -6.11
      vertex 0.871132 46.4738 -7.6
      vertex 0.825362 46.7823 -7.6
    endloop
  endfacet
  facet normal 0.0347759 0.706671 -0.706687
    outer loop
      vertex 3.68844 43.9203 -7.6
      vertex 3.83337 45.4032 -6.11
      vertex 4 45.395 -6.11
    endloop
  endfacet
  facet normal 0.063448 0.704273 -0.707088
    outer loop
      vertex 3.83337 45.4032 -6.11
      vertex 3.68844 43.9203 -7.6
      vertex 3.68733 43.9204 -7.6
    endloop
  endfacet
  facet normal -0.126498 0.695741 -0.707066
    outer loop
      vertex 4.62124 43.9661 -7.6
      vertex 4.33165 45.4277 -6.11
      vertex 4.62234 43.9663 -7.6
    endloop
  endfacet
  facet normal -0.103904 0.699844 -0.706699
    outer loop
      vertex 4.33165 45.4277 -6.11
      vertex 4.62124 43.9661 -7.6
      vertex 4.16663 45.4032 -6.11
    endloop
  endfacet
  facet normal -0.189514 0.682251 -0.706129
    outer loop
      vertex 4.33165 45.4277 -6.11
      vertex 4.62342 43.9666 -7.6
      vertex 4.62234 43.9663 -7.6
    endloop
  endfacet
  facet normal -0.171771 0.686361 -0.706685
    outer loop
      vertex 4.62342 43.9666 -7.6
      vertex 4.33165 45.4277 -6.11
      vertex 4.49348 45.4682 -6.11
    endloop
  endfacet
  facet normal -0.17193 0.686335 -0.706672
    outer loop
      vertex 4.92601 44.0424 -7.6
      vertex 4.62342 43.9666 -7.6
      vertex 4.49348 45.4682 -6.11
    endloop
  endfacet
  facet normal -0.998791 -0.0491602 0
    outer loop
      vertex 67.7 47.095 -6.11
      vertex 67.6918 47.2616 -1.6
      vertex 67.6918 47.2616 -6.11
    endloop
  endfacet
  facet normal -0.998791 -0.0491602 0
    outer loop
      vertex 67.6918 47.2616 -1.6
      vertex 67.7 47.095 -6.11
      vertex 67.7 47.095 -1.6
    endloop
  endfacet
  facet normal 0.998791 -0.0491602 0
    outer loop
      vertex 64.3 47.095 -1.6
      vertex 64.3082 47.2616 -6.11
      vertex 64.3082 47.2616 -1.6
    endloop
  endfacet
  facet normal 0.998791 -0.0491602 0
    outer loop
      vertex 64.3082 47.2616 -6.11
      vertex 64.3 47.095 -1.6
      vertex 64.3 47.095 -6.11
    endloop
  endfacet
  facet normal -0.0491602 -0.998791 0
    outer loop
      vertex 66 48.795 -6.11
      vertex 66.1666 48.7868 -1.6
      vertex 66 48.795 -1.6
    endloop
  endfacet
  facet normal -0.0491602 -0.998791 -0
    outer loop
      vertex 66.1666 48.7868 -1.6
      vertex 66 48.795 -6.11
      vertex 66.1666 48.7868 -6.11
    endloop
  endfacet
  facet normal -0.671478 -0.741024 0
    outer loop
      vertex 67.0785 48.4091 -6.11
      vertex 67.2021 48.2971 -1.6
      vertex 67.0785 48.4091 -1.6
    endloop
  endfacet
  facet normal -0.671478 -0.741024 -0
    outer loop
      vertex 67.2021 48.2971 -1.6
      vertex 67.0785 48.4091 -6.11
      vertex 67.2021 48.2971 -6.11
    endloop
  endfacet
  facet normal 0.671478 -0.741024 0
    outer loop
      vertex 64.7979 48.2971 -6.11
      vertex 64.9215 48.4091 -1.6
      vertex 64.7979 48.2971 -1.6
    endloop
  endfacet
  facet normal 0.671478 -0.741024 0
    outer loop
      vertex 64.9215 48.4091 -1.6
      vertex 64.7979 48.2971 -6.11
      vertex 64.9215 48.4091 -6.11
    endloop
  endfacet
  facet normal 0.33683 -0.941566 0
    outer loop
      vertex 65.3494 48.6656 -6.11
      vertex 65.5065 48.7218 -1.6
      vertex 65.3494 48.6656 -1.6
    endloop
  endfacet
  facet normal 0.33683 -0.941566 0
    outer loop
      vertex 65.5065 48.7218 -1.6
      vertex 65.3494 48.6656 -6.11
      vertex 65.5065 48.7218 -6.11
    endloop
  endfacet
  facet normal -0.904043 -0.427442 0
    outer loop
      vertex 67.5706 47.7456 -6.11
      vertex 67.4993 47.8964 -1.6
      vertex 67.4993 47.8964 -6.11
    endloop
  endfacet
  facet normal -0.904043 -0.427442 0
    outer loop
      vertex 67.4993 47.8964 -1.6
      vertex 67.5706 47.7456 -6.11
      vertex 67.5706 47.7456 -1.6
    endloop
  endfacet
  facet normal -0.427442 -0.904043 0
    outer loop
      vertex 66.6506 48.6656 -6.11
      vertex 66.8014 48.5943 -1.6
      vertex 66.6506 48.6656 -1.6
    endloop
  endfacet
  facet normal -0.427442 -0.904043 -0
    outer loop
      vertex 66.8014 48.5943 -1.6
      vertex 66.6506 48.6656 -6.11
      vertex 66.8014 48.5943 -6.11
    endloop
  endfacet
  facet normal -0.514231 -0.857652 0
    outer loop
      vertex 66.8014 48.5943 -6.11
      vertex 66.9445 48.5085 -1.6
      vertex 66.8014 48.5943 -1.6
    endloop
  endfacet
  facet normal -0.514231 -0.857652 -0
    outer loop
      vertex 66.9445 48.5085 -1.6
      vertex 66.8014 48.5943 -6.11
      vertex 66.9445 48.5085 -6.11
    endloop
  endfacet
  facet normal 0.904043 -0.427442 0
    outer loop
      vertex 64.4294 47.7456 -1.6
      vertex 64.5007 47.8964 -6.11
      vertex 64.5007 47.8964 -1.6
    endloop
  endfacet
  facet normal 0.904043 -0.427442 0
    outer loop
      vertex 64.5007 47.8964 -6.11
      vertex 64.4294 47.7456 -1.6
      vertex 64.4294 47.7456 -6.11
    endloop
  endfacet
  facet normal 0.146875 -0.989155 0
    outer loop
      vertex 65.6684 48.7623 -6.11
      vertex 65.8334 48.7868 -1.6
      vertex 65.6684 48.7623 -1.6
    endloop
  endfacet
  facet normal 0.146875 -0.989155 0
    outer loop
      vertex 65.8334 48.7868 -1.6
      vertex 65.6684 48.7623 -6.11
      vertex 65.8334 48.7868 -6.11
    endloop
  endfacet
  facet normal 0.941566 0.33683 0
    outer loop
      vertex 64.4294 46.4444 -1.6
      vertex 64.3732 46.6015 -6.11
      vertex 64.3732 46.6015 -1.6
    endloop
  endfacet
  facet normal 0.941566 0.33683 0
    outer loop
      vertex 64.3732 46.6015 -6.11
      vertex 64.4294 46.4444 -1.6
      vertex 64.4294 46.4444 -6.11
    endloop
  endfacet
  facet normal -0.970072 -0.242818 0
    outer loop
      vertex 67.6673 47.4267 -6.11
      vertex 67.6268 47.5885 -1.6
      vertex 67.6268 47.5885 -6.11
    endloop
  endfacet
  facet normal -0.970072 -0.242818 0
    outer loop
      vertex 67.6268 47.5885 -1.6
      vertex 67.6673 47.4267 -6.11
      vertex 67.6673 47.4267 -1.6
    endloop
  endfacet
  facet normal -0.989168 -0.146788 0
    outer loop
      vertex 67.6918 47.2616 -6.11
      vertex 67.6673 47.4267 -1.6
      vertex 67.6673 47.4267 -6.11
    endloop
  endfacet
  facet normal -0.989168 -0.146788 0
    outer loop
      vertex 67.6673 47.4267 -1.6
      vertex 67.6918 47.2616 -6.11
      vertex 67.6918 47.2616 -1.6
    endloop
  endfacet
  facet normal -0.941566 -0.33683 0
    outer loop
      vertex 67.6268 47.5885 -6.11
      vertex 67.5706 47.7456 -1.6
      vertex 67.5706 47.7456 -6.11
    endloop
  endfacet
  facet normal -0.941566 -0.33683 0
    outer loop
      vertex 67.5706 47.7456 -1.6
      vertex 67.6268 47.5885 -6.11
      vertex 67.6268 47.5885 -1.6
    endloop
  endfacet
  facet normal -0.803154 -0.595772 0
    outer loop
      vertex 67.4135 48.0395 -6.11
      vertex 67.3141 48.1735 -1.6
      vertex 67.3141 48.1735 -6.11
    endloop
  endfacet
  facet normal -0.803154 -0.595772 0
    outer loop
      vertex 67.3141 48.1735 -1.6
      vertex 67.4135 48.0395 -6.11
      vertex 67.4135 48.0395 -1.6
    endloop
  endfacet
  facet normal -0.741024 -0.671478 0
    outer loop
      vertex 67.3141 48.1735 -6.11
      vertex 67.2021 48.2971 -1.6
      vertex 67.2021 48.2971 -6.11
    endloop
  endfacet
  facet normal -0.741024 -0.671478 0
    outer loop
      vertex 67.2021 48.2971 -1.6
      vertex 67.3141 48.1735 -6.11
      vertex 67.3141 48.1735 -1.6
    endloop
  endfacet
  facet normal -0.857652 -0.514231 0
    outer loop
      vertex 67.4993 47.8964 -6.11
      vertex 67.4135 48.0395 -1.6
      vertex 67.4135 48.0395 -6.11
    endloop
  endfacet
  facet normal -0.857652 -0.514231 0
    outer loop
      vertex 67.4135 48.0395 -1.6
      vertex 67.4993 47.8964 -6.11
      vertex 67.4993 47.8964 -1.6
    endloop
  endfacet
  facet normal -0.242677 -0.970107 0
    outer loop
      vertex 66.3316 48.7623 -6.11
      vertex 66.4935 48.7218 -1.6
      vertex 66.3316 48.7623 -1.6
    endloop
  endfacet
  facet normal -0.242677 -0.970107 -0
    outer loop
      vertex 66.4935 48.7218 -1.6
      vertex 66.3316 48.7623 -6.11
      vertex 66.4935 48.7218 -6.11
    endloop
  endfacet
  facet normal -0.33683 -0.941566 0
    outer loop
      vertex 66.4935 48.7218 -6.11
      vertex 66.6506 48.6656 -1.6
      vertex 66.4935 48.7218 -1.6
    endloop
  endfacet
  facet normal -0.33683 -0.941566 -0
    outer loop
      vertex 66.6506 48.6656 -1.6
      vertex 66.4935 48.7218 -6.11
      vertex 66.6506 48.6656 -6.11
    endloop
  endfacet
  facet normal -0.146875 -0.989155 0
    outer loop
      vertex 66.1666 48.7868 -6.11
      vertex 66.3316 48.7623 -1.6
      vertex 66.1666 48.7868 -1.6
    endloop
  endfacet
  facet normal -0.146875 -0.989155 -0
    outer loop
      vertex 66.3316 48.7623 -1.6
      vertex 66.1666 48.7868 -6.11
      vertex 66.3316 48.7623 -6.11
    endloop
  endfacet
  facet normal -0.595772 -0.803154 0
    outer loop
      vertex 66.9445 48.5085 -6.11
      vertex 67.0785 48.4091 -1.6
      vertex 66.9445 48.5085 -1.6
    endloop
  endfacet
  facet normal -0.595772 -0.803154 -0
    outer loop
      vertex 67.0785 48.4091 -1.6
      vertex 66.9445 48.5085 -6.11
      vertex 67.0785 48.4091 -6.11
    endloop
  endfacet
  facet normal 0.970072 -0.242818 0
    outer loop
      vertex 64.3327 47.4267 -1.6
      vertex 64.3732 47.5885 -6.11
      vertex 64.3732 47.5885 -1.6
    endloop
  endfacet
  facet normal 0.970072 -0.242818 0
    outer loop
      vertex 64.3732 47.5885 -6.11
      vertex 64.3327 47.4267 -1.6
      vertex 64.3327 47.4267 -6.11
    endloop
  endfacet
  facet normal 0.803154 -0.595772 0
    outer loop
      vertex 64.5865 48.0395 -1.6
      vertex 64.6859 48.1735 -6.11
      vertex 64.6859 48.1735 -1.6
    endloop
  endfacet
  facet normal 0.803154 -0.595772 0
    outer loop
      vertex 64.6859 48.1735 -6.11
      vertex 64.5865 48.0395 -1.6
      vertex 64.5865 48.0395 -6.11
    endloop
  endfacet
  facet normal 0.741024 -0.671478 0
    outer loop
      vertex 64.6859 48.1735 -1.6
      vertex 64.7979 48.2971 -6.11
      vertex 64.7979 48.2971 -1.6
    endloop
  endfacet
  facet normal 0.741024 -0.671478 0
    outer loop
      vertex 64.7979 48.2971 -6.11
      vertex 64.6859 48.1735 -1.6
      vertex 64.6859 48.1735 -6.11
    endloop
  endfacet
  facet normal 0.857652 -0.514231 0
    outer loop
      vertex 64.5007 47.8964 -1.6
      vertex 64.5865 48.0395 -6.11
      vertex 64.5865 48.0395 -1.6
    endloop
  endfacet
  facet normal 0.857652 -0.514231 0
    outer loop
      vertex 64.5865 48.0395 -6.11
      vertex 64.5007 47.8964 -1.6
      vertex 64.5007 47.8964 -6.11
    endloop
  endfacet
  facet normal 0.941566 -0.33683 0
    outer loop
      vertex 64.3732 47.5885 -1.6
      vertex 64.4294 47.7456 -6.11
      vertex 64.4294 47.7456 -1.6
    endloop
  endfacet
  facet normal 0.941566 -0.33683 0
    outer loop
      vertex 64.4294 47.7456 -6.11
      vertex 64.3732 47.5885 -1.6
      vertex 64.3732 47.5885 -6.11
    endloop
  endfacet
  facet normal 0.989168 -0.146788 0
    outer loop
      vertex 64.3082 47.2616 -1.6
      vertex 64.3327 47.4267 -6.11
      vertex 64.3327 47.4267 -1.6
    endloop
  endfacet
  facet normal 0.989168 -0.146788 0
    outer loop
      vertex 64.3327 47.4267 -6.11
      vertex 64.3082 47.2616 -1.6
      vertex 64.3082 47.2616 -6.11
    endloop
  endfacet
  facet normal 0.514231 -0.857652 0
    outer loop
      vertex 65.0555 48.5085 -6.11
      vertex 65.1986 48.5943 -1.6
      vertex 65.0555 48.5085 -1.6
    endloop
  endfacet
  facet normal 0.514231 -0.857652 0
    outer loop
      vertex 65.1986 48.5943 -1.6
      vertex 65.0555 48.5085 -6.11
      vertex 65.1986 48.5943 -6.11
    endloop
  endfacet
  facet normal 0.427442 -0.904043 0
    outer loop
      vertex 65.1986 48.5943 -6.11
      vertex 65.3494 48.6656 -1.6
      vertex 65.1986 48.5943 -1.6
    endloop
  endfacet
  facet normal 0.427442 -0.904043 0
    outer loop
      vertex 65.3494 48.6656 -1.6
      vertex 65.1986 48.5943 -6.11
      vertex 65.3494 48.6656 -6.11
    endloop
  endfacet
  facet normal 0.595772 -0.803154 0
    outer loop
      vertex 64.9215 48.4091 -6.11
      vertex 65.0555 48.5085 -1.6
      vertex 64.9215 48.4091 -1.6
    endloop
  endfacet
  facet normal 0.595772 -0.803154 0
    outer loop
      vertex 65.0555 48.5085 -1.6
      vertex 64.9215 48.4091 -6.11
      vertex 65.0555 48.5085 -6.11
    endloop
  endfacet
  facet normal 0.242677 -0.970107 0
    outer loop
      vertex 65.5065 48.7218 -6.11
      vertex 65.6684 48.7623 -1.6
      vertex 65.5065 48.7218 -1.6
    endloop
  endfacet
  facet normal 0.242677 -0.970107 0
    outer loop
      vertex 65.6684 48.7623 -1.6
      vertex 65.5065 48.7218 -6.11
      vertex 65.6684 48.7623 -6.11
    endloop
  endfacet
  facet normal 0.0491602 -0.998791 0
    outer loop
      vertex 65.8334 48.7868 -6.11
      vertex 66 48.795 -1.6
      vertex 65.8334 48.7868 -1.6
    endloop
  endfacet
  facet normal 0.0491602 -0.998791 0
    outer loop
      vertex 66 48.795 -1.6
      vertex 65.8334 48.7868 -6.11
      vertex 66 48.795 -6.11
    endloop
  endfacet
  facet normal -0.998791 0.0491602 0
    outer loop
      vertex 67.6918 46.9284 -6.11
      vertex 67.7 47.095 -1.6
      vertex 67.7 47.095 -6.11
    endloop
  endfacet
  facet normal -0.998791 0.0491602 0
    outer loop
      vertex 67.7 47.095 -1.6
      vertex 67.6918 46.9284 -6.11
      vertex 67.6918 46.9284 -1.6
    endloop
  endfacet
  facet normal -0.0491602 0.998791 0
    outer loop
      vertex 66.1666 45.4032 -6.11
      vertex 66 45.395 -1.6
      vertex 66.1666 45.4032 -1.6
    endloop
  endfacet
  facet normal -0.0491602 0.998791 0
    outer loop
      vertex 66 45.395 -1.6
      vertex 66.1666 45.4032 -6.11
      vertex 66 45.395 -6.11
    endloop
  endfacet
  facet normal -0.671478 0.741024 0
    outer loop
      vertex 67.2021 45.8929 -6.11
      vertex 67.0785 45.7809 -1.6
      vertex 67.2021 45.8929 -1.6
    endloop
  endfacet
  facet normal -0.671478 0.741024 0
    outer loop
      vertex 67.0785 45.7809 -1.6
      vertex 67.2021 45.8929 -6.11
      vertex 67.0785 45.7809 -6.11
    endloop
  endfacet
  facet normal -0.514231 0.857652 0
    outer loop
      vertex 66.9445 45.6815 -6.11
      vertex 66.8014 45.5957 -1.6
      vertex 66.9445 45.6815 -1.6
    endloop
  endfacet
  facet normal -0.514231 0.857652 0
    outer loop
      vertex 66.8014 45.5957 -1.6
      vertex 66.9445 45.6815 -6.11
      vertex 66.8014 45.5957 -6.11
    endloop
  endfacet
  facet normal -0.803154 0.595772 0
    outer loop
      vertex 67.3141 46.0165 -6.11
      vertex 67.4135 46.1505 -1.6
      vertex 67.4135 46.1505 -6.11
    endloop
  endfacet
  facet normal -0.803154 0.595772 0
    outer loop
      vertex 67.4135 46.1505 -1.6
      vertex 67.3141 46.0165 -6.11
      vertex 67.3141 46.0165 -1.6
    endloop
  endfacet
  facet normal -0.904043 0.427442 0
    outer loop
      vertex 67.4993 46.2936 -6.11
      vertex 67.5706 46.4444 -1.6
      vertex 67.5706 46.4444 -6.11
    endloop
  endfacet
  facet normal -0.904043 0.427442 0
    outer loop
      vertex 67.5706 46.4444 -1.6
      vertex 67.4993 46.2936 -6.11
      vertex 67.4993 46.2936 -1.6
    endloop
  endfacet
  facet normal 0.671478 0.741024 -0
    outer loop
      vertex 64.9215 45.7809 -6.11
      vertex 64.7979 45.8929 -1.6
      vertex 64.9215 45.7809 -1.6
    endloop
  endfacet
  facet normal 0.671478 0.741024 0
    outer loop
      vertex 64.7979 45.8929 -1.6
      vertex 64.9215 45.7809 -6.11
      vertex 64.7979 45.8929 -6.11
    endloop
  endfacet
  facet normal 0.514231 0.857652 -0
    outer loop
      vertex 65.1986 45.5957 -6.11
      vertex 65.0555 45.6815 -1.6
      vertex 65.1986 45.5957 -1.6
    endloop
  endfacet
  facet normal 0.514231 0.857652 0
    outer loop
      vertex 65.0555 45.6815 -1.6
      vertex 65.1986 45.5957 -6.11
      vertex 65.0555 45.6815 -6.11
    endloop
  endfacet
  facet normal 0.33683 0.941566 -0
    outer loop
      vertex 65.5065 45.4682 -6.11
      vertex 65.3494 45.5244 -1.6
      vertex 65.5065 45.4682 -1.6
    endloop
  endfacet
  facet normal 0.33683 0.941566 0
    outer loop
      vertex 65.3494 45.5244 -1.6
      vertex 65.5065 45.4682 -6.11
      vertex 65.3494 45.5244 -6.11
    endloop
  endfacet
  facet normal 0.146875 0.989155 -0
    outer loop
      vertex 65.8334 45.4032 -6.11
      vertex 65.6684 45.4277 -1.6
      vertex 65.8334 45.4032 -1.6
    endloop
  endfacet
  facet normal 0.146875 0.989155 0
    outer loop
      vertex 65.6684 45.4277 -1.6
      vertex 65.8334 45.4032 -6.11
      vertex 65.6684 45.4277 -6.11
    endloop
  endfacet
  facet normal 0.803154 0.595772 0
    outer loop
      vertex 64.6859 46.0165 -1.6
      vertex 64.5865 46.1505 -6.11
      vertex 64.5865 46.1505 -1.6
    endloop
  endfacet
  facet normal 0.803154 0.595772 0
    outer loop
      vertex 64.5865 46.1505 -6.11
      vertex 64.6859 46.0165 -1.6
      vertex 64.6859 46.0165 -6.11
    endloop
  endfacet
  facet normal 0.904043 0.427442 0
    outer loop
      vertex 64.5007 46.2936 -1.6
      vertex 64.4294 46.4444 -6.11
      vertex 64.4294 46.4444 -1.6
    endloop
  endfacet
  facet normal 0.904043 0.427442 0
    outer loop
      vertex 64.4294 46.4444 -6.11
      vertex 64.5007 46.2936 -1.6
      vertex 64.5007 46.2936 -6.11
    endloop
  endfacet
  facet normal 0.857652 0.514231 0
    outer loop
      vertex 64.5865 46.1505 -1.6
      vertex 64.5007 46.2936 -6.11
      vertex 64.5007 46.2936 -1.6
    endloop
  endfacet
  facet normal 0.857652 0.514231 0
    outer loop
      vertex 64.5007 46.2936 -6.11
      vertex 64.5865 46.1505 -1.6
      vertex 64.5865 46.1505 -6.11
    endloop
  endfacet
  facet normal 0.998791 0.0491602 0
    outer loop
      vertex 64.3082 46.9284 -1.6
      vertex 64.3 47.095 -6.11
      vertex 64.3 47.095 -1.6
    endloop
  endfacet
  facet normal 0.998791 0.0491602 0
    outer loop
      vertex 64.3 47.095 -6.11
      vertex 64.3082 46.9284 -1.6
      vertex 64.3082 46.9284 -6.11
    endloop
  endfacet
  facet normal 0.970072 0.242818 0
    outer loop
      vertex 64.3732 46.6015 -1.6
      vertex 64.3327 46.7633 -6.11
      vertex 64.3327 46.7633 -1.6
    endloop
  endfacet
  facet normal 0.970072 0.242818 0
    outer loop
      vertex 64.3327 46.7633 -6.11
      vertex 64.3732 46.6015 -1.6
      vertex 64.3732 46.6015 -6.11
    endloop
  endfacet
  facet normal -0.146875 0.989155 0
    outer loop
      vertex 66.3316 45.4277 -6.11
      vertex 66.1666 45.4032 -1.6
      vertex 66.3316 45.4277 -1.6
    endloop
  endfacet
  facet normal -0.146875 0.989155 0
    outer loop
      vertex 66.1666 45.4032 -1.6
      vertex 66.3316 45.4277 -6.11
      vertex 66.1666 45.4032 -6.11
    endloop
  endfacet
  facet normal -0.242677 0.970107 0
    outer loop
      vertex 66.4935 45.4682 -6.11
      vertex 66.3316 45.4277 -1.6
      vertex 66.4935 45.4682 -1.6
    endloop
  endfacet
  facet normal -0.242677 0.970107 0
    outer loop
      vertex 66.3316 45.4277 -1.6
      vertex 66.4935 45.4682 -6.11
      vertex 66.3316 45.4277 -6.11
    endloop
  endfacet
  facet normal -0.427442 0.904043 0
    outer loop
      vertex 66.8014 45.5957 -6.11
      vertex 66.6506 45.5244 -1.6
      vertex 66.8014 45.5957 -1.6
    endloop
  endfacet
  facet normal -0.427442 0.904043 0
    outer loop
      vertex 66.6506 45.5244 -1.6
      vertex 66.8014 45.5957 -6.11
      vertex 66.6506 45.5244 -6.11
    endloop
  endfacet
  facet normal -0.741024 0.671478 0
    outer loop
      vertex 67.2021 45.8929 -6.11
      vertex 67.3141 46.0165 -1.6
      vertex 67.3141 46.0165 -6.11
    endloop
  endfacet
  facet normal -0.741024 0.671478 0
    outer loop
      vertex 67.3141 46.0165 -1.6
      vertex 67.2021 45.8929 -6.11
      vertex 67.2021 45.8929 -1.6
    endloop
  endfacet
  facet normal -0.595772 0.803154 0
    outer loop
      vertex 67.0785 45.7809 -6.11
      vertex 66.9445 45.6815 -1.6
      vertex 67.0785 45.7809 -1.6
    endloop
  endfacet
  facet normal -0.595772 0.803154 0
    outer loop
      vertex 66.9445 45.6815 -1.6
      vertex 67.0785 45.7809 -6.11
      vertex 66.9445 45.6815 -6.11
    endloop
  endfacet
  facet normal -0.857652 0.514231 0
    outer loop
      vertex 67.4135 46.1505 -6.11
      vertex 67.4993 46.2936 -1.6
      vertex 67.4993 46.2936 -6.11
    endloop
  endfacet
  facet normal -0.857652 0.514231 0
    outer loop
      vertex 67.4993 46.2936 -1.6
      vertex 67.4135 46.1505 -6.11
      vertex 67.4135 46.1505 -1.6
    endloop
  endfacet
  facet normal -0.941566 0.33683 0
    outer loop
      vertex 67.5706 46.4444 -6.11
      vertex 67.6268 46.6015 -1.6
      vertex 67.6268 46.6015 -6.11
    endloop
  endfacet
  facet normal -0.941566 0.33683 0
    outer loop
      vertex 67.6268 46.6015 -1.6
      vertex 67.5706 46.4444 -6.11
      vertex 67.5706 46.4444 -1.6
    endloop
  endfacet
  facet normal -0.989168 0.146788 0
    outer loop
      vertex 67.6673 46.7633 -6.11
      vertex 67.6918 46.9284 -1.6
      vertex 67.6918 46.9284 -6.11
    endloop
  endfacet
  facet normal -0.989168 0.146788 0
    outer loop
      vertex 67.6918 46.9284 -1.6
      vertex 67.6673 46.7633 -6.11
      vertex 67.6673 46.7633 -1.6
    endloop
  endfacet
  facet normal -0.970072 0.242818 0
    outer loop
      vertex 67.6268 46.6015 -6.11
      vertex 67.6673 46.7633 -1.6
      vertex 67.6673 46.7633 -6.11
    endloop
  endfacet
  facet normal -0.970072 0.242818 0
    outer loop
      vertex 67.6673 46.7633 -1.6
      vertex 67.6268 46.6015 -6.11
      vertex 67.6268 46.6015 -1.6
    endloop
  endfacet
  facet normal 0.595772 0.803154 -0
    outer loop
      vertex 65.0555 45.6815 -6.11
      vertex 64.9215 45.7809 -1.6
      vertex 65.0555 45.6815 -1.6
    endloop
  endfacet
  facet normal 0.595772 0.803154 0
    outer loop
      vertex 64.9215 45.7809 -1.6
      vertex 65.0555 45.6815 -6.11
      vertex 64.9215 45.7809 -6.11
    endloop
  endfacet
  facet normal 0.427442 0.904043 -0
    outer loop
      vertex 65.3494 45.5244 -6.11
      vertex 65.1986 45.5957 -1.6
      vertex 65.3494 45.5244 -1.6
    endloop
  endfacet
  facet normal 0.427442 0.904043 0
    outer loop
      vertex 65.1986 45.5957 -1.6
      vertex 65.3494 45.5244 -6.11
      vertex 65.1986 45.5957 -6.11
    endloop
  endfacet
  facet normal 0.242677 0.970107 -0
    outer loop
      vertex 65.6684 45.4277 -6.11
      vertex 65.5065 45.4682 -1.6
      vertex 65.6684 45.4277 -1.6
    endloop
  endfacet
  facet normal 0.242677 0.970107 0
    outer loop
      vertex 65.5065 45.4682 -1.6
      vertex 65.6684 45.4277 -6.11
      vertex 65.5065 45.4682 -6.11
    endloop
  endfacet
  facet normal 0.0491602 0.998791 -0
    outer loop
      vertex 66 45.395 -6.11
      vertex 65.8334 45.4032 -1.6
      vertex 66 45.395 -1.6
    endloop
  endfacet
  facet normal 0.0491602 0.998791 0
    outer loop
      vertex 65.8334 45.4032 -1.6
      vertex 66 45.395 -6.11
      vertex 65.8334 45.4032 -6.11
    endloop
  endfacet
  facet normal 0.741024 0.671478 0
    outer loop
      vertex 64.7979 45.8929 -1.6
      vertex 64.6859 46.0165 -6.11
      vertex 64.6859 46.0165 -1.6
    endloop
  endfacet
  facet normal 0.741024 0.671478 0
    outer loop
      vertex 64.6859 46.0165 -6.11
      vertex 64.7979 45.8929 -1.6
      vertex 64.7979 45.8929 -6.11
    endloop
  endfacet
  facet normal 0.989168 0.146788 0
    outer loop
      vertex 64.3327 46.7633 -1.6
      vertex 64.3082 46.9284 -6.11
      vertex 64.3082 46.9284 -1.6
    endloop
  endfacet
  facet normal 0.989168 0.146788 0
    outer loop
      vertex 64.3082 46.9284 -6.11
      vertex 64.3327 46.7633 -1.6
      vertex 64.3327 46.7633 -6.11
    endloop
  endfacet
  facet normal -0.33683 0.941566 0
    outer loop
      vertex 66.6506 45.5244 -6.11
      vertex 66.4935 45.4682 -1.6
      vertex 66.6506 45.5244 -1.6
    endloop
  endfacet
  facet normal -0.33683 0.941566 0
    outer loop
      vertex 66.4935 45.4682 -1.6
      vertex 66.6506 45.5244 -6.11
      vertex 66.4935 45.4682 -6.11
    endloop
  endfacet
  facet normal -0.706681 -0.034699 -0.706681
    outer loop
      vertex 69.1747 47.4066 -7.6
      vertex 69.19 47.095 -7.6
      vertex 67.7 47.095 -6.11
    endloop
  endfacet
  facet normal -0.699896 -0.10368 -0.70668
    outer loop
      vertex 69.1289 47.7162 -7.6
      vertex 69.1746 47.4077 -7.6
      vertex 67.6918 47.2616 -6.11
    endloop
  endfacet
  facet normal 0.034699 0.706681 -0.706681
    outer loop
      vertex 66 45.395 -6.11
      vertex 66 43.905 -7.6
      vertex 65.6884 43.9203 -7.6
    endloop
  endfacet
  facet normal -0.435799 -0.560313 -0.704364
    outer loop
      vertex 67.2021 48.2971 -6.11
      vertex 68.2548 49.3514 -7.6
      vertex 68.2557 49.3507 -7.6
    endloop
  endfacet
  facet normal -0.475105 -0.524313 -0.706662
    outer loop
      vertex 68.2548 49.3514 -7.6
      vertex 67.2021 48.2971 -6.11
      vertex 67.0785 48.4091 -6.11
    endloop
  endfacet
  facet normal 0.56828 -0.421503 -0.706678
    outer loop
      vertex 63.5341 49.1187 -7.6
      vertex 64.6859 48.1735 -6.11
      vertex 63.3483 48.8682 -7.6
    endloop
  endfacet
  facet normal 0.524313 -0.475105 -0.706662
    outer loop
      vertex 63.7436 49.3498 -7.6
      vertex 64.7979 48.2971 -6.11
      vertex 64.6859 48.1735 -6.11
    endloop
  endfacet
  facet normal 0.560313 -0.435799 -0.704364
    outer loop
      vertex 64.7979 48.2971 -6.11
      vertex 63.7436 49.3498 -7.6
      vertex 63.7443 49.3507 -7.6
    endloop
  endfacet
  facet normal 0.706681 -0.034699 -0.706681
    outer loop
      vertex 62.8253 47.4066 -7.6
      vertex 64.3 47.095 -6.11
      vertex 62.81 47.095 -7.6
    endloop
  endfacet
  facet normal 0.666159 0.238384 -0.706686
    outer loop
      vertex 64.4294 46.4444 -6.11
      vertex 63.0528 45.8742 -7.6
      vertex 62.9477 46.1679 -7.6
    endloop
  endfacet
  facet normal -0.683023 -0.186279 -0.706243
    outer loop
      vertex 67.6673 47.4267 -6.11
      vertex 69.1284 47.7184 -7.6
      vertex 69.1287 47.7173 -7.6
    endloop
  endfacet
  facet normal -0.686358 -0.171802 -0.70668
    outer loop
      vertex 69.1284 47.7184 -7.6
      vertex 67.6673 47.4267 -6.11
      vertex 67.6268 47.5885 -6.11
    endloop
  endfacet
  facet normal -0.524203 0.475208 -0.706674
    outer loop
      vertex 68.4659 45.0713 -7.6
      vertex 68.2564 44.8402 -7.6
      vertex 67.3141 46.0165 -6.11
    endloop
  endfacet
  facet normal -0.683023 0.186279 -0.706243
    outer loop
      vertex 69.1284 46.4716 -7.6
      vertex 67.6673 46.7633 -6.11
      vertex 69.1287 46.4727 -7.6
    endloop
  endfacet
  facet normal -0.686358 0.171802 -0.70668
    outer loop
      vertex 67.6673 46.7633 -6.11
      vertex 69.1284 46.4716 -7.6
      vertex 67.6268 46.6015 -6.11
    endloop
  endfacet
  facet normal -0.238384 -0.666159 -0.706686
    outer loop
      vertex 66.9271 50.1473 -7.6
      vertex 67.2208 50.0422 -7.6
      vertex 66.6506 48.6656 -6.11
    endloop
  endfacet
  facet normal -0.363693 -0.606912 -0.706672
    outer loop
      vertex 67.5038 49.9083 -7.6
      vertex 67.7713 49.748 -7.6
      vertex 66.8014 48.5943 -6.11
    endloop
  endfacet
  facet normal -0.238315 -0.666178 -0.706691
    outer loop
      vertex 66.4935 48.7218 -6.11
      vertex 66.9271 50.1473 -7.6
      vertex 66.6506 48.6656 -6.11
    endloop
  endfacet
  facet normal -0.186092 -0.682338 -0.706955
    outer loop
      vertex 66.9271 50.1473 -7.6
      vertex 66.4935 48.7218 -6.11
      vertex 66.926 50.1476 -7.6
    endloop
  endfacet
  facet normal -0.034699 -0.706681 -0.706681
    outer loop
      vertex 66 50.285 -7.6
      vertex 66.3116 50.2697 -7.6
      vertex 66 48.795 -6.11
    endloop
  endfacet
  facet normal 0.639639 -0.302429 -0.706681
    outer loop
      vertex 64.4294 47.7456 -6.11
      vertex 63.0533 48.3168 -7.6
      vertex 64.5007 47.8964 -6.11
    endloop
  endfacet
  facet normal 0.633248 -0.316624 -0.70622
    outer loop
      vertex 63.0533 48.3168 -7.6
      vertex 64.4294 47.7456 -6.11
      vertex 63.0528 48.3158 -7.6
    endloop
  endfacet
  facet normal 0.475105 0.524313 -0.706662
    outer loop
      vertex 63.7452 44.8386 -7.6
      vertex 64.7979 45.8929 -6.11
      vertex 64.9215 45.7809 -6.11
    endloop
  endfacet
  facet normal 0.435799 0.560313 -0.704364
    outer loop
      vertex 64.7979 45.8929 -6.11
      vertex 63.7452 44.8386 -7.6
      vertex 63.7443 44.8393 -7.6
    endloop
  endfacet
  facet normal -0.606812 -0.363833 -0.706685
    outer loop
      vertex 67.4135 48.0395 -6.11
      vertex 68.653 48.8663 -7.6
      vertex 67.4993 47.8964 -6.11
    endloop
  endfacet
  facet normal -0.606696 -0.364017 -0.706691
    outer loop
      vertex 68.653 48.8663 -7.6
      vertex 67.4135 48.0395 -6.11
      vertex 68.6524 48.8673 -7.6
    endloop
  endfacet
  facet normal -0.238384 0.666159 -0.706686
    outer loop
      vertex 67.2208 44.1478 -7.6
      vertex 66.9271 44.0427 -7.6
      vertex 66.6506 45.5244 -6.11
    endloop
  endfacet
  facet normal -0.63959 0.302558 -0.70667
    outer loop
      vertex 68.9467 45.8732 -7.6
      vertex 68.8133 45.5912 -7.6
      vertex 67.4993 46.2936 -6.11
    endloop
  endfacet
  facet normal -0.666159 0.238384 -0.706686
    outer loop
      vertex 69.0523 46.1679 -7.6
      vertex 68.9472 45.8742 -7.6
      vertex 67.5706 46.4444 -6.11
    endloop
  endfacet
  facet normal -0.706681 0.034699 -0.706681
    outer loop
      vertex 69.19 47.095 -7.6
      vertex 69.1747 46.7834 -7.6
      vertex 67.7 47.095 -6.11
    endloop
  endfacet
  facet normal -0.171925 -0.686338 -0.70667
    outer loop
      vertex 66.6234 50.2234 -7.6
      vertex 66.926 50.1476 -7.6
      vertex 66.4935 48.7218 -6.11
    endloop
  endfacet
  facet normal -0.364017 -0.606696 -0.706691
    outer loop
      vertex 66.9445 48.5085 -6.11
      vertex 67.7713 49.748 -7.6
      vertex 67.7723 49.7474 -7.6
    endloop
  endfacet
  facet normal -0.363833 -0.606812 -0.706685
    outer loop
      vertex 67.7713 49.748 -7.6
      vertex 66.9445 48.5085 -6.11
      vertex 66.8014 48.5943 -6.11
    endloop
  endfacet
  facet normal 0.1717 -0.686375 -0.706688
    outer loop
      vertex 65.3766 50.2234 -7.6
      vertex 65.6684 48.7623 -6.11
      vertex 65.5065 48.7218 -6.11
    endloop
  endfacet
  facet normal 0.186277 -0.683017 -0.70625
    outer loop
      vertex 65.6684 48.7623 -6.11
      vertex 65.3766 50.2234 -7.6
      vertex 65.3777 50.2237 -7.6
    endloop
  endfacet
  facet normal -0.0640198 -0.704218 -0.707092
    outer loop
      vertex 66.1666 48.7868 -6.11
      vertex 66.3116 50.2697 -7.6
      vertex 66.3127 50.2696 -7.6
    endloop
  endfacet
  facet normal -0.0347821 -0.70667 -0.706688
    outer loop
      vertex 66.3116 50.2697 -7.6
      vertex 66.1666 48.7868 -6.11
      vertex 66 48.795 -6.11
    endloop
  endfacet
  facet normal -0.126498 -0.695741 -0.707066
    outer loop
      vertex 66.3316 48.7623 -6.11
      vertex 66.6212 50.2239 -7.6
      vertex 66.6223 50.2237 -7.6
    endloop
  endfacet
  facet normal -0.103916 -0.699841 -0.706699
    outer loop
      vertex 66.6212 50.2239 -7.6
      vertex 66.3316 48.7623 -6.11
      vertex 66.1666 48.7868 -6.11
    endloop
  endfacet
  facet normal -0.10368 -0.699896 -0.70668
    outer loop
      vertex 66.3127 50.2696 -7.6
      vertex 66.6212 50.2239 -7.6
      vertex 66.1666 48.7868 -6.11
    endloop
  endfacet
  facet normal 0.524203 -0.475208 -0.706674
    outer loop
      vertex 63.7436 49.3498 -7.6
      vertex 64.6859 48.1735 -6.11
      vertex 63.5341 49.1187 -7.6
    endloop
  endfacet
  facet normal 0.606812 -0.363833 -0.706685
    outer loop
      vertex 63.347 48.8663 -7.6
      vertex 64.5865 48.0395 -6.11
      vertex 64.5007 47.8964 -6.11
    endloop
  endfacet
  facet normal 0.606696 -0.364017 -0.706691
    outer loop
      vertex 64.5865 48.0395 -6.11
      vertex 63.347 48.8663 -7.6
      vertex 63.3476 48.8673 -7.6
    endloop
  endfacet
  facet normal 0.666178 -0.238315 -0.706691
    outer loop
      vertex 64.3732 47.5885 -6.11
      vertex 62.9477 48.0221 -7.6
      vertex 64.4294 47.7456 -6.11
    endloop
  endfacet
  facet normal 0.682338 -0.186092 -0.706955
    outer loop
      vertex 62.9477 48.0221 -7.6
      vertex 64.3732 47.5885 -6.11
      vertex 62.9474 48.021 -7.6
    endloop
  endfacet
  facet normal 0.699855 -0.103855 -0.706694
    outer loop
      vertex 62.8711 47.7162 -7.6
      vertex 64.3327 47.4267 -6.11
      vertex 64.3082 47.2616 -6.11
    endloop
  endfacet
  facet normal 0.695745 -0.126499 -0.707062
    outer loop
      vertex 64.3327 47.4267 -6.11
      vertex 62.8711 47.7162 -7.6
      vertex 62.8713 47.7173 -7.6
    endloop
  endfacet
  facet normal 0.686338 -0.171925 -0.70667
    outer loop
      vertex 62.9474 48.021 -7.6
      vertex 64.3732 47.5885 -6.11
      vertex 62.8716 47.7184 -7.6
    endloop
  endfacet
  facet normal 0.666159 -0.238384 -0.706686
    outer loop
      vertex 63.0528 48.3158 -7.6
      vertex 64.4294 47.7456 -6.11
      vertex 62.9477 48.0221 -7.6
    endloop
  endfacet
  facet normal -0.0640198 0.704218 -0.707092
    outer loop
      vertex 66.3116 43.9203 -7.6
      vertex 66.1666 45.4032 -6.11
      vertex 66.3127 43.9204 -7.6
    endloop
  endfacet
  facet normal -0.0347821 0.70667 -0.706688
    outer loop
      vertex 66.1666 45.4032 -6.11
      vertex 66.3116 43.9203 -7.6
      vertex 66 45.395 -6.11
    endloop
  endfacet
  facet normal 0.421503 0.56828 -0.706678
    outer loop
      vertex 64.9215 45.7809 -6.11
      vertex 64.2268 44.4433 -7.6
      vertex 63.9763 44.6291 -7.6
    endloop
  endfacet
  facet normal 0.302558 0.63959 -0.70667
    outer loop
      vertex 65.1986 45.5957 -6.11
      vertex 64.7782 44.1483 -7.6
      vertex 64.4962 44.2817 -7.6
    endloop
  endfacet
  facet normal 0.639639 0.302429 -0.706681
    outer loop
      vertex 63.0533 45.8732 -7.6
      vertex 64.4294 46.4444 -6.11
      vertex 64.5007 46.2936 -6.11
    endloop
  endfacet
  facet normal 0.633248 0.316624 -0.70622
    outer loop
      vertex 64.4294 46.4444 -6.11
      vertex 63.0533 45.8732 -7.6
      vertex 63.0528 45.8742 -7.6
    endloop
  endfacet
  facet normal -0.699855 -0.103855 -0.706694
    outer loop
      vertex 67.6673 47.4267 -6.11
      vertex 69.1289 47.7162 -7.6
      vertex 67.6918 47.2616 -6.11
    endloop
  endfacet
  facet normal -0.695745 -0.126499 -0.707062
    outer loop
      vertex 69.1289 47.7162 -7.6
      vertex 67.6673 47.4267 -6.11
      vertex 69.1287 47.7173 -7.6
    endloop
  endfacet
  facet normal -0.686338 -0.171925 -0.70667
    outer loop
      vertex 69.0526 48.021 -7.6
      vertex 69.1284 47.7184 -7.6
      vertex 67.6268 47.5885 -6.11
    endloop
  endfacet
  facet normal -0.633248 -0.316624 -0.70622
    outer loop
      vertex 67.5706 47.7456 -6.11
      vertex 68.9467 48.3168 -7.6
      vertex 68.9472 48.3158 -7.6
    endloop
  endfacet
  facet normal -0.639639 -0.302429 -0.706681
    outer loop
      vertex 68.9467 48.3168 -7.6
      vertex 67.5706 47.7456 -6.11
      vertex 67.4993 47.8964 -6.11
    endloop
  endfacet
  facet normal -0.558878 -0.434683 -0.706191
    outer loop
      vertex 67.4135 48.0395 -6.11
      vertex 68.6517 48.8682 -7.6
      vertex 68.6524 48.8673 -7.6
    endloop
  endfacet
  facet normal -0.568262 -0.421532 -0.706675
    outer loop
      vertex 68.6517 48.8682 -7.6
      vertex 67.4135 48.0395 -6.11
      vertex 67.3141 48.1735 -6.11
    endloop
  endfacet
  facet normal -0.126498 0.695741 -0.707066
    outer loop
      vertex 66.6212 43.9661 -7.6
      vertex 66.3316 45.4277 -6.11
      vertex 66.6223 43.9663 -7.6
    endloop
  endfacet
  facet normal -0.103916 0.699841 -0.706699
    outer loop
      vertex 66.3316 45.4277 -6.11
      vertex 66.6212 43.9661 -7.6
      vertex 66.1666 45.4032 -6.11
    endloop
  endfacet
  facet normal -0.10368 0.699896 -0.70668
    outer loop
      vertex 66.6212 43.9661 -7.6
      vertex 66.3127 43.9204 -7.6
      vertex 66.1666 45.4032 -6.11
    endloop
  endfacet
  facet normal -0.363693 0.606912 -0.706672
    outer loop
      vertex 67.7713 44.442 -7.6
      vertex 67.5038 44.2817 -7.6
      vertex 66.8014 45.5957 -6.11
    endloop
  endfacet
  facet normal -0.364017 0.606696 -0.706691
    outer loop
      vertex 67.7713 44.442 -7.6
      vertex 66.9445 45.6815 -6.11
      vertex 67.7723 44.4426 -7.6
    endloop
  endfacet
  facet normal -0.363833 0.606812 -0.706685
    outer loop
      vertex 66.9445 45.6815 -6.11
      vertex 67.7713 44.442 -7.6
      vertex 66.8014 45.5957 -6.11
    endloop
  endfacet
  facet normal -0.302558 0.63959 -0.70667
    outer loop
      vertex 67.5038 44.2817 -7.6
      vertex 67.2218 44.1483 -7.6
      vertex 66.8014 45.5957 -6.11
    endloop
  endfacet
  facet normal -0.475208 0.524203 -0.706674
    outer loop
      vertex 68.2548 44.8386 -7.6
      vertex 68.0237 44.6291 -7.6
      vertex 67.0785 45.7809 -6.11
    endloop
  endfacet
  facet normal -0.633248 0.316624 -0.70622
    outer loop
      vertex 68.9467 45.8732 -7.6
      vertex 67.5706 46.4444 -6.11
      vertex 68.9472 45.8742 -7.6
    endloop
  endfacet
  facet normal -0.639639 0.302429 -0.706681
    outer loop
      vertex 67.5706 46.4444 -6.11
      vertex 68.9467 45.8732 -7.6
      vertex 67.4993 46.2936 -6.11
    endloop
  endfacet
  facet normal -0.558878 0.434683 -0.706191
    outer loop
      vertex 68.6517 45.3218 -7.6
      vertex 67.4135 46.1505 -6.11
      vertex 68.6524 45.3227 -7.6
    endloop
  endfacet
  facet normal -0.568262 0.421532 -0.706675
    outer loop
      vertex 67.4135 46.1505 -6.11
      vertex 68.6517 45.3218 -7.6
      vertex 67.3141 46.0165 -6.11
    endloop
  endfacet
  facet normal -0.686338 0.171925 -0.70667
    outer loop
      vertex 69.1284 46.4716 -7.6
      vertex 69.0526 46.169 -7.6
      vertex 67.6268 46.6015 -6.11
    endloop
  endfacet
  facet normal -0.302558 -0.63959 -0.70667
    outer loop
      vertex 67.2218 50.0417 -7.6
      vertex 67.5038 49.9083 -7.6
      vertex 66.8014 48.5943 -6.11
    endloop
  endfacet
  facet normal -0.302429 -0.639639 -0.706681
    outer loop
      vertex 66.6506 48.6656 -6.11
      vertex 67.2218 50.0417 -7.6
      vertex 66.8014 48.5943 -6.11
    endloop
  endfacet
  facet normal -0.316624 -0.633248 -0.70622
    outer loop
      vertex 67.2218 50.0417 -7.6
      vertex 66.6506 48.6656 -6.11
      vertex 67.2208 50.0422 -7.6
    endloop
  endfacet
  facet normal -0.421503 -0.56828 -0.706678
    outer loop
      vertex 67.7732 49.7467 -7.6
      vertex 68.0237 49.5609 -7.6
      vertex 67.0785 48.4091 -6.11
    endloop
  endfacet
  facet normal -0.475208 -0.524203 -0.706674
    outer loop
      vertex 68.0237 49.5609 -7.6
      vertex 68.2548 49.3514 -7.6
      vertex 67.0785 48.4091 -6.11
    endloop
  endfacet
  facet normal 0.421503 -0.56828 -0.706678
    outer loop
      vertex 64.2268 49.7467 -7.6
      vertex 64.9215 48.4091 -6.11
      vertex 63.9763 49.5609 -7.6
    endloop
  endfacet
  facet normal 0.238384 -0.666159 -0.706686
    outer loop
      vertex 65.0729 50.1473 -7.6
      vertex 65.3494 48.6656 -6.11
      vertex 64.7792 50.0422 -7.6
    endloop
  endfacet
  facet normal 0.0347821 -0.70667 -0.706688
    outer loop
      vertex 65.8334 48.7868 -6.11
      vertex 65.6884 50.2697 -7.6
      vertex 66 48.795 -6.11
    endloop
  endfacet
  facet normal 0.0640198 -0.704218 -0.707092
    outer loop
      vertex 65.6884 50.2697 -7.6
      vertex 65.8334 48.7868 -6.11
      vertex 65.6873 50.2696 -7.6
    endloop
  endfacet
  facet normal 0.034699 -0.706681 -0.706681
    outer loop
      vertex 66 50.285 -7.6
      vertex 66 48.795 -6.11
      vertex 65.6884 50.2697 -7.6
    endloop
  endfacet
  facet normal -0.1717 -0.686375 -0.706688
    outer loop
      vertex 66.3316 48.7623 -6.11
      vertex 66.6234 50.2234 -7.6
      vertex 66.4935 48.7218 -6.11
    endloop
  endfacet
  facet normal -0.186277 -0.683017 -0.70625
    outer loop
      vertex 66.6234 50.2234 -7.6
      vertex 66.3316 48.7623 -6.11
      vertex 66.6223 50.2237 -7.6
    endloop
  endfacet
  facet normal 0.568262 -0.421532 -0.706675
    outer loop
      vertex 64.5865 48.0395 -6.11
      vertex 63.3483 48.8682 -7.6
      vertex 64.6859 48.1735 -6.11
    endloop
  endfacet
  facet normal 0.558878 -0.434683 -0.706191
    outer loop
      vertex 63.3483 48.8682 -7.6
      vertex 64.5865 48.0395 -6.11
      vertex 63.3476 48.8673 -7.6
    endloop
  endfacet
  facet normal 0.606912 -0.363693 -0.706672
    outer loop
      vertex 63.347 48.8663 -7.6
      vertex 64.5007 47.8964 -6.11
      vertex 63.1867 48.5988 -7.6
    endloop
  endfacet
  facet normal 0.63959 -0.302558 -0.70667
    outer loop
      vertex 63.1867 48.5988 -7.6
      vertex 64.5007 47.8964 -6.11
      vertex 63.0533 48.3168 -7.6
    endloop
  endfacet
  facet normal 0.699896 -0.10368 -0.70668
    outer loop
      vertex 62.8711 47.7162 -7.6
      vertex 64.3082 47.2616 -6.11
      vertex 62.8254 47.4077 -7.6
    endloop
  endfacet
  facet normal 0.70667 -0.0347821 -0.706688
    outer loop
      vertex 62.8253 47.4066 -7.6
      vertex 64.3082 47.2616 -6.11
      vertex 64.3 47.095 -6.11
    endloop
  endfacet
  facet normal 0.704218 -0.0640198 -0.707092
    outer loop
      vertex 64.3082 47.2616 -6.11
      vertex 62.8253 47.4066 -7.6
      vertex 62.8254 47.4077 -7.6
    endloop
  endfacet
  facet normal 0.686358 -0.171802 -0.70668
    outer loop
      vertex 64.3327 47.4267 -6.11
      vertex 62.8716 47.7184 -7.6
      vertex 64.3732 47.5885 -6.11
    endloop
  endfacet
  facet normal 0.683023 -0.186279 -0.706243
    outer loop
      vertex 62.8716 47.7184 -7.6
      vertex 64.3327 47.4267 -6.11
      vertex 62.8713 47.7173 -7.6
    endloop
  endfacet
  facet normal 0.475208 0.524203 -0.706674
    outer loop
      vertex 64.9215 45.7809 -6.11
      vertex 63.9763 44.6291 -7.6
      vertex 63.7452 44.8386 -7.6
    endloop
  endfacet
  facet normal 0.171925 0.686338 -0.70667
    outer loop
      vertex 65.5065 45.4682 -6.11
      vertex 65.3766 43.9666 -7.6
      vertex 65.074 44.0424 -7.6
    endloop
  endfacet
  facet normal 0.56828 0.421503 -0.706678
    outer loop
      vertex 64.6859 46.0165 -6.11
      vertex 63.5341 45.0713 -7.6
      vertex 63.3483 45.3218 -7.6
    endloop
  endfacet
  facet normal 0.706681 0.034699 -0.706681
    outer loop
      vertex 64.3 47.095 -6.11
      vertex 62.8253 46.7834 -7.6
      vertex 62.81 47.095 -7.6
    endloop
  endfacet
  facet normal -0.70667 -0.0347821 -0.706688
    outer loop
      vertex 67.6918 47.2616 -6.11
      vertex 69.1747 47.4066 -7.6
      vertex 67.7 47.095 -6.11
    endloop
  endfacet
  facet normal -0.704218 -0.0640198 -0.707092
    outer loop
      vertex 69.1747 47.4066 -7.6
      vertex 67.6918 47.2616 -6.11
      vertex 69.1746 47.4077 -7.6
    endloop
  endfacet
  facet normal -0.606912 -0.363693 -0.706672
    outer loop
      vertex 68.653 48.8663 -7.6
      vertex 68.8133 48.5988 -7.6
      vertex 67.4993 47.8964 -6.11
    endloop
  endfacet
  facet normal -0.63959 -0.302558 -0.70667
    outer loop
      vertex 68.8133 48.5988 -7.6
      vertex 68.9467 48.3168 -7.6
      vertex 67.4993 47.8964 -6.11
    endloop
  endfacet
  facet normal -0.682338 -0.186092 -0.706955
    outer loop
      vertex 67.6268 47.5885 -6.11
      vertex 69.0523 48.0221 -7.6
      vertex 69.0526 48.021 -7.6
    endloop
  endfacet
  facet normal -0.666178 -0.238315 -0.706691
    outer loop
      vertex 69.0523 48.0221 -7.6
      vertex 67.6268 47.5885 -6.11
      vertex 67.5706 47.7456 -6.11
    endloop
  endfacet
  facet normal -0.666159 -0.238384 -0.706686
    outer loop
      vertex 68.9472 48.3158 -7.6
      vertex 69.0523 48.0221 -7.6
      vertex 67.5706 47.7456 -6.11
    endloop
  endfacet
  facet normal -0.56828 -0.421503 -0.706678
    outer loop
      vertex 68.4659 49.1187 -7.6
      vertex 68.6517 48.8682 -7.6
      vertex 67.3141 48.1735 -6.11
    endloop
  endfacet
  facet normal -0.524203 -0.475208 -0.706674
    outer loop
      vertex 68.2564 49.3498 -7.6
      vertex 68.4659 49.1187 -7.6
      vertex 67.3141 48.1735 -6.11
    endloop
  endfacet
  facet normal -0.034699 0.706681 -0.706681
    outer loop
      vertex 66 45.395 -6.11
      vertex 66.3116 43.9203 -7.6
      vertex 66 43.905 -7.6
    endloop
  endfacet
  facet normal -0.316624 0.633248 -0.70622
    outer loop
      vertex 66.6506 45.5244 -6.11
      vertex 67.2218 44.1483 -7.6
      vertex 67.2208 44.1478 -7.6
    endloop
  endfacet
  facet normal -0.302429 0.639639 -0.706681
    outer loop
      vertex 67.2218 44.1483 -7.6
      vertex 66.6506 45.5244 -6.11
      vertex 66.8014 45.5957 -6.11
    endloop
  endfacet
  facet normal -0.421503 0.56828 -0.706678
    outer loop
      vertex 68.0237 44.6291 -7.6
      vertex 67.7732 44.4433 -7.6
      vertex 67.0785 45.7809 -6.11
    endloop
  endfacet
  facet normal -0.606696 0.364017 -0.706691
    outer loop
      vertex 67.4135 46.1505 -6.11
      vertex 68.653 45.3237 -7.6
      vertex 68.6524 45.3227 -7.6
    endloop
  endfacet
  facet normal -0.606812 0.363833 -0.706685
    outer loop
      vertex 68.653 45.3237 -7.6
      vertex 67.4135 46.1505 -6.11
      vertex 67.4993 46.2936 -6.11
    endloop
  endfacet
  facet normal -0.606912 0.363693 -0.706672
    outer loop
      vertex 68.8133 45.5912 -7.6
      vertex 68.653 45.3237 -7.6
      vertex 67.4993 46.2936 -6.11
    endloop
  endfacet
  facet normal -0.695745 0.126499 -0.707062
    outer loop
      vertex 67.6673 46.7633 -6.11
      vertex 69.1289 46.4738 -7.6
      vertex 69.1287 46.4727 -7.6
    endloop
  endfacet
  facet normal -0.699855 0.103855 -0.706694
    outer loop
      vertex 69.1289 46.4738 -7.6
      vertex 67.6673 46.7633 -6.11
      vertex 67.6918 46.9284 -6.11
    endloop
  endfacet
  facet normal -0.699896 0.10368 -0.70668
    outer loop
      vertex 69.1746 46.7823 -7.6
      vertex 69.1289 46.4738 -7.6
      vertex 67.6918 46.9284 -6.11
    endloop
  endfacet
  facet normal -0.421532 -0.568262 -0.706675
    outer loop
      vertex 66.9445 48.5085 -6.11
      vertex 67.7732 49.7467 -7.6
      vertex 67.0785 48.4091 -6.11
    endloop
  endfacet
  facet normal -0.434683 -0.558878 -0.706191
    outer loop
      vertex 67.7732 49.7467 -7.6
      vertex 66.9445 48.5085 -6.11
      vertex 67.7723 49.7474 -7.6
    endloop
  endfacet
  facet normal 0.302429 -0.639639 -0.706681
    outer loop
      vertex 64.7782 50.0417 -7.6
      vertex 65.3494 48.6656 -6.11
      vertex 65.1986 48.5943 -6.11
    endloop
  endfacet
  facet normal 0.316624 -0.633248 -0.70622
    outer loop
      vertex 65.3494 48.6656 -6.11
      vertex 64.7782 50.0417 -7.6
      vertex 64.7792 50.0422 -7.6
    endloop
  endfacet
  facet normal 0.363693 -0.606912 -0.706672
    outer loop
      vertex 64.4962 49.9083 -7.6
      vertex 65.1986 48.5943 -6.11
      vertex 64.2287 49.748 -7.6
    endloop
  endfacet
  facet normal 0.302558 -0.63959 -0.70667
    outer loop
      vertex 64.7782 50.0417 -7.6
      vertex 65.1986 48.5943 -6.11
      vertex 64.4962 49.9083 -7.6
    endloop
  endfacet
  facet normal 0.475208 -0.524203 -0.706674
    outer loop
      vertex 63.9763 49.5609 -7.6
      vertex 64.9215 48.4091 -6.11
      vertex 63.7452 49.3514 -7.6
    endloop
  endfacet
  facet normal 0.475105 -0.524313 -0.706662
    outer loop
      vertex 64.7979 48.2971 -6.11
      vertex 63.7452 49.3514 -7.6
      vertex 64.9215 48.4091 -6.11
    endloop
  endfacet
  facet normal 0.435799 -0.560313 -0.704364
    outer loop
      vertex 63.7452 49.3514 -7.6
      vertex 64.7979 48.2971 -6.11
      vertex 63.7443 49.3507 -7.6
    endloop
  endfacet
  facet normal 0.10368 -0.699896 -0.70668
    outer loop
      vertex 65.6873 50.2696 -7.6
      vertex 65.8334 48.7868 -6.11
      vertex 65.3788 50.2239 -7.6
    endloop
  endfacet
  facet normal 0.103916 -0.699841 -0.706699
    outer loop
      vertex 65.6684 48.7623 -6.11
      vertex 65.3788 50.2239 -7.6
      vertex 65.8334 48.7868 -6.11
    endloop
  endfacet
  facet normal 0.126498 -0.695741 -0.707066
    outer loop
      vertex 65.3788 50.2239 -7.6
      vertex 65.6684 48.7623 -6.11
      vertex 65.3777 50.2237 -7.6
    endloop
  endfacet
  facet normal 0.186277 0.683017 -0.70625
    outer loop
      vertex 65.3766 43.9666 -7.6
      vertex 65.6684 45.4277 -6.11
      vertex 65.3777 43.9663 -7.6
    endloop
  endfacet
  facet normal 0.1717 0.686375 -0.706688
    outer loop
      vertex 65.6684 45.4277 -6.11
      vertex 65.3766 43.9666 -7.6
      vertex 65.5065 45.4682 -6.11
    endloop
  endfacet
  facet normal 0.434683 0.558878 -0.706191
    outer loop
      vertex 64.2268 44.4433 -7.6
      vertex 65.0555 45.6815 -6.11
      vertex 64.2277 44.4426 -7.6
    endloop
  endfacet
  facet normal 0.421532 0.568262 -0.706675
    outer loop
      vertex 65.0555 45.6815 -6.11
      vertex 64.2268 44.4433 -7.6
      vertex 64.9215 45.7809 -6.11
    endloop
  endfacet
  facet normal 0.363693 0.606912 -0.706672
    outer loop
      vertex 65.1986 45.5957 -6.11
      vertex 64.4962 44.2817 -7.6
      vertex 64.2287 44.442 -7.6
    endloop
  endfacet
  facet normal 0.316624 0.633248 -0.70622
    outer loop
      vertex 64.7782 44.1483 -7.6
      vertex 65.3494 45.5244 -6.11
      vertex 64.7792 44.1478 -7.6
    endloop
  endfacet
  facet normal 0.302429 0.639639 -0.706681
    outer loop
      vertex 65.3494 45.5244 -6.11
      vertex 64.7782 44.1483 -7.6
      vertex 65.1986 45.5957 -6.11
    endloop
  endfacet
  facet normal 0.238384 0.666159 -0.706686
    outer loop
      vertex 65.3494 45.5244 -6.11
      vertex 65.0729 44.0427 -7.6
      vertex 64.7792 44.1478 -7.6
    endloop
  endfacet
  facet normal 0.686338 0.171925 -0.70667
    outer loop
      vertex 64.3732 46.6015 -6.11
      vertex 62.9474 46.169 -7.6
      vertex 62.8716 46.4716 -7.6
    endloop
  endfacet
  facet normal 0.686358 0.171802 -0.70668
    outer loop
      vertex 62.8716 46.4716 -7.6
      vertex 64.3327 46.7633 -6.11
      vertex 64.3732 46.6015 -6.11
    endloop
  endfacet
  facet normal 0.683023 0.186279 -0.706243
    outer loop
      vertex 64.3327 46.7633 -6.11
      vertex 62.8716 46.4716 -7.6
      vertex 62.8713 46.4727 -7.6
    endloop
  endfacet
  facet normal 0.704218 0.0640198 -0.707092
    outer loop
      vertex 62.8253 46.7834 -7.6
      vertex 64.3082 46.9284 -6.11
      vertex 62.8254 46.7823 -7.6
    endloop
  endfacet
  facet normal 0.70667 0.0347821 -0.706688
    outer loop
      vertex 64.3082 46.9284 -6.11
      vertex 62.8253 46.7834 -7.6
      vertex 64.3 47.095 -6.11
    endloop
  endfacet
  facet normal 0.666178 0.238315 -0.706691
    outer loop
      vertex 62.9477 46.1679 -7.6
      vertex 64.3732 46.6015 -6.11
      vertex 64.4294 46.4444 -6.11
    endloop
  endfacet
  facet normal 0.682338 0.186092 -0.706955
    outer loop
      vertex 64.3732 46.6015 -6.11
      vertex 62.9477 46.1679 -7.6
      vertex 62.9474 46.169 -7.6
    endloop
  endfacet
  facet normal 0.606912 0.363693 -0.706672
    outer loop
      vertex 64.5007 46.2936 -6.11
      vertex 63.347 45.3237 -7.6
      vertex 63.1867 45.5912 -7.6
    endloop
  endfacet
  facet normal 0.63959 0.302558 -0.70667
    outer loop
      vertex 64.5007 46.2936 -6.11
      vertex 63.1867 45.5912 -7.6
      vertex 63.0533 45.8732 -7.6
    endloop
  endfacet
  facet normal 0.524203 0.475208 -0.706674
    outer loop
      vertex 64.6859 46.0165 -6.11
      vertex 63.7436 44.8402 -7.6
      vertex 63.5341 45.0713 -7.6
    endloop
  endfacet
  facet normal 0.560313 0.435799 -0.704364
    outer loop
      vertex 63.7436 44.8402 -7.6
      vertex 64.7979 45.8929 -6.11
      vertex 63.7443 44.8393 -7.6
    endloop
  endfacet
  facet normal 0.524313 0.475105 -0.706662
    outer loop
      vertex 64.7979 45.8929 -6.11
      vertex 63.7436 44.8402 -7.6
      vertex 64.6859 46.0165 -6.11
    endloop
  endfacet
  facet normal -0.524313 -0.475105 -0.706662
    outer loop
      vertex 67.2021 48.2971 -6.11
      vertex 68.2564 49.3498 -7.6
      vertex 67.3141 48.1735 -6.11
    endloop
  endfacet
  facet normal -0.560313 -0.435799 -0.704364
    outer loop
      vertex 68.2564 49.3498 -7.6
      vertex 67.2021 48.2971 -6.11
      vertex 68.2557 49.3507 -7.6
    endloop
  endfacet
  facet normal 0.0347821 0.70667 -0.706688
    outer loop
      vertex 65.6884 43.9203 -7.6
      vertex 65.8334 45.4032 -6.11
      vertex 66 45.395 -6.11
    endloop
  endfacet
  facet normal 0.0640198 0.704218 -0.707092
    outer loop
      vertex 65.8334 45.4032 -6.11
      vertex 65.6884 43.9203 -7.6
      vertex 65.6873 43.9204 -7.6
    endloop
  endfacet
  facet normal -0.186277 0.683017 -0.70625
    outer loop
      vertex 66.3316 45.4277 -6.11
      vertex 66.6234 43.9666 -7.6
      vertex 66.6223 43.9663 -7.6
    endloop
  endfacet
  facet normal -0.1717 0.686375 -0.706688
    outer loop
      vertex 66.6234 43.9666 -7.6
      vertex 66.3316 45.4277 -6.11
      vertex 66.4935 45.4682 -6.11
    endloop
  endfacet
  facet normal -0.171925 0.686338 -0.70667
    outer loop
      vertex 66.926 44.0424 -7.6
      vertex 66.6234 43.9666 -7.6
      vertex 66.4935 45.4682 -6.11
    endloop
  endfacet
  facet normal -0.56828 0.421503 -0.706678
    outer loop
      vertex 68.6517 45.3218 -7.6
      vertex 68.4659 45.0713 -7.6
      vertex 67.3141 46.0165 -6.11
    endloop
  endfacet
  facet normal -0.435799 0.560313 -0.704364
    outer loop
      vertex 68.2548 44.8386 -7.6
      vertex 67.2021 45.8929 -6.11
      vertex 68.2557 44.8393 -7.6
    endloop
  endfacet
  facet normal -0.475105 0.524313 -0.706662
    outer loop
      vertex 67.2021 45.8929 -6.11
      vertex 68.2548 44.8386 -7.6
      vertex 67.0785 45.7809 -6.11
    endloop
  endfacet
  facet normal -0.560313 0.435799 -0.704364
    outer loop
      vertex 67.2021 45.8929 -6.11
      vertex 68.2564 44.8402 -7.6
      vertex 68.2557 44.8393 -7.6
    endloop
  endfacet
  facet normal -0.524313 0.475105 -0.706662
    outer loop
      vertex 68.2564 44.8402 -7.6
      vertex 67.2021 45.8929 -6.11
      vertex 67.3141 46.0165 -6.11
    endloop
  endfacet
  facet normal -0.434683 0.558878 -0.706191
    outer loop
      vertex 66.9445 45.6815 -6.11
      vertex 67.7732 44.4433 -7.6
      vertex 67.7723 44.4426 -7.6
    endloop
  endfacet
  facet normal -0.421532 0.568262 -0.706675
    outer loop
      vertex 67.7732 44.4433 -7.6
      vertex 66.9445 45.6815 -6.11
      vertex 67.0785 45.7809 -6.11
    endloop
  endfacet
  facet normal -0.682338 0.186092 -0.706955
    outer loop
      vertex 69.0523 46.1679 -7.6
      vertex 67.6268 46.6015 -6.11
      vertex 69.0526 46.169 -7.6
    endloop
  endfacet
  facet normal -0.666178 0.238315 -0.706691
    outer loop
      vertex 67.6268 46.6015 -6.11
      vertex 69.0523 46.1679 -7.6
      vertex 67.5706 46.4444 -6.11
    endloop
  endfacet
  facet normal -0.704218 0.0640198 -0.707092
    outer loop
      vertex 67.6918 46.9284 -6.11
      vertex 69.1747 46.7834 -7.6
      vertex 69.1746 46.7823 -7.6
    endloop
  endfacet
  facet normal -0.70667 0.0347821 -0.706688
    outer loop
      vertex 69.1747 46.7834 -7.6
      vertex 67.6918 46.9284 -6.11
      vertex 67.7 47.095 -6.11
    endloop
  endfacet
  facet normal 0.171925 -0.686338 -0.70667
    outer loop
      vertex 65.3766 50.2234 -7.6
      vertex 65.5065 48.7218 -6.11
      vertex 65.074 50.1476 -7.6
    endloop
  endfacet
  facet normal 0.238315 -0.666178 -0.706691
    outer loop
      vertex 65.0729 50.1473 -7.6
      vertex 65.5065 48.7218 -6.11
      vertex 65.3494 48.6656 -6.11
    endloop
  endfacet
  facet normal 0.186092 -0.682338 -0.706955
    outer loop
      vertex 65.5065 48.7218 -6.11
      vertex 65.0729 50.1473 -7.6
      vertex 65.074 50.1476 -7.6
    endloop
  endfacet
  facet normal 0.363833 -0.606812 -0.706685
    outer loop
      vertex 65.0555 48.5085 -6.11
      vertex 64.2287 49.748 -7.6
      vertex 65.1986 48.5943 -6.11
    endloop
  endfacet
  facet normal 0.364017 -0.606696 -0.706691
    outer loop
      vertex 64.2287 49.748 -7.6
      vertex 65.0555 48.5085 -6.11
      vertex 64.2277 49.7474 -7.6
    endloop
  endfacet
  facet normal 0.421532 -0.568262 -0.706675
    outer loop
      vertex 64.2268 49.7467 -7.6
      vertex 65.0555 48.5085 -6.11
      vertex 64.9215 48.4091 -6.11
    endloop
  endfacet
  facet normal 0.434683 -0.558878 -0.706191
    outer loop
      vertex 65.0555 48.5085 -6.11
      vertex 64.2268 49.7467 -7.6
      vertex 64.2277 49.7474 -7.6
    endloop
  endfacet
  facet normal 0.363833 0.606812 -0.706685
    outer loop
      vertex 64.2287 44.442 -7.6
      vertex 65.0555 45.6815 -6.11
      vertex 65.1986 45.5957 -6.11
    endloop
  endfacet
  facet normal 0.364017 0.606696 -0.706691
    outer loop
      vertex 65.0555 45.6815 -6.11
      vertex 64.2287 44.442 -7.6
      vertex 64.2277 44.4426 -7.6
    endloop
  endfacet
  facet normal 0.186092 0.682338 -0.706955
    outer loop
      vertex 65.0729 44.0427 -7.6
      vertex 65.5065 45.4682 -6.11
      vertex 65.074 44.0424 -7.6
    endloop
  endfacet
  facet normal 0.238315 0.666178 -0.706691
    outer loop
      vertex 65.5065 45.4682 -6.11
      vertex 65.0729 44.0427 -7.6
      vertex 65.3494 45.5244 -6.11
    endloop
  endfacet
  facet normal 0.699896 0.10368 -0.70668
    outer loop
      vertex 64.3082 46.9284 -6.11
      vertex 62.8711 46.4738 -7.6
      vertex 62.8254 46.7823 -7.6
    endloop
  endfacet
  facet normal 0.695745 0.126499 -0.707062
    outer loop
      vertex 62.8711 46.4738 -7.6
      vertex 64.3327 46.7633 -6.11
      vertex 62.8713 46.4727 -7.6
    endloop
  endfacet
  facet normal 0.699855 0.103855 -0.706694
    outer loop
      vertex 64.3327 46.7633 -6.11
      vertex 62.8711 46.4738 -7.6
      vertex 64.3082 46.9284 -6.11
    endloop
  endfacet
  facet normal 0.606696 0.364017 -0.706691
    outer loop
      vertex 63.347 45.3237 -7.6
      vertex 64.5865 46.1505 -6.11
      vertex 63.3476 45.3227 -7.6
    endloop
  endfacet
  facet normal 0.606812 0.363833 -0.706685
    outer loop
      vertex 64.5865 46.1505 -6.11
      vertex 63.347 45.3237 -7.6
      vertex 64.5007 46.2936 -6.11
    endloop
  endfacet
  facet normal 0.568262 0.421532 -0.706675
    outer loop
      vertex 63.3483 45.3218 -7.6
      vertex 64.5865 46.1505 -6.11
      vertex 64.6859 46.0165 -6.11
    endloop
  endfacet
  facet normal 0.558878 0.434683 -0.706191
    outer loop
      vertex 64.5865 46.1505 -6.11
      vertex 63.3483 45.3218 -7.6
      vertex 63.3476 45.3227 -7.6
    endloop
  endfacet
  facet normal 0.103916 0.699841 -0.706699
    outer loop
      vertex 65.3788 43.9661 -7.6
      vertex 65.6684 45.4277 -6.11
      vertex 65.8334 45.4032 -6.11
    endloop
  endfacet
  facet normal 0.126498 0.695741 -0.707066
    outer loop
      vertex 65.6684 45.4277 -6.11
      vertex 65.3788 43.9661 -7.6
      vertex 65.3777 43.9663 -7.6
    endloop
  endfacet
  facet normal 0.10368 0.699896 -0.70668
    outer loop
      vertex 65.8334 45.4032 -6.11
      vertex 65.6873 43.9204 -7.6
      vertex 65.3788 43.9661 -7.6
    endloop
  endfacet
  facet normal -0.186092 0.682338 -0.706955
    outer loop
      vertex 66.4935 45.4682 -6.11
      vertex 66.9271 44.0427 -7.6
      vertex 66.926 44.0424 -7.6
    endloop
  endfacet
  facet normal -0.238315 0.666178 -0.706691
    outer loop
      vertex 66.9271 44.0427 -7.6
      vertex 66.4935 45.4682 -6.11
      vertex 66.6506 45.5244 -6.11
    endloop
  endfacet
  facet normal 0.970047 -0 0.242918
    outer loop
      vertex 13.9711 60.5 5.27816
      vertex 14.0593 62.5 4.92595
      vertex 13.9711 62.5 5.27816
    endloop
  endfacet
  facet normal 0.970047 0 0.242918
    outer loop
      vertex 14.0593 62.5 4.92595
      vertex 13.9711 60.5 5.27816
      vertex 14.0593 60.5 4.92595
    endloop
  endfacet
  facet normal -0.857692 0 0.514164
    outer loop
      vertex 20.6764 60.5 3.94439
      vertex 20.8631 62.5 4.25583
      vertex 20.6764 62.5 3.94439
    endloop
  endfacet
  facet normal -0.857692 0 0.514164
    outer loop
      vertex 20.8631 62.5 4.25583
      vertex 20.6764 60.5 3.94439
      vertex 20.8631 60.5 4.25583
    endloop
  endfacet
  facet normal -0.336968 0 0.941516
    outer loop
      vertex 18.6741 62.5 2.45932
      vertex 19.0159 60.5 2.58165
      vertex 19.0159 62.5 2.58165
    endloop
  endfacet
  facet normal -0.336968 0 0.941516
    outer loop
      vertex 19.0159 60.5 2.58165
      vertex 18.6741 62.5 2.45932
      vertex 18.6741 60.5 2.45932
    endloop
  endfacet
  facet normal 0.427478 0 0.904026
    outer loop
      vertex 15.8558 62.5 2.73689
      vertex 16.1841 60.5 2.58165
      vertex 16.1841 62.5 2.58165
    endloop
  endfacet
  facet normal 0.427478 0 0.904026
    outer loop
      vertex 16.1841 60.5 2.58165
      vertex 15.8558 62.5 2.73689
      vertex 15.8558 60.5 2.73689
    endloop
  endfacet
  facet normal 0.941567 -0 0.336825
    outer loop
      vertex 14.0593 60.5 4.92595
      vertex 14.1816 62.5 4.58407
      vertex 14.0593 62.5 4.92595
    endloop
  endfacet
  facet normal 0.941567 0 0.336825
    outer loop
      vertex 14.1816 62.5 4.58407
      vertex 14.0593 60.5 4.92595
      vertex 14.1816 60.5 4.58407
    endloop
  endfacet
  facet normal 0.671608 0 0.740906
    outer loop
      vertex 14.9837 62.5 3.3837
      vertex 15.2527 60.5 3.13986
      vertex 15.2527 62.5 3.13986
    endloop
  endfacet
  facet normal 0.671608 0 0.740906
    outer loop
      vertex 15.2527 60.5 3.13986
      vertex 14.9837 62.5 3.3837
      vertex 14.9837 60.5 3.3837
    endloop
  endfacet
  facet normal -0.989168 0 0.146786
    outer loop
      vertex 21.2289 60.5 5.27816
      vertex 21.2822 62.5 5.63734
      vertex 21.2289 62.5 5.27816
    endloop
  endfacet
  facet normal -0.989168 0 0.146786
    outer loop
      vertex 21.2822 62.5 5.63734
      vertex 21.2289 60.5 5.27816
      vertex 21.2822 60.5 5.63734
    endloop
  endfacet
  facet normal -0.803211 0 0.595695
    outer loop
      vertex 20.4601 60.5 3.65274
      vertex 20.6764 62.5 3.94439
      vertex 20.4601 62.5 3.65274
    endloop
  endfacet
  facet normal -0.803211 0 0.595695
    outer loop
      vertex 20.6764 62.5 3.94439
      vertex 20.4601 60.5 3.65274
      vertex 20.6764 60.5 3.94439
    endloop
  endfacet
  facet normal -0.671608 0 0.740906
    outer loop
      vertex 19.9473 62.5 3.13986
      vertex 20.2163 60.5 3.3837
      vertex 20.2163 62.5 3.3837
    endloop
  endfacet
  facet normal -0.671608 0 0.740906
    outer loop
      vertex 20.2163 60.5 3.3837
      vertex 19.9473 62.5 3.13986
      vertex 19.9473 60.5 3.13986
    endloop
  endfacet
  facet normal -0.741011 0 0.671493
    outer loop
      vertex 20.2163 60.5 3.3837
      vertex 20.4601 62.5 3.65274
      vertex 20.2163 62.5 3.3837
    endloop
  endfacet
  facet normal -0.741011 0 0.671493
    outer loop
      vertex 20.4601 62.5 3.65274
      vertex 20.2163 60.5 3.3837
      vertex 20.4601 60.5 3.65274
    endloop
  endfacet
  facet normal 0.0490723 0 0.998795
    outer loop
      vertex 17.2373 62.5 2.31782
      vertex 17.6 60.5 2.3
      vertex 17.6 62.5 2.3
    endloop
  endfacet
  facet normal 0.0490723 0 0.998795
    outer loop
      vertex 17.6 60.5 2.3
      vertex 17.2373 62.5 2.31782
      vertex 17.2373 60.5 2.31782
    endloop
  endfacet
  facet normal -0.242937 0 0.970042
    outer loop
      vertex 18.3218 62.5 2.37109
      vertex 18.6741 60.5 2.45932
      vertex 18.6741 62.5 2.45932
    endloop
  endfacet
  facet normal -0.242937 0 0.970042
    outer loop
      vertex 18.6741 60.5 2.45932
      vertex 18.3218 62.5 2.37109
      vertex 18.3218 60.5 2.37109
    endloop
  endfacet
  facet normal -0.146737 0 0.989175
    outer loop
      vertex 17.9627 62.5 2.31782
      vertex 18.3218 60.5 2.37109
      vertex 18.3218 62.5 2.37109
    endloop
  endfacet
  facet normal -0.146737 0 0.989175
    outer loop
      vertex 18.3218 60.5 2.37109
      vertex 17.9627 62.5 2.31782
      vertex 17.9627 60.5 2.31782
    endloop
  endfacet
  facet normal -0.595629 0 0.80326
    outer loop
      vertex 19.6556 62.5 2.92356
      vertex 19.9473 60.5 3.13986
      vertex 19.9473 62.5 3.13986
    endloop
  endfacet
  facet normal -0.595629 0 0.80326
    outer loop
      vertex 19.9473 60.5 3.13986
      vertex 19.6556 62.5 2.92356
      vertex 19.6556 60.5 2.92356
    endloop
  endfacet
  facet normal -0.514151 0 0.857699
    outer loop
      vertex 19.3442 62.5 2.73689
      vertex 19.6556 60.5 2.92356
      vertex 19.6556 62.5 2.92356
    endloop
  endfacet
  facet normal -0.514151 0 0.857699
    outer loop
      vertex 19.6556 60.5 2.92356
      vertex 19.3442 62.5 2.73689
      vertex 19.3442 60.5 2.73689
    endloop
  endfacet
  facet normal 0.998798 -0 0.0490228
    outer loop
      vertex 13.9 60.5 6
      vertex 13.9178 62.5 5.63734
      vertex 13.9 62.5 6
    endloop
  endfacet
  facet normal 0.998798 0 0.0490228
    outer loop
      vertex 13.9178 62.5 5.63734
      vertex 13.9 60.5 6
      vertex 13.9178 60.5 5.63734
    endloop
  endfacet
  facet normal 0.803211 -0 0.595695
    outer loop
      vertex 14.5236 60.5 3.94439
      vertex 14.7399 62.5 3.65274
      vertex 14.5236 62.5 3.94439
    endloop
  endfacet
  facet normal 0.803211 0 0.595695
    outer loop
      vertex 14.7399 62.5 3.65274
      vertex 14.5236 60.5 3.94439
      vertex 14.7399 60.5 3.65274
    endloop
  endfacet
  facet normal 0.857692 -0 0.514164
    outer loop
      vertex 14.3369 60.5 4.25583
      vertex 14.5236 62.5 3.94439
      vertex 14.3369 62.5 4.25583
    endloop
  endfacet
  facet normal 0.857692 0 0.514164
    outer loop
      vertex 14.5236 62.5 3.94439
      vertex 14.3369 60.5 4.25583
      vertex 14.5236 60.5 3.94439
    endloop
  endfacet
  facet normal 0.146737 0 0.989175
    outer loop
      vertex 16.8782 62.5 2.37109
      vertex 17.2373 60.5 2.31782
      vertex 17.2373 62.5 2.31782
    endloop
  endfacet
  facet normal 0.146737 0 0.989175
    outer loop
      vertex 17.2373 60.5 2.31782
      vertex 16.8782 62.5 2.37109
      vertex 16.8782 60.5 2.37109
    endloop
  endfacet
  facet normal 0.242937 0 0.970042
    outer loop
      vertex 16.5259 62.5 2.45932
      vertex 16.8782 60.5 2.37109
      vertex 16.8782 62.5 2.37109
    endloop
  endfacet
  facet normal 0.242937 0 0.970042
    outer loop
      vertex 16.8782 60.5 2.37109
      vertex 16.5259 62.5 2.45932
      vertex 16.5259 60.5 2.45932
    endloop
  endfacet
  facet normal 0.514151 0 0.857699
    outer loop
      vertex 15.5444 62.5 2.92356
      vertex 15.8558 60.5 2.73689
      vertex 15.8558 62.5 2.73689
    endloop
  endfacet
  facet normal 0.514151 0 0.857699
    outer loop
      vertex 15.8558 60.5 2.73689
      vertex 15.5444 62.5 2.92356
      vertex 15.5444 60.5 2.92356
    endloop
  endfacet
  facet normal 0.595629 0 0.80326
    outer loop
      vertex 15.2527 62.5 3.13986
      vertex 15.5444 60.5 2.92356
      vertex 15.5444 62.5 2.92356
    endloop
  endfacet
  facet normal 0.595629 0 0.80326
    outer loop
      vertex 15.5444 60.5 2.92356
      vertex 15.2527 62.5 3.13986
      vertex 15.2527 60.5 3.13986
    endloop
  endfacet
  facet normal 0.741011 -0 0.671493
    outer loop
      vertex 14.7399 60.5 3.65274
      vertex 14.9837 62.5 3.3837
      vertex 14.7399 62.5 3.65274
    endloop
  endfacet
  facet normal 0.741011 0 0.671493
    outer loop
      vertex 14.9837 62.5 3.3837
      vertex 14.7399 60.5 3.65274
      vertex 14.9837 60.5 3.3837
    endloop
  endfacet
  facet normal -0.998798 0 0.0490228
    outer loop
      vertex 21.2822 60.5 5.63734
      vertex 21.3 62.5 6
      vertex 21.2822 62.5 5.63734
    endloop
  endfacet
  facet normal -0.998798 0 0.0490228
    outer loop
      vertex 21.3 62.5 6
      vertex 21.2822 60.5 5.63734
      vertex 21.3 60.5 6
    endloop
  endfacet
  facet normal -0.903932 0 0.427677
    outer loop
      vertex 20.8631 60.5 4.25583
      vertex 21.0184 62.5 4.58407
      vertex 20.8631 62.5 4.25583
    endloop
  endfacet
  facet normal -0.903932 0 0.427677
    outer loop
      vertex 21.0184 62.5 4.58407
      vertex 20.8631 60.5 4.25583
      vertex 21.0184 60.5 4.58407
    endloop
  endfacet
  facet normal -0.941567 0 0.336825
    outer loop
      vertex 21.0184 60.5 4.58407
      vertex 21.1407 62.5 4.92595
      vertex 21.0184 62.5 4.58407
    endloop
  endfacet
  facet normal -0.941567 0 0.336825
    outer loop
      vertex 21.1407 62.5 4.92595
      vertex 21.0184 60.5 4.58407
      vertex 21.1407 60.5 4.92595
    endloop
  endfacet
  facet normal -0.970047 0 0.242918
    outer loop
      vertex 21.1407 60.5 4.92595
      vertex 21.2289 62.5 5.27816
      vertex 21.1407 62.5 4.92595
    endloop
  endfacet
  facet normal -0.970047 0 0.242918
    outer loop
      vertex 21.2289 62.5 5.27816
      vertex 21.1407 60.5 4.92595
      vertex 21.2289 60.5 5.27816
    endloop
  endfacet
  facet normal -0.0490723 0 0.998795
    outer loop
      vertex 17.6 62.5 2.3
      vertex 17.9627 60.5 2.31782
      vertex 17.9627 62.5 2.31782
    endloop
  endfacet
  facet normal -0.0490723 0 0.998795
    outer loop
      vertex 17.9627 60.5 2.31782
      vertex 17.6 62.5 2.3
      vertex 17.6 60.5 2.3
    endloop
  endfacet
  facet normal -0.427478 0 0.904026
    outer loop
      vertex 19.0159 62.5 2.58165
      vertex 19.3442 60.5 2.73689
      vertex 19.3442 62.5 2.73689
    endloop
  endfacet
  facet normal -0.427478 0 0.904026
    outer loop
      vertex 19.3442 60.5 2.73689
      vertex 19.0159 62.5 2.58165
      vertex 19.0159 60.5 2.58165
    endloop
  endfacet
  facet normal 0.989168 -0 0.146786
    outer loop
      vertex 13.9178 60.5 5.63734
      vertex 13.9711 62.5 5.27816
      vertex 13.9178 62.5 5.63734
    endloop
  endfacet
  facet normal 0.989168 0 0.146786
    outer loop
      vertex 13.9711 62.5 5.27816
      vertex 13.9178 60.5 5.63734
      vertex 13.9711 60.5 5.27816
    endloop
  endfacet
  facet normal 0.903932 -0 0.427677
    outer loop
      vertex 14.1816 60.5 4.58407
      vertex 14.3369 62.5 4.25583
      vertex 14.1816 62.5 4.58407
    endloop
  endfacet
  facet normal 0.903932 0 0.427677
    outer loop
      vertex 14.3369 62.5 4.25583
      vertex 14.1816 60.5 4.58407
      vertex 14.3369 60.5 4.25583
    endloop
  endfacet
  facet normal 0.336968 0 0.941516
    outer loop
      vertex 16.1841 62.5 2.58165
      vertex 16.5259 60.5 2.45932
      vertex 16.5259 62.5 2.45932
    endloop
  endfacet
  facet normal 0.336968 0 0.941516
    outer loop
      vertex 16.5259 60.5 2.45932
      vertex 16.1841 62.5 2.58165
      vertex 16.1841 60.5 2.58165
    endloop
  endfacet
  facet normal -0.595629 0 0.80326
    outer loop
      vertex 42.8556 62.5 2.92356
      vertex 43.1473 60.5 3.13986
      vertex 43.1473 62.5 3.13986
    endloop
  endfacet
  facet normal -0.595629 0 0.80326
    outer loop
      vertex 43.1473 60.5 3.13986
      vertex 42.8556 62.5 2.92356
      vertex 42.8556 60.5 2.92356
    endloop
  endfacet
  facet normal 0.336968 0 0.941516
    outer loop
      vertex 39.3841 62.5 2.58165
      vertex 39.7259 60.5 2.45932
      vertex 39.7259 62.5 2.45932
    endloop
  endfacet
  facet normal 0.336968 0 0.941516
    outer loop
      vertex 39.7259 60.5 2.45932
      vertex 39.3841 62.5 2.58165
      vertex 39.3841 60.5 2.58165
    endloop
  endfacet
  facet normal 0.903932 -0 0.427677
    outer loop
      vertex 37.3816 60.5 4.58407
      vertex 37.5369 62.5 4.25583
      vertex 37.3816 62.5 4.58407
    endloop
  endfacet
  facet normal 0.903932 0 0.427677
    outer loop
      vertex 37.5369 62.5 4.25583
      vertex 37.3816 60.5 4.58407
      vertex 37.5369 60.5 4.25583
    endloop
  endfacet
  facet normal -0.970047 0 0.242918
    outer loop
      vertex 44.3407 60.5 4.92595
      vertex 44.4289 62.5 5.27816
      vertex 44.3407 62.5 4.92595
    endloop
  endfacet
  facet normal -0.970047 0 0.242918
    outer loop
      vertex 44.4289 62.5 5.27816
      vertex 44.3407 60.5 4.92595
      vertex 44.4289 60.5 5.27816
    endloop
  endfacet
  facet normal -0.803211 0 0.595695
    outer loop
      vertex 43.6601 60.5 3.65274
      vertex 43.8764 62.5 3.94439
      vertex 43.6601 62.5 3.65274
    endloop
  endfacet
  facet normal -0.803211 0 0.595695
    outer loop
      vertex 43.8764 62.5 3.94439
      vertex 43.6601 60.5 3.65274
      vertex 43.8764 60.5 3.94439
    endloop
  endfacet
  facet normal -0.514151 0 0.857699
    outer loop
      vertex 42.5442 62.5 2.73689
      vertex 42.8556 60.5 2.92356
      vertex 42.8556 62.5 2.92356
    endloop
  endfacet
  facet normal -0.514151 0 0.857699
    outer loop
      vertex 42.8556 60.5 2.92356
      vertex 42.5442 62.5 2.73689
      vertex 42.5442 60.5 2.73689
    endloop
  endfacet
  facet normal 0.595629 0 0.80326
    outer loop
      vertex 38.4527 62.5 3.13986
      vertex 38.7444 60.5 2.92356
      vertex 38.7444 62.5 2.92356
    endloop
  endfacet
  facet normal 0.595629 0 0.80326
    outer loop
      vertex 38.7444 60.5 2.92356
      vertex 38.4527 62.5 3.13986
      vertex 38.4527 60.5 3.13986
    endloop
  endfacet
  facet normal -0.989168 0 0.146786
    outer loop
      vertex 44.4289 60.5 5.27816
      vertex 44.4822 62.5 5.63734
      vertex 44.4289 62.5 5.27816
    endloop
  endfacet
  facet normal -0.989168 0 0.146786
    outer loop
      vertex 44.4822 62.5 5.63734
      vertex 44.4289 60.5 5.27816
      vertex 44.4822 60.5 5.63734
    endloop
  endfacet
  facet normal -0.941567 0 0.336825
    outer loop
      vertex 44.2184 60.5 4.58407
      vertex 44.3407 62.5 4.92595
      vertex 44.2184 62.5 4.58407
    endloop
  endfacet
  facet normal -0.941567 0 0.336825
    outer loop
      vertex 44.3407 62.5 4.92595
      vertex 44.2184 60.5 4.58407
      vertex 44.3407 60.5 4.92595
    endloop
  endfacet
  facet normal -0.903932 0 0.427677
    outer loop
      vertex 44.0631 60.5 4.25583
      vertex 44.2184 62.5 4.58407
      vertex 44.0631 62.5 4.25583
    endloop
  endfacet
  facet normal -0.903932 0 0.427677
    outer loop
      vertex 44.2184 62.5 4.58407
      vertex 44.0631 60.5 4.25583
      vertex 44.2184 60.5 4.58407
    endloop
  endfacet
  facet normal -0.857692 0 0.514164
    outer loop
      vertex 43.8764 60.5 3.94439
      vertex 44.0631 62.5 4.25583
      vertex 43.8764 62.5 3.94439
    endloop
  endfacet
  facet normal -0.857692 0 0.514164
    outer loop
      vertex 44.0631 62.5 4.25583
      vertex 43.8764 60.5 3.94439
      vertex 44.0631 60.5 4.25583
    endloop
  endfacet
  facet normal -0.741011 0 0.671493
    outer loop
      vertex 43.4163 60.5 3.3837
      vertex 43.6601 62.5 3.65274
      vertex 43.4163 62.5 3.3837
    endloop
  endfacet
  facet normal -0.741011 0 0.671493
    outer loop
      vertex 43.6601 62.5 3.65274
      vertex 43.4163 60.5 3.3837
      vertex 43.6601 60.5 3.65274
    endloop
  endfacet
  facet normal -0.0490723 0 0.998795
    outer loop
      vertex 40.8 62.5 2.3
      vertex 41.1627 60.5 2.31782
      vertex 41.1627 62.5 2.31782
    endloop
  endfacet
  facet normal -0.0490723 0 0.998795
    outer loop
      vertex 41.1627 60.5 2.31782
      vertex 40.8 62.5 2.3
      vertex 40.8 60.5 2.3
    endloop
  endfacet
  facet normal -0.427478 0 0.904026
    outer loop
      vertex 42.2159 62.5 2.58165
      vertex 42.5442 60.5 2.73689
      vertex 42.5442 62.5 2.73689
    endloop
  endfacet
  facet normal -0.427478 0 0.904026
    outer loop
      vertex 42.5442 60.5 2.73689
      vertex 42.2159 62.5 2.58165
      vertex 42.2159 60.5 2.58165
    endloop
  endfacet
  facet normal -0.242937 0 0.970042
    outer loop
      vertex 41.5218 62.5 2.37109
      vertex 41.8741 60.5 2.45932
      vertex 41.8741 62.5 2.45932
    endloop
  endfacet
  facet normal -0.242937 0 0.970042
    outer loop
      vertex 41.8741 60.5 2.45932
      vertex 41.5218 62.5 2.37109
      vertex 41.5218 60.5 2.37109
    endloop
  endfacet
  facet normal 0.998798 -0 0.0490228
    outer loop
      vertex 37.1 60.5 6
      vertex 37.1178 62.5 5.63734
      vertex 37.1 62.5 6
    endloop
  endfacet
  facet normal 0.998798 0 0.0490228
    outer loop
      vertex 37.1178 62.5 5.63734
      vertex 37.1 60.5 6
      vertex 37.1178 60.5 5.63734
    endloop
  endfacet
  facet normal 0.941567 -0 0.336825
    outer loop
      vertex 37.2593 60.5 4.92595
      vertex 37.3816 62.5 4.58407
      vertex 37.2593 62.5 4.92595
    endloop
  endfacet
  facet normal 0.941567 0 0.336825
    outer loop
      vertex 37.3816 62.5 4.58407
      vertex 37.2593 60.5 4.92595
      vertex 37.3816 60.5 4.58407
    endloop
  endfacet
  facet normal 0.970047 -0 0.242918
    outer loop
      vertex 37.1711 60.5 5.27816
      vertex 37.2593 62.5 4.92595
      vertex 37.1711 62.5 5.27816
    endloop
  endfacet
  facet normal 0.970047 0 0.242918
    outer loop
      vertex 37.2593 62.5 4.92595
      vertex 37.1711 60.5 5.27816
      vertex 37.2593 60.5 4.92595
    endloop
  endfacet
  facet normal 0.741011 -0 0.671493
    outer loop
      vertex 37.9399 60.5 3.65274
      vertex 38.1837 62.5 3.3837
      vertex 37.9399 62.5 3.65274
    endloop
  endfacet
  facet normal 0.741011 0 0.671493
    outer loop
      vertex 38.1837 62.5 3.3837
      vertex 37.9399 60.5 3.65274
      vertex 38.1837 60.5 3.3837
    endloop
  endfacet
  facet normal 0.857692 -0 0.514164
    outer loop
      vertex 37.5369 60.5 4.25583
      vertex 37.7236 62.5 3.94439
      vertex 37.5369 62.5 4.25583
    endloop
  endfacet
  facet normal 0.857692 0 0.514164
    outer loop
      vertex 37.7236 62.5 3.94439
      vertex 37.5369 60.5 4.25583
      vertex 37.7236 60.5 3.94439
    endloop
  endfacet
  facet normal 0.803211 -0 0.595695
    outer loop
      vertex 37.7236 60.5 3.94439
      vertex 37.9399 62.5 3.65274
      vertex 37.7236 62.5 3.94439
    endloop
  endfacet
  facet normal 0.803211 0 0.595695
    outer loop
      vertex 37.9399 62.5 3.65274
      vertex 37.7236 60.5 3.94439
      vertex 37.9399 60.5 3.65274
    endloop
  endfacet
  facet normal 0.0490723 0 0.998795
    outer loop
      vertex 40.4373 62.5 2.31782
      vertex 40.8 60.5 2.3
      vertex 40.8 62.5 2.3
    endloop
  endfacet
  facet normal 0.0490723 0 0.998795
    outer loop
      vertex 40.8 60.5 2.3
      vertex 40.4373 62.5 2.31782
      vertex 40.4373 60.5 2.31782
    endloop
  endfacet
  facet normal 0.146737 0 0.989175
    outer loop
      vertex 40.0782 62.5 2.37109
      vertex 40.4373 60.5 2.31782
      vertex 40.4373 62.5 2.31782
    endloop
  endfacet
  facet normal 0.146737 0 0.989175
    outer loop
      vertex 40.4373 60.5 2.31782
      vertex 40.0782 62.5 2.37109
      vertex 40.0782 60.5 2.37109
    endloop
  endfacet
  facet normal 0.427478 0 0.904026
    outer loop
      vertex 39.0558 62.5 2.73689
      vertex 39.3841 60.5 2.58165
      vertex 39.3841 62.5 2.58165
    endloop
  endfacet
  facet normal 0.427478 0 0.904026
    outer loop
      vertex 39.3841 60.5 2.58165
      vertex 39.0558 62.5 2.73689
      vertex 39.0558 60.5 2.73689
    endloop
  endfacet
  facet normal 0.514151 0 0.857699
    outer loop
      vertex 38.7444 62.5 2.92356
      vertex 39.0558 60.5 2.73689
      vertex 39.0558 62.5 2.73689
    endloop
  endfacet
  facet normal 0.514151 0 0.857699
    outer loop
      vertex 39.0558 60.5 2.73689
      vertex 38.7444 62.5 2.92356
      vertex 38.7444 60.5 2.92356
    endloop
  endfacet
  facet normal 0.671608 0 0.740906
    outer loop
      vertex 38.1837 62.5 3.3837
      vertex 38.4527 60.5 3.13986
      vertex 38.4527 62.5 3.13986
    endloop
  endfacet
  facet normal 0.671608 0 0.740906
    outer loop
      vertex 38.4527 60.5 3.13986
      vertex 38.1837 62.5 3.3837
      vertex 38.1837 60.5 3.3837
    endloop
  endfacet
  facet normal -0.998798 0 0.0490228
    outer loop
      vertex 44.4822 60.5 5.63734
      vertex 44.5 62.5 6
      vertex 44.4822 62.5 5.63734
    endloop
  endfacet
  facet normal -0.998798 0 0.0490228
    outer loop
      vertex 44.5 62.5 6
      vertex 44.4822 60.5 5.63734
      vertex 44.5 60.5 6
    endloop
  endfacet
  facet normal -0.671608 0 0.740906
    outer loop
      vertex 43.1473 62.5 3.13986
      vertex 43.4163 60.5 3.3837
      vertex 43.4163 62.5 3.3837
    endloop
  endfacet
  facet normal -0.671608 0 0.740906
    outer loop
      vertex 43.4163 60.5 3.3837
      vertex 43.1473 62.5 3.13986
      vertex 43.1473 60.5 3.13986
    endloop
  endfacet
  facet normal -0.146737 0 0.989175
    outer loop
      vertex 41.1627 62.5 2.31782
      vertex 41.5218 60.5 2.37109
      vertex 41.5218 62.5 2.37109
    endloop
  endfacet
  facet normal -0.146737 0 0.989175
    outer loop
      vertex 41.5218 60.5 2.37109
      vertex 41.1627 62.5 2.31782
      vertex 41.1627 60.5 2.31782
    endloop
  endfacet
  facet normal -0.336968 0 0.941516
    outer loop
      vertex 41.8741 62.5 2.45932
      vertex 42.2159 60.5 2.58165
      vertex 42.2159 62.5 2.58165
    endloop
  endfacet
  facet normal -0.336968 0 0.941516
    outer loop
      vertex 42.2159 60.5 2.58165
      vertex 41.8741 62.5 2.45932
      vertex 41.8741 60.5 2.45932
    endloop
  endfacet
  facet normal 0.989168 -0 0.146786
    outer loop
      vertex 37.1178 60.5 5.63734
      vertex 37.1711 62.5 5.27816
      vertex 37.1178 62.5 5.63734
    endloop
  endfacet
  facet normal 0.989168 0 0.146786
    outer loop
      vertex 37.1711 62.5 5.27816
      vertex 37.1178 60.5 5.63734
      vertex 37.1711 60.5 5.27816
    endloop
  endfacet
  facet normal 0.242937 0 0.970042
    outer loop
      vertex 39.7259 62.5 2.45932
      vertex 40.0782 60.5 2.37109
      vertex 40.0782 62.5 2.37109
    endloop
  endfacet
  facet normal 0.242937 0 0.970042
    outer loop
      vertex 40.0782 60.5 2.37109
      vertex 39.7259 62.5 2.45932
      vertex 39.7259 60.5 2.45932
    endloop
  endfacet
  facet normal -0.595629 0 0.80326
    outer loop
      vertex 66.0556 62.5 2.92356
      vertex 66.3473 60.5 3.13986
      vertex 66.3473 62.5 3.13986
    endloop
  endfacet
  facet normal -0.595629 0 0.80326
    outer loop
      vertex 66.3473 60.5 3.13986
      vertex 66.0556 62.5 2.92356
      vertex 66.0556 60.5 2.92356
    endloop
  endfacet
  facet normal 0.336968 0 0.941516
    outer loop
      vertex 62.5841 62.5 2.58165
      vertex 62.9259 60.5 2.45932
      vertex 62.9259 62.5 2.45932
    endloop
  endfacet
  facet normal 0.336968 0 0.941516
    outer loop
      vertex 62.9259 60.5 2.45932
      vertex 62.5841 62.5 2.58165
      vertex 62.5841 60.5 2.58165
    endloop
  endfacet
  facet normal 0.903932 -0 0.427677
    outer loop
      vertex 60.5816 60.5 4.58407
      vertex 60.7369 62.5 4.25583
      vertex 60.5816 62.5 4.58407
    endloop
  endfacet
  facet normal 0.903932 0 0.427677
    outer loop
      vertex 60.7369 62.5 4.25583
      vertex 60.5816 60.5 4.58407
      vertex 60.7369 60.5 4.25583
    endloop
  endfacet
  facet normal -0.903932 0 0.427677
    outer loop
      vertex 67.2631 60.5 4.25583
      vertex 67.4184 62.5 4.58407
      vertex 67.2631 62.5 4.25583
    endloop
  endfacet
  facet normal -0.903932 0 0.427677
    outer loop
      vertex 67.4184 62.5 4.58407
      vertex 67.2631 60.5 4.25583
      vertex 67.4184 60.5 4.58407
    endloop
  endfacet
  facet normal -0.857692 0 0.514164
    outer loop
      vertex 67.0764 60.5 3.94439
      vertex 67.2631 62.5 4.25583
      vertex 67.0764 62.5 3.94439
    endloop
  endfacet
  facet normal -0.857692 0 0.514164
    outer loop
      vertex 67.2631 62.5 4.25583
      vertex 67.0764 60.5 3.94439
      vertex 67.2631 60.5 4.25583
    endloop
  endfacet
  facet normal -0.336968 0 0.941516
    outer loop
      vertex 65.0741 62.5 2.45932
      vertex 65.4159 60.5 2.58165
      vertex 65.4159 62.5 2.58165
    endloop
  endfacet
  facet normal -0.336968 0 0.941516
    outer loop
      vertex 65.4159 60.5 2.58165
      vertex 65.0741 62.5 2.45932
      vertex 65.0741 60.5 2.45932
    endloop
  endfacet
  facet normal 0.741011 -0 0.671493
    outer loop
      vertex 61.1399 60.5 3.65274
      vertex 61.3837 62.5 3.3837
      vertex 61.1399 62.5 3.65274
    endloop
  endfacet
  facet normal 0.741011 0 0.671493
    outer loop
      vertex 61.3837 62.5 3.3837
      vertex 61.1399 60.5 3.65274
      vertex 61.3837 60.5 3.3837
    endloop
  endfacet
  facet normal 0.146737 0 0.989175
    outer loop
      vertex 63.2782 62.5 2.37109
      vertex 63.6373 60.5 2.31782
      vertex 63.6373 62.5 2.31782
    endloop
  endfacet
  facet normal 0.146737 0 0.989175
    outer loop
      vertex 63.6373 60.5 2.31782
      vertex 63.2782 62.5 2.37109
      vertex 63.2782 60.5 2.37109
    endloop
  endfacet
  facet normal -0.970047 0 0.242918
    outer loop
      vertex 67.5407 60.5 4.92595
      vertex 67.6289 62.5 5.27816
      vertex 67.5407 62.5 4.92595
    endloop
  endfacet
  facet normal -0.970047 0 0.242918
    outer loop
      vertex 67.6289 62.5 5.27816
      vertex 67.5407 60.5 4.92595
      vertex 67.6289 60.5 5.27816
    endloop
  endfacet
  facet normal -0.941567 0 0.336825
    outer loop
      vertex 67.4184 60.5 4.58407
      vertex 67.5407 62.5 4.92595
      vertex 67.4184 62.5 4.58407
    endloop
  endfacet
  facet normal -0.941567 0 0.336825
    outer loop
      vertex 67.5407 62.5 4.92595
      vertex 67.4184 60.5 4.58407
      vertex 67.5407 60.5 4.92595
    endloop
  endfacet
  facet normal -0.741011 0 0.671493
    outer loop
      vertex 66.6163 60.5 3.3837
      vertex 66.8601 62.5 3.65274
      vertex 66.6163 62.5 3.3837
    endloop
  endfacet
  facet normal -0.741011 0 0.671493
    outer loop
      vertex 66.8601 62.5 3.65274
      vertex 66.6163 60.5 3.3837
      vertex 66.8601 60.5 3.65274
    endloop
  endfacet
  facet normal -0.803211 0 0.595695
    outer loop
      vertex 66.8601 60.5 3.65274
      vertex 67.0764 62.5 3.94439
      vertex 66.8601 62.5 3.65274
    endloop
  endfacet
  facet normal -0.803211 0 0.595695
    outer loop
      vertex 67.0764 62.5 3.94439
      vertex 66.8601 60.5 3.65274
      vertex 67.0764 60.5 3.94439
    endloop
  endfacet
  facet normal -0.671608 0 0.740906
    outer loop
      vertex 66.3473 62.5 3.13986
      vertex 66.6163 60.5 3.3837
      vertex 66.6163 62.5 3.3837
    endloop
  endfacet
  facet normal -0.671608 0 0.740906
    outer loop
      vertex 66.6163 60.5 3.3837
      vertex 66.3473 62.5 3.13986
      vertex 66.3473 60.5 3.13986
    endloop
  endfacet
  facet normal -0.514151 0 0.857699
    outer loop
      vertex 65.7442 62.5 2.73689
      vertex 66.0556 60.5 2.92356
      vertex 66.0556 62.5 2.92356
    endloop
  endfacet
  facet normal -0.514151 0 0.857699
    outer loop
      vertex 66.0556 60.5 2.92356
      vertex 65.7442 62.5 2.73689
      vertex 65.7442 60.5 2.73689
    endloop
  endfacet
  facet normal 0.0490723 0 0.998795
    outer loop
      vertex 63.6373 62.5 2.31782
      vertex 64 60.5 2.3
      vertex 64 62.5 2.3
    endloop
  endfacet
  facet normal 0.0490723 0 0.998795
    outer loop
      vertex 64 60.5 2.3
      vertex 63.6373 62.5 2.31782
      vertex 63.6373 60.5 2.31782
    endloop
  endfacet
  facet normal -0.427478 0 0.904026
    outer loop
      vertex 65.4159 62.5 2.58165
      vertex 65.7442 60.5 2.73689
      vertex 65.7442 62.5 2.73689
    endloop
  endfacet
  facet normal -0.427478 0 0.904026
    outer loop
      vertex 65.7442 60.5 2.73689
      vertex 65.4159 62.5 2.58165
      vertex 65.4159 60.5 2.58165
    endloop
  endfacet
  facet normal -0.242937 0 0.970042
    outer loop
      vertex 64.7218 62.5 2.37109
      vertex 65.0741 60.5 2.45932
      vertex 65.0741 62.5 2.45932
    endloop
  endfacet
  facet normal -0.242937 0 0.970042
    outer loop
      vertex 65.0741 60.5 2.45932
      vertex 64.7218 62.5 2.37109
      vertex 64.7218 60.5 2.37109
    endloop
  endfacet
  facet normal -0.146737 0 0.989175
    outer loop
      vertex 64.3627 62.5 2.31782
      vertex 64.7218 60.5 2.37109
      vertex 64.7218 62.5 2.37109
    endloop
  endfacet
  facet normal -0.146737 0 0.989175
    outer loop
      vertex 64.7218 60.5 2.37109
      vertex 64.3627 62.5 2.31782
      vertex 64.3627 60.5 2.31782
    endloop
  endfacet
  facet normal 0.998798 -0 0.0490228
    outer loop
      vertex 60.3 60.5 6
      vertex 60.3178 62.5 5.63734
      vertex 60.3 62.5 6
    endloop
  endfacet
  facet normal 0.998798 0 0.0490228
    outer loop
      vertex 60.3178 62.5 5.63734
      vertex 60.3 60.5 6
      vertex 60.3178 60.5 5.63734
    endloop
  endfacet
  facet normal 0.941567 -0 0.336825
    outer loop
      vertex 60.4593 60.5 4.92595
      vertex 60.5816 62.5 4.58407
      vertex 60.4593 62.5 4.92595
    endloop
  endfacet
  facet normal 0.941567 0 0.336825
    outer loop
      vertex 60.5816 62.5 4.58407
      vertex 60.4593 60.5 4.92595
      vertex 60.5816 60.5 4.58407
    endloop
  endfacet
  facet normal 0.970047 -0 0.242918
    outer loop
      vertex 60.3711 60.5 5.27816
      vertex 60.4593 62.5 4.92595
      vertex 60.3711 62.5 5.27816
    endloop
  endfacet
  facet normal 0.970047 0 0.242918
    outer loop
      vertex 60.4593 62.5 4.92595
      vertex 60.3711 60.5 5.27816
      vertex 60.4593 60.5 4.92595
    endloop
  endfacet
  facet normal 0.857692 -0 0.514164
    outer loop
      vertex 60.7369 60.5 4.25583
      vertex 60.9236 62.5 3.94439
      vertex 60.7369 62.5 4.25583
    endloop
  endfacet
  facet normal 0.857692 0 0.514164
    outer loop
      vertex 60.9236 62.5 3.94439
      vertex 60.7369 60.5 4.25583
      vertex 60.9236 60.5 3.94439
    endloop
  endfacet
  facet normal 0.803211 -0 0.595695
    outer loop
      vertex 60.9236 60.5 3.94439
      vertex 61.1399 62.5 3.65274
      vertex 60.9236 62.5 3.94439
    endloop
  endfacet
  facet normal 0.803211 0 0.595695
    outer loop
      vertex 61.1399 62.5 3.65274
      vertex 60.9236 60.5 3.94439
      vertex 61.1399 60.5 3.65274
    endloop
  endfacet
  facet normal 0.242937 0 0.970042
    outer loop
      vertex 62.9259 62.5 2.45932
      vertex 63.2782 60.5 2.37109
      vertex 63.2782 62.5 2.37109
    endloop
  endfacet
  facet normal 0.242937 0 0.970042
    outer loop
      vertex 63.2782 60.5 2.37109
      vertex 62.9259 62.5 2.45932
      vertex 62.9259 60.5 2.45932
    endloop
  endfacet
  facet normal 0.514151 0 0.857699
    outer loop
      vertex 61.9444 62.5 2.92356
      vertex 62.2558 60.5 2.73689
      vertex 62.2558 62.5 2.73689
    endloop
  endfacet
  facet normal 0.514151 0 0.857699
    outer loop
      vertex 62.2558 60.5 2.73689
      vertex 61.9444 62.5 2.92356
      vertex 61.9444 60.5 2.92356
    endloop
  endfacet
  facet normal 0.595629 0 0.80326
    outer loop
      vertex 61.6527 62.5 3.13986
      vertex 61.9444 60.5 2.92356
      vertex 61.9444 62.5 2.92356
    endloop
  endfacet
  facet normal 0.595629 0 0.80326
    outer loop
      vertex 61.9444 60.5 2.92356
      vertex 61.6527 62.5 3.13986
      vertex 61.6527 60.5 3.13986
    endloop
  endfacet
  facet normal 0.427478 0 0.904026
    outer loop
      vertex 62.2558 62.5 2.73689
      vertex 62.5841 60.5 2.58165
      vertex 62.5841 62.5 2.58165
    endloop
  endfacet
  facet normal 0.427478 0 0.904026
    outer loop
      vertex 62.5841 60.5 2.58165
      vertex 62.2558 62.5 2.73689
      vertex 62.2558 60.5 2.73689
    endloop
  endfacet
  facet normal 0.671608 0 0.740906
    outer loop
      vertex 61.3837 62.5 3.3837
      vertex 61.6527 60.5 3.13986
      vertex 61.6527 62.5 3.13986
    endloop
  endfacet
  facet normal 0.671608 0 0.740906
    outer loop
      vertex 61.6527 60.5 3.13986
      vertex 61.3837 62.5 3.3837
      vertex 61.3837 60.5 3.3837
    endloop
  endfacet
  facet normal -0.998798 0 0.0490228
    outer loop
      vertex 67.6822 60.5 5.63734
      vertex 67.7 62.5 6
      vertex 67.6822 62.5 5.63734
    endloop
  endfacet
  facet normal -0.998798 0 0.0490228
    outer loop
      vertex 67.7 62.5 6
      vertex 67.6822 60.5 5.63734
      vertex 67.7 60.5 6
    endloop
  endfacet
  facet normal -0.989168 0 0.146786
    outer loop
      vertex 67.6289 60.5 5.27816
      vertex 67.6822 62.5 5.63734
      vertex 67.6289 62.5 5.27816
    endloop
  endfacet
  facet normal -0.989168 0 0.146786
    outer loop
      vertex 67.6822 62.5 5.63734
      vertex 67.6289 60.5 5.27816
      vertex 67.6822 60.5 5.63734
    endloop
  endfacet
  facet normal -0.0490723 0 0.998795
    outer loop
      vertex 64 62.5 2.3
      vertex 64.3627 60.5 2.31782
      vertex 64.3627 62.5 2.31782
    endloop
  endfacet
  facet normal -0.0490723 0 0.998795
    outer loop
      vertex 64.3627 60.5 2.31782
      vertex 64 62.5 2.3
      vertex 64 60.5 2.3
    endloop
  endfacet
  facet normal 0.989168 -0 0.146786
    outer loop
      vertex 60.3178 60.5 5.63734
      vertex 60.3711 62.5 5.27816
      vertex 60.3178 62.5 5.63734
    endloop
  endfacet
  facet normal 0.989168 0 0.146786
    outer loop
      vertex 60.3711 62.5 5.27816
      vertex 60.3178 60.5 5.63734
      vertex 60.3711 60.5 5.27816
    endloop
  endfacet
  facet normal -0.0490774 0 -0.998795
    outer loop
      vertex 38.6 -1.69 3.63
      vertex 38.7274 -0.5 3.62374
      vertex 38.7274 -1.69 3.62374
    endloop
  endfacet
  facet normal -0.0490774 0 -0.998795
    outer loop
      vertex 38.7274 -0.5 3.62374
      vertex 38.6 -1.69 3.63
      vertex 38.6 -0.5 3.63
    endloop
  endfacet
  facet normal -0.14673 0 -0.989177
    outer loop
      vertex 38.7274 -1.69 3.62374
      vertex 38.8536 -0.5 3.60502
      vertex 38.8536 -1.69 3.60502
    endloop
  endfacet
  facet normal -0.14673 0 -0.989177
    outer loop
      vertex 38.8536 -0.5 3.60502
      vertex 38.7274 -1.69 3.62374
      vertex 38.7274 -0.5 3.62374
    endloop
  endfacet
  facet normal 0.0490461 0 0.998797
    outer loop
      vertex 31.2726 -0.5 -0.363744
      vertex 31.4 -1.69 -0.37
      vertex 31.4 -0.5 -0.37
    endloop
  endfacet
  facet normal 0.0490461 0 0.998797
    outer loop
      vertex 31.4 -1.69 -0.37
      vertex 31.2726 -0.5 -0.363744
      vertex 31.2726 -1.69 -0.363744
    endloop
  endfacet
  facet normal -0.99878 0 -0.0493825
    outer loop
      vertex 39.9 -1.69 2.33
      vertex 39.8937 -0.5 2.45742
      vertex 39.9 -0.5 2.33
    endloop
  endfacet
  facet normal -0.99878 -0 -0.0493825
    outer loop
      vertex 39.8937 -0.5 2.45742
      vertex 39.9 -1.69 2.33
      vertex 39.8937 -1.69 2.45742
    endloop
  endfacet
  facet normal 0.336866 0 0.941553
    outer loop
      vertex 30.9025 -0.5 -0.271047
      vertex 31.0226 -1.69 -0.314016
      vertex 31.0226 -0.5 -0.314016
    endloop
  endfacet
  facet normal 0.336866 0 0.941553
    outer loop
      vertex 31.0226 -1.69 -0.314016
      vertex 30.9025 -0.5 -0.271047
      vertex 30.9025 -1.69 -0.271047
    endloop
  endfacet
  facet normal 0.0490774 0 -0.998795
    outer loop
      vertex 31.2726 -1.69 3.62374
      vertex 31.4 -0.5 3.63
      vertex 31.4 -1.69 3.63
    endloop
  endfacet
  facet normal 0.0490774 0 -0.998795
    outer loop
      vertex 31.4 -0.5 3.63
      vertex 31.2726 -1.69 3.62374
      vertex 31.2726 -0.5 3.62374
    endloop
  endfacet
  facet normal 0 0 -1
    outer loop
      vertex 31.4 -1.69 3.63
      vertex 38.6 -0.5 3.63
      vertex 38.6 -1.69 3.63
    endloop
  endfacet
  facet normal -0 0 -1
    outer loop
      vertex 38.6 -0.5 3.63
      vertex 31.4 -1.69 3.63
      vertex 31.4 -0.5 3.63
    endloop
  endfacet
  facet normal -0 0 1
    outer loop
      vertex 31.4 -0.5 -0.37
      vertex 38.6 -1.69 -0.37
      vertex 38.6 -0.5 -0.37
    endloop
  endfacet
  facet normal 0 0 1
    outer loop
      vertex 38.6 -1.69 -0.37
      vertex 31.4 -0.5 -0.37
      vertex 31.4 -1.69 -0.37
    endloop
  endfacet
  facet normal 0.14673 0 -0.989177
    outer loop
      vertex 31.1464 -1.69 3.60502
      vertex 31.2726 -0.5 3.62374
      vertex 31.2726 -1.69 3.62374
    endloop
  endfacet
  facet normal 0.14673 0 -0.989177
    outer loop
      vertex 31.2726 -0.5 3.62374
      vertex 31.1464 -1.69 3.60502
      vertex 31.1464 -0.5 3.60502
    endloop
  endfacet
  facet normal -0.427665 0 0.903937
    outer loop
      vertex 39.0975 -0.5 -0.271047
      vertex 39.2128 -1.69 -0.216497
      vertex 39.2128 -0.5 -0.216497
    endloop
  endfacet
  facet normal -0.427665 0 0.903937
    outer loop
      vertex 39.2128 -1.69 -0.216497
      vertex 39.0975 -0.5 -0.271047
      vertex 39.0975 -1.69 -0.271047
    endloop
  endfacet
  facet normal -0.146753 0 0.989173
    outer loop
      vertex 38.7274 -0.5 -0.363744
      vertex 38.8536 -1.69 -0.345021
      vertex 38.8536 -0.5 -0.345021
    endloop
  endfacet
  facet normal -0.146753 0 0.989173
    outer loop
      vertex 38.8536 -1.69 -0.345021
      vertex 38.7274 -0.5 -0.363744
      vertex 38.7274 -1.69 -0.363744
    endloop
  endfacet
  facet normal 0.595621 0 0.803266
    outer loop
      vertex 30.5753 -0.5 -0.0749103
      vertex 30.6778 -1.69 -0.150914
      vertex 30.6778 -0.5 -0.150914
    endloop
  endfacet
  facet normal 0.595621 0 0.803266
    outer loop
      vertex 30.6778 -1.69 -0.150914
      vertex 30.5753 -0.5 -0.0749103
      vertex 30.5753 -1.69 -0.0749103
    endloop
  endfacet
  facet normal 0.989198 -0 0.146588
    outer loop
      vertex 30.1063 -1.69 0.802577
      vertex 30.125 -0.5 0.676387
      vertex 30.1063 -0.5 0.802577
    endloop
  endfacet
  facet normal 0.989198 0 0.146588
    outer loop
      vertex 30.125 -0.5 0.676387
      vertex 30.1063 -1.69 0.802577
      vertex 30.125 -1.69 0.676387
    endloop
  endfacet
  facet normal 0.336873 0 -0.94155
    outer loop
      vertex 30.9025 -1.69 3.53105
      vertex 31.0226 -0.5 3.57402
      vertex 31.0226 -1.69 3.57402
    endloop
  endfacet
  facet normal 0.336873 0 -0.94155
    outer loop
      vertex 31.0226 -0.5 3.57402
      vertex 30.9025 -1.69 3.53105
      vertex 30.9025 -0.5 3.53105
    endloop
  endfacet
  facet normal 0.242904 0 -0.97005
    outer loop
      vertex 31.0226 -1.69 3.57402
      vertex 31.1464 -0.5 3.60502
      vertex 31.1464 -1.69 3.60502
    endloop
  endfacet
  facet normal 0.242904 0 -0.97005
    outer loop
      vertex 31.1464 -0.5 3.60502
      vertex 31.0226 -1.69 3.57402
      vertex 31.0226 -0.5 3.57402
    endloop
  endfacet
  facet normal -0.242941 0 0.970041
    outer loop
      vertex 38.8536 -0.5 -0.345021
      vertex 38.9774 -1.69 -0.314016
      vertex 38.9774 -0.5 -0.314016
    endloop
  endfacet
  facet normal -0.242941 0 0.970041
    outer loop
      vertex 38.9774 -1.69 -0.314016
      vertex 38.8536 -0.5 -0.345021
      vertex 38.8536 -1.69 -0.345021
    endloop
  endfacet
  facet normal -0.0490461 0 0.998797
    outer loop
      vertex 38.6 -0.5 -0.37
      vertex 38.7274 -1.69 -0.363744
      vertex 38.7274 -0.5 -0.363744
    endloop
  endfacet
  facet normal -0.0490461 0 0.998797
    outer loop
      vertex 38.7274 -1.69 -0.363744
      vertex 38.6 -0.5 -0.37
      vertex 38.6 -1.69 -0.37
    endloop
  endfacet
  facet normal 0.146753 0 0.989173
    outer loop
      vertex 31.1464 -0.5 -0.345021
      vertex 31.2726 -1.69 -0.363744
      vertex 31.2726 -0.5 -0.363744
    endloop
  endfacet
  facet normal 0.146753 0 0.989173
    outer loop
      vertex 31.2726 -1.69 -0.363744
      vertex 31.1464 -0.5 -0.345021
      vertex 31.1464 -1.69 -0.345021
    endloop
  endfacet
  facet normal 0.514167 0 0.85769
    outer loop
      vertex 30.6778 -0.5 -0.150914
      vertex 30.7872 -1.69 -0.216497
      vertex 30.7872 -0.5 -0.216497
    endloop
  endfacet
  facet normal 0.514167 0 0.85769
    outer loop
      vertex 30.7872 -1.69 -0.216497
      vertex 30.6778 -0.5 -0.150914
      vertex 30.6778 -1.69 -0.150914
    endloop
  endfacet
  facet normal 0.671681 0 0.740841
    outer loop
      vertex 30.4808 -0.5 0.0107678
      vertex 30.5753 -1.69 -0.0749103
      vertex 30.5753 -0.5 -0.0749103
    endloop
  endfacet
  facet normal 0.671681 0 0.740841
    outer loop
      vertex 30.5753 -1.69 -0.0749103
      vertex 30.4808 -0.5 0.0107678
      vertex 30.4808 -1.69 0.0107678
    endloop
  endfacet
  facet normal 0.970027 -0 0.242999
    outer loop
      vertex 30.125 -1.69 0.676387
      vertex 30.156 -0.5 0.552638
      vertex 30.125 -0.5 0.676387
    endloop
  endfacet
  facet normal 0.970027 0 0.242999
    outer loop
      vertex 30.156 -0.5 0.552638
      vertex 30.125 -1.69 0.676387
      vertex 30.156 -1.69 0.552638
    endloop
  endfacet
  facet normal 0.904132 0 -0.427254
    outer loop
      vertex 30.2535 -1.69 2.94281
      vertex 30.199 -0.5 2.82748
      vertex 30.2535 -0.5 2.94281
    endloop
  endfacet
  facet normal 0.904132 0 -0.427254
    outer loop
      vertex 30.199 -0.5 2.82748
      vertex 30.2535 -1.69 2.94281
      vertex 30.199 -1.69 2.82748
    endloop
  endfacet
  facet normal -0.970027 0 0.242999
    outer loop
      vertex 39.844 -1.69 0.552638
      vertex 39.875 -0.5 0.676387
      vertex 39.844 -0.5 0.552638
    endloop
  endfacet
  facet normal -0.970027 0 0.242999
    outer loop
      vertex 39.875 -0.5 0.676387
      vertex 39.844 -1.69 0.552638
      vertex 39.875 -1.69 0.676387
    endloop
  endfacet
  facet normal -0.740855 0 0.671665
    outer loop
      vertex 39.5192 -1.69 0.0107678
      vertex 39.6049 -0.5 0.105296
      vertex 39.5192 -0.5 0.0107678
    endloop
  endfacet
  facet normal -0.740855 0 0.671665
    outer loop
      vertex 39.6049 -0.5 0.105296
      vertex 39.5192 -1.69 0.0107678
      vertex 39.6049 -1.69 0.105296
    endloop
  endfacet
  facet normal -0.941491 0 0.337039
    outer loop
      vertex 39.801 -1.69 0.432521
      vertex 39.844 -0.5 0.552638
      vertex 39.801 -0.5 0.432521
    endloop
  endfacet
  facet normal -0.941491 0 0.337039
    outer loop
      vertex 39.844 -0.5 0.552638
      vertex 39.801 -1.69 0.432521
      vertex 39.844 -1.69 0.552638
    endloop
  endfacet
  facet normal -0.671689 0 -0.740833
    outer loop
      vertex 39.4247 -1.69 3.33491
      vertex 39.5192 -0.5 3.24923
      vertex 39.5192 -1.69 3.24923
    endloop
  endfacet
  facet normal -0.671689 0 -0.740833
    outer loop
      vertex 39.5192 -0.5 3.24923
      vertex 39.4247 -1.69 3.33491
      vertex 39.4247 -0.5 3.33491
    endloop
  endfacet
  facet normal -0.336866 0 0.941553
    outer loop
      vertex 38.9774 -0.5 -0.314016
      vertex 39.0975 -1.69 -0.271047
      vertex 39.0975 -0.5 -0.271047
    endloop
  endfacet
  facet normal -0.336866 0 0.941553
    outer loop
      vertex 39.0975 -1.69 -0.271047
      vertex 38.9774 -0.5 -0.314016
      vertex 38.9774 -1.69 -0.314016
    endloop
  endfacet
  facet normal 0.242941 0 0.970041
    outer loop
      vertex 31.0226 -0.5 -0.314016
      vertex 31.1464 -1.69 -0.345021
      vertex 31.1464 -0.5 -0.345021
    endloop
  endfacet
  facet normal 0.242941 0 0.970041
    outer loop
      vertex 31.1464 -1.69 -0.345021
      vertex 31.0226 -0.5 -0.314016
      vertex 31.0226 -1.69 -0.314016
    endloop
  endfacet
  facet normal 0.740855 -0 0.671665
    outer loop
      vertex 30.3951 -1.69 0.105296
      vertex 30.4808 -0.5 0.0107678
      vertex 30.3951 -0.5 0.105296
    endloop
  endfacet
  facet normal 0.740855 0 0.671665
    outer loop
      vertex 30.4808 -0.5 0.0107678
      vertex 30.3951 -1.69 0.105296
      vertex 30.4808 -1.69 0.0107678
    endloop
  endfacet
  facet normal 0.904126 -0 0.427266
    outer loop
      vertex 30.199 -1.69 0.432521
      vertex 30.2535 -0.5 0.317195
      vertex 30.199 -0.5 0.432521
    endloop
  endfacet
  facet normal 0.904126 0 0.427266
    outer loop
      vertex 30.2535 -0.5 0.317195
      vertex 30.199 -1.69 0.432521
      vertex 30.2535 -1.69 0.317195
    endloop
  endfacet
  facet normal 0.99878 0 -0.0493825
    outer loop
      vertex 30.1063 -1.69 2.45742
      vertex 30.1 -0.5 2.33
      vertex 30.1063 -0.5 2.45742
    endloop
  endfacet
  facet normal 0.99878 0 -0.0493825
    outer loop
      vertex 30.1 -0.5 2.33
      vertex 30.1063 -1.69 2.45742
      vertex 30.1 -1.69 2.33
    endloop
  endfacet
  facet normal 0.941493 0 -0.337031
    outer loop
      vertex 30.199 -1.69 2.82748
      vertex 30.156 -0.5 2.70736
      vertex 30.199 -0.5 2.82748
    endloop
  endfacet
  facet normal 0.941493 0 -0.337031
    outer loop
      vertex 30.156 -0.5 2.70736
      vertex 30.199 -1.69 2.82748
      vertex 30.156 -1.69 2.70736
    endloop
  endfacet
  facet normal 1 -0 0
    outer loop
      vertex 30.1 -1.69 2.33
      vertex 30.1 -0.5 0.930003
      vertex 30.1 -0.5 2.33
    endloop
  endfacet
  facet normal 1 0 0
    outer loop
      vertex 30.1 -0.5 0.930003
      vertex 30.1 -1.69 2.33
      vertex 30.1 -1.69 0.930003
    endloop
  endfacet
  facet normal 0.99878 -0 0.0493801
    outer loop
      vertex 30.1 -1.69 0.930003
      vertex 30.1063 -0.5 0.802577
      vertex 30.1 -0.5 0.930003
    endloop
  endfacet
  facet normal 0.99878 0 0.0493801
    outer loop
      vertex 30.1063 -0.5 0.802577
      vertex 30.1 -1.69 0.930003
      vertex 30.1063 -1.69 0.802577
    endloop
  endfacet
  facet normal 0.671689 0 -0.740833
    outer loop
      vertex 30.4808 -1.69 3.24923
      vertex 30.5753 -0.5 3.33491
      vertex 30.5753 -1.69 3.33491
    endloop
  endfacet
  facet normal 0.671689 0 -0.740833
    outer loop
      vertex 30.5753 -0.5 3.33491
      vertex 30.4808 -1.69 3.24923
      vertex 30.4808 -0.5 3.24923
    endloop
  endfacet
  facet normal 0.514208 0 -0.857666
    outer loop
      vertex 30.6778 -1.69 3.41091
      vertex 30.7872 -0.5 3.4765
      vertex 30.7872 -1.69 3.4765
    endloop
  endfacet
  facet normal 0.514208 0 -0.857666
    outer loop
      vertex 30.7872 -0.5 3.4765
      vertex 30.6778 -1.69 3.41091
      vertex 30.6778 -0.5 3.41091
    endloop
  endfacet
  facet normal 0.595602 0 -0.803279
    outer loop
      vertex 30.5753 -1.69 3.33491
      vertex 30.6778 -0.5 3.41091
      vertex 30.6778 -1.69 3.41091
    endloop
  endfacet
  facet normal 0.595602 0 -0.803279
    outer loop
      vertex 30.6778 -0.5 3.41091
      vertex 30.5753 -1.69 3.33491
      vertex 30.5753 -0.5 3.33491
    endloop
  endfacet
  facet normal 0.427665 0 -0.903937
    outer loop
      vertex 30.7872 -1.69 3.4765
      vertex 30.9025 -0.5 3.53105
      vertex 30.9025 -1.69 3.53105
    endloop
  endfacet
  facet normal 0.427665 0 -0.903937
    outer loop
      vertex 30.9025 -0.5 3.53105
      vertex 30.7872 -1.69 3.4765
      vertex 30.7872 -0.5 3.4765
    endloop
  endfacet
  facet normal -0.99878 0 0.0493801
    outer loop
      vertex 39.8937 -1.69 0.802577
      vertex 39.9 -0.5 0.930003
      vertex 39.8937 -0.5 0.802577
    endloop
  endfacet
  facet normal -0.99878 0 0.0493801
    outer loop
      vertex 39.9 -0.5 0.930003
      vertex 39.8937 -1.69 0.802577
      vertex 39.9 -1.69 0.930003
    endloop
  endfacet
  facet normal -1 0 0
    outer loop
      vertex 39.9 -1.69 0.930003
      vertex 39.9 -0.5 2.33
      vertex 39.9 -0.5 0.930003
    endloop
  endfacet
  facet normal -1 -0 0
    outer loop
      vertex 39.9 -0.5 2.33
      vertex 39.9 -1.69 0.930003
      vertex 39.9 -1.69 2.33
    endloop
  endfacet
  facet normal -0.857706 0 0.514141
    outer loop
      vertex 39.6809 -1.69 0.207759
      vertex 39.7465 -0.5 0.317195
      vertex 39.6809 -0.5 0.207759
    endloop
  endfacet
  facet normal -0.857706 0 0.514141
    outer loop
      vertex 39.7465 -0.5 0.317195
      vertex 39.6809 -1.69 0.207759
      vertex 39.7465 -1.69 0.317195
    endloop
  endfacet
  facet normal -0.904126 0 0.427266
    outer loop
      vertex 39.7465 -1.69 0.317195
      vertex 39.801 -0.5 0.432521
      vertex 39.7465 -0.5 0.317195
    endloop
  endfacet
  facet normal -0.904126 0 0.427266
    outer loop
      vertex 39.801 -0.5 0.432521
      vertex 39.7465 -1.69 0.317195
      vertex 39.801 -1.69 0.432521
    endloop
  endfacet
  facet normal -0.671681 0 0.740841
    outer loop
      vertex 39.4247 -0.5 -0.0749103
      vertex 39.5192 -1.69 0.0107678
      vertex 39.5192 -0.5 0.0107678
    endloop
  endfacet
  facet normal -0.671681 0 0.740841
    outer loop
      vertex 39.5192 -1.69 0.0107678
      vertex 39.4247 -0.5 -0.0749103
      vertex 39.4247 -1.69 -0.0749103
    endloop
  endfacet
  facet normal -0.242904 0 -0.97005
    outer loop
      vertex 38.8536 -1.69 3.60502
      vertex 38.9774 -0.5 3.57402
      vertex 38.9774 -1.69 3.57402
    endloop
  endfacet
  facet normal -0.242904 0 -0.97005
    outer loop
      vertex 38.9774 -0.5 3.57402
      vertex 38.8536 -1.69 3.60502
      vertex 38.8536 -0.5 3.60502
    endloop
  endfacet
  facet normal -0.857693 0 -0.514161
    outer loop
      vertex 39.7465 -1.69 2.94281
      vertex 39.6809 -0.5 3.05224
      vertex 39.7465 -0.5 2.94281
    endloop
  endfacet
  facet normal -0.857693 -0 -0.514161
    outer loop
      vertex 39.6809 -0.5 3.05224
      vertex 39.7465 -1.69 2.94281
      vertex 39.6809 -1.69 3.05224
    endloop
  endfacet
  facet normal -0.595602 0 -0.803279
    outer loop
      vertex 39.3222 -1.69 3.41091
      vertex 39.4247 -0.5 3.33491
      vertex 39.4247 -1.69 3.33491
    endloop
  endfacet
  facet normal -0.595602 0 -0.803279
    outer loop
      vertex 39.4247 -0.5 3.33491
      vertex 39.3222 -1.69 3.41091
      vertex 39.3222 -0.5 3.41091
    endloop
  endfacet
  facet normal -0.740861 0 -0.671658
    outer loop
      vertex 39.6049 -1.69 3.1547
      vertex 39.5192 -0.5 3.24923
      vertex 39.6049 -0.5 3.1547
    endloop
  endfacet
  facet normal -0.740861 -0 -0.671658
    outer loop
      vertex 39.5192 -0.5 3.24923
      vertex 39.6049 -1.69 3.1547
      vertex 39.5192 -1.69 3.24923
    endloop
  endfacet
  facet normal 0.427665 0 0.903937
    outer loop
      vertex 30.7872 -0.5 -0.216497
      vertex 30.9025 -1.69 -0.271047
      vertex 30.9025 -0.5 -0.271047
    endloop
  endfacet
  facet normal 0.427665 0 0.903937
    outer loop
      vertex 30.9025 -1.69 -0.271047
      vertex 30.7872 -0.5 -0.216497
      vertex 30.7872 -1.69 -0.216497
    endloop
  endfacet
  facet normal 0.857693 0 -0.514161
    outer loop
      vertex 30.3191 -1.69 3.05224
      vertex 30.2535 -0.5 2.94281
      vertex 30.3191 -0.5 3.05224
    endloop
  endfacet
  facet normal 0.857693 0 -0.514161
    outer loop
      vertex 30.2535 -0.5 2.94281
      vertex 30.3191 -1.69 3.05224
      vertex 30.2535 -1.69 2.94281
    endloop
  endfacet
  facet normal 0.803168 0 -0.595752
    outer loop
      vertex 30.3951 -1.69 3.1547
      vertex 30.3191 -0.5 3.05224
      vertex 30.3951 -0.5 3.1547
    endloop
  endfacet
  facet normal 0.803168 0 -0.595752
    outer loop
      vertex 30.3191 -0.5 3.05224
      vertex 30.3951 -1.69 3.1547
      vertex 30.3191 -1.69 3.05224
    endloop
  endfacet
  facet normal 0.740861 0 -0.671658
    outer loop
      vertex 30.4808 -1.69 3.24923
      vertex 30.3951 -0.5 3.1547
      vertex 30.4808 -0.5 3.24923
    endloop
  endfacet
  facet normal 0.740861 0 -0.671658
    outer loop
      vertex 30.3951 -0.5 3.1547
      vertex 30.4808 -1.69 3.24923
      vertex 30.3951 -1.69 3.1547
    endloop
  endfacet
  facet normal -0.989198 0 0.146588
    outer loop
      vertex 39.875 -1.69 0.676387
      vertex 39.8937 -0.5 0.802577
      vertex 39.875 -0.5 0.676387
    endloop
  endfacet
  facet normal -0.989198 0 0.146588
    outer loop
      vertex 39.8937 -0.5 0.802577
      vertex 39.875 -1.69 0.676387
      vertex 39.8937 -1.69 0.802577
    endloop
  endfacet
  facet normal -0.803177 0 0.595741
    outer loop
      vertex 39.6049 -1.69 0.105296
      vertex 39.6809 -0.5 0.207759
      vertex 39.6049 -0.5 0.105296
    endloop
  endfacet
  facet normal -0.803177 0 0.595741
    outer loop
      vertex 39.6809 -0.5 0.207759
      vertex 39.6049 -1.69 0.105296
      vertex 39.6809 -1.69 0.207759
    endloop
  endfacet
  facet normal -0.514167 0 0.85769
    outer loop
      vertex 39.2128 -0.5 -0.216497
      vertex 39.3222 -1.69 -0.150914
      vertex 39.3222 -0.5 -0.150914
    endloop
  endfacet
  facet normal -0.514167 0 0.85769
    outer loop
      vertex 39.3222 -1.69 -0.150914
      vertex 39.2128 -0.5 -0.216497
      vertex 39.2128 -1.69 -0.216497
    endloop
  endfacet
  facet normal -0.595621 0 0.803266
    outer loop
      vertex 39.3222 -0.5 -0.150914
      vertex 39.4247 -1.69 -0.0749103
      vertex 39.4247 -0.5 -0.0749103
    endloop
  endfacet
  facet normal -0.595621 0 0.803266
    outer loop
      vertex 39.4247 -1.69 -0.0749103
      vertex 39.3222 -0.5 -0.150914
      vertex 39.3222 -1.69 -0.150914
    endloop
  endfacet
  facet normal -0.803168 0 -0.595752
    outer loop
      vertex 39.6809 -1.69 3.05224
      vertex 39.6049 -0.5 3.1547
      vertex 39.6809 -0.5 3.05224
    endloop
  endfacet
  facet normal -0.803168 -0 -0.595752
    outer loop
      vertex 39.6049 -0.5 3.1547
      vertex 39.6809 -1.69 3.05224
      vertex 39.6049 -1.69 3.1547
    endloop
  endfacet
  facet normal -0.904132 0 -0.427254
    outer loop
      vertex 39.801 -1.69 2.82748
      vertex 39.7465 -0.5 2.94281
      vertex 39.801 -0.5 2.82748
    endloop
  endfacet
  facet normal -0.904132 -0 -0.427254
    outer loop
      vertex 39.7465 -0.5 2.94281
      vertex 39.801 -1.69 2.82748
      vertex 39.7465 -1.69 2.94281
    endloop
  endfacet
  facet normal -0.989198 0 -0.146588
    outer loop
      vertex 39.8937 -1.69 2.45742
      vertex 39.875 -0.5 2.58361
      vertex 39.8937 -0.5 2.45742
    endloop
  endfacet
  facet normal -0.989198 -0 -0.146588
    outer loop
      vertex 39.875 -0.5 2.58361
      vertex 39.8937 -1.69 2.45742
      vertex 39.875 -1.69 2.58361
    endloop
  endfacet
  facet normal -0.336873 0 -0.94155
    outer loop
      vertex 38.9774 -1.69 3.57402
      vertex 39.0975 -0.5 3.53105
      vertex 39.0975 -1.69 3.53105
    endloop
  endfacet
  facet normal -0.336873 0 -0.94155
    outer loop
      vertex 39.0975 -0.5 3.53105
      vertex 38.9774 -1.69 3.57402
      vertex 38.9774 -0.5 3.57402
    endloop
  endfacet
  facet normal 0.803177 -0 0.595741
    outer loop
      vertex 30.3191 -1.69 0.207759
      vertex 30.3951 -0.5 0.105296
      vertex 30.3191 -0.5 0.207759
    endloop
  endfacet
  facet normal 0.803177 0 0.595741
    outer loop
      vertex 30.3951 -0.5 0.105296
      vertex 30.3191 -1.69 0.207759
      vertex 30.3951 -1.69 0.105296
    endloop
  endfacet
  facet normal 0.857706 -0 0.514141
    outer loop
      vertex 30.2535 -1.69 0.317195
      vertex 30.3191 -0.5 0.207759
      vertex 30.2535 -0.5 0.317195
    endloop
  endfacet
  facet normal 0.857706 0 0.514141
    outer loop
      vertex 30.3191 -0.5 0.207759
      vertex 30.2535 -1.69 0.317195
      vertex 30.3191 -1.69 0.207759
    endloop
  endfacet
  facet normal 0.941491 -0 0.337039
    outer loop
      vertex 30.156 -1.69 0.552638
      vertex 30.199 -0.5 0.432521
      vertex 30.156 -0.5 0.552638
    endloop
  endfacet
  facet normal 0.941491 0 0.337039
    outer loop
      vertex 30.199 -0.5 0.432521
      vertex 30.156 -1.69 0.552638
      vertex 30.199 -1.69 0.432521
    endloop
  endfacet
  facet normal 0.970027 0 -0.242997
    outer loop
      vertex 30.156 -1.69 2.70736
      vertex 30.125 -0.5 2.58361
      vertex 30.156 -0.5 2.70736
    endloop
  endfacet
  facet normal 0.970027 0 -0.242997
    outer loop
      vertex 30.125 -0.5 2.58361
      vertex 30.156 -1.69 2.70736
      vertex 30.125 -1.69 2.58361
    endloop
  endfacet
  facet normal 0.989198 0 -0.146588
    outer loop
      vertex 30.125 -1.69 2.58361
      vertex 30.1063 -0.5 2.45742
      vertex 30.125 -0.5 2.58361
    endloop
  endfacet
  facet normal 0.989198 0 -0.146588
    outer loop
      vertex 30.1063 -0.5 2.45742
      vertex 30.125 -1.69 2.58361
      vertex 30.1063 -1.69 2.45742
    endloop
  endfacet
  facet normal -0.970027 0 -0.242997
    outer loop
      vertex 39.875 -1.69 2.58361
      vertex 39.844 -0.5 2.70736
      vertex 39.875 -0.5 2.58361
    endloop
  endfacet
  facet normal -0.970027 -0 -0.242997
    outer loop
      vertex 39.844 -0.5 2.70736
      vertex 39.875 -1.69 2.58361
      vertex 39.844 -1.69 2.70736
    endloop
  endfacet
  facet normal -0.941493 0 -0.337031
    outer loop
      vertex 39.844 -1.69 2.70736
      vertex 39.801 -0.5 2.82748
      vertex 39.844 -0.5 2.70736
    endloop
  endfacet
  facet normal -0.941493 -0 -0.337031
    outer loop
      vertex 39.801 -0.5 2.82748
      vertex 39.844 -1.69 2.70736
      vertex 39.801 -1.69 2.82748
    endloop
  endfacet
  facet normal -0.514208 0 -0.857666
    outer loop
      vertex 39.2128 -1.69 3.4765
      vertex 39.3222 -0.5 3.41091
      vertex 39.3222 -1.69 3.41091
    endloop
  endfacet
  facet normal -0.514208 0 -0.857666
    outer loop
      vertex 39.3222 -0.5 3.41091
      vertex 39.2128 -1.69 3.4765
      vertex 39.2128 -0.5 3.4765
    endloop
  endfacet
  facet normal -0.427665 0 -0.903937
    outer loop
      vertex 39.0975 -1.69 3.53105
      vertex 39.2128 -0.5 3.4765
      vertex 39.2128 -1.69 3.4765
    endloop
  endfacet
  facet normal -0.427665 0 -0.903937
    outer loop
      vertex 39.2128 -0.5 3.4765
      vertex 39.0975 -1.69 3.53105
      vertex 39.0975 -0.5 3.53105
    endloop
  endfacet
  facet normal -0.0349386 -0.702272 -0.711051
    outer loop
      vertex 38.6 -1.69 3.63
      vertex 38.7274 -1.69 3.62374
      vertex 38.6 -2.5 4.43
    endloop
  endfacet
  facet normal -0.0349306 -0.702273 -0.71105
    outer loop
      vertex 38.7274 -1.69 3.62374
      vertex 38.8058 -2.5 4.41989
      vertex 38.6 -2.5 4.43
    endloop
  endfacet
  facet normal -0.104473 -0.702272 -0.704201
    outer loop
      vertex 39.0097 -2.5 4.38964
      vertex 38.8058 -2.5 4.41989
      vertex 38.7274 -1.69 3.62374
    endloop
  endfacet
  facet normal -0.104459 -0.702271 -0.704205
    outer loop
      vertex 38.8536 -1.69 3.60502
      vertex 39.0097 -2.5 4.38964
      vertex 38.7274 -1.69 3.62374
    endloop
  endfacet
  facet normal -0.571747 -0.70228 -0.424156
    outer loop
      vertex 40.3461 -2.5 3.4967
      vertex 40.2233 -2.5 3.66223
      vertex 39.6809 -1.69 3.05224
    endloop
  endfacet
  facet normal 0.704233 -0.702257 0.10436
    outer loop
      vertex 30.125 -1.69 0.676387
      vertex 30.1063 -1.69 0.802577
      vertex 29.3404 -2.5 0.52032
    endloop
  endfacet
  facet normal 0.173005 -0.702271 -0.690568
    outer loop
      vertex 31.1464 -1.69 3.60502
      vertex 30.9903 -2.5 4.38964
      vertex 30.7904 -2.5 4.33956
    endloop
  endfacet
  facet normal -0.172954 -0.702265 0.690587
    outer loop
      vertex 39.2096 -2.5 -1.07956
      vertex 38.9774 -1.69 -0.314016
      vertex 38.8536 -1.69 -0.345021
    endloop
  endfacet
  facet normal 0.424144 -0.702282 0.571753
    outer loop
      vertex 30.2333 -2.5 -0.816091
      vertex 30.6778 -1.69 -0.150914
      vertex 30.0678 -2.5 -0.693318
    endloop
  endfacet
  facet normal 0.424136 -0.702284 -0.571757
    outer loop
      vertex 30.6778 -1.69 3.41091
      vertex 30.2333 -2.5 4.07609
      vertex 30.0678 -2.5 3.95332
    endloop
  endfacet
  facet normal 0.239856 -0.70226 -0.670298
    outer loop
      vertex 30.9025 -1.69 3.53105
      vertex 30.7904 -2.5 4.33956
      vertex 30.5964 -2.5 4.27014
    endloop
  endfacet
  facet normal -0.239856 -0.70226 -0.670298
    outer loop
      vertex 39.4036 -2.5 4.27014
      vertex 39.2096 -2.5 4.33956
      vertex 39.0975 -1.69 3.53105
    endloop
  endfacet
  facet normal -0.670206 -0.702277 -0.240063
    outer loop
      vertex 40.6096 -2.5 2.9396
      vertex 40.5401 -2.5 3.13363
      vertex 39.801 -1.69 2.82748
    endloop
  endfacet
  facet normal 0 -0.702701 -0.711485
    outer loop
      vertex 31.4 -2.5 4.43
      vertex 38.6 -1.69 3.63
      vertex 38.6 -2.5 4.43
    endloop
  endfacet
  facet normal -0 -0.702701 -0.711485
    outer loop
      vertex 38.6 -1.69 3.63
      vertex 31.4 -2.5 4.43
      vertex 31.4 -1.69 3.63
    endloop
  endfacet
  facet normal -0.670238 -0.702291 0.239935
    outer loop
      vertex 40.6096 -2.5 0.320399
      vertex 39.844 -1.69 0.552638
      vertex 39.801 -1.69 0.432521
    endloop
  endfacet
  facet normal 0.0349307 -0.702271 0.711052
    outer loop
      vertex 31.4 -2.5 -1.17
      vertex 31.2726 -1.69 -0.363744
      vertex 31.1942 -2.5 -1.15989
    endloop
  endfacet
  facet normal 0.704154 -0.702291 -0.10467
    outer loop
      vertex 30.1063 -1.69 2.45742
      vertex 29.3404 -2.5 2.73968
      vertex 29.3101 -2.5 2.53584
    endloop
  endfacet
  facet normal 0.670238 -0.702291 0.239935
    outer loop
      vertex 30.199 -1.69 0.432521
      vertex 30.156 -1.69 0.552638
      vertex 29.3904 -2.5 0.320399
    endloop
  endfacet
  facet normal 0.0349386 -0.702272 -0.711051
    outer loop
      vertex 31.4 -1.69 3.63
      vertex 31.4 -2.5 4.43
      vertex 31.2726 -1.69 3.62374
    endloop
  endfacet
  facet normal 0.172928 -0.702263 -0.690596
    outer loop
      vertex 31.0226 -1.69 3.57402
      vertex 31.1464 -1.69 3.60502
      vertex 30.7904 -2.5 4.33956
    endloop
  endfacet
  facet normal -0.704233 -0.702257 -0.10436
    outer loop
      vertex 39.8937 -1.69 2.45742
      vertex 40.6596 -2.5 2.73968
      vertex 39.875 -1.69 2.58361
    endloop
  endfacet
  facet normal -0.173005 -0.702271 -0.690568
    outer loop
      vertex 39.2096 -2.5 4.33956
      vertex 39.0097 -2.5 4.38964
      vertex 38.8536 -1.69 3.60502
    endloop
  endfacet
  facet normal -0.690549 -0.702295 -0.172986
    outer loop
      vertex 39.875 -1.69 2.58361
      vertex 40.6096 -2.5 2.9396
      vertex 39.844 -1.69 2.70736
    endloop
  endfacet
  facet normal -0.711045 -0.702267 0.0351544
    outer loop
      vertex 40.7 -2.5 0.930003
      vertex 39.9 -1.69 0.930003
      vertex 39.8937 -1.69 0.802577
    endloop
  endfacet
  facet normal -0.670206 -0.702278 0.240061
    outer loop
      vertex 40.5401 -2.5 0.126368
      vertex 40.6096 -2.5 0.320399
      vertex 39.801 -1.69 0.432521
    endloop
  endfacet
  facet normal -0.424144 -0.702282 0.571753
    outer loop
      vertex 39.7667 -2.5 -0.816091
      vertex 39.9322 -2.5 -0.693318
      vertex 39.3222 -1.69 -0.150914
    endloop
  endfacet
  facet normal -0.104475 -0.702271 0.704202
    outer loop
      vertex 39.0097 -2.5 -1.12964
      vertex 38.8536 -1.69 -0.345021
      vertex 38.7274 -1.69 -0.363744
    endloop
  endfacet
  facet normal -0.0349163 -0.702273 0.711051
    outer loop
      vertex 38.7274 -1.69 -0.363744
      vertex 38.6 -1.69 -0.37
      vertex 38.6 -2.5 -1.17
    endloop
  endfacet
  facet normal 0.104473 -0.70227 0.704203
    outer loop
      vertex 31.1942 -2.5 -1.15989
      vertex 31.2726 -1.69 -0.363744
      vertex 30.9903 -2.5 -1.12964
    endloop
  endfacet
  facet normal 0 -0.702701 0.711485
    outer loop
      vertex 31.4 -1.69 -0.37
      vertex 38.6 -2.5 -1.17
      vertex 38.6 -1.69 -0.37
    endloop
  endfacet
  facet normal 0 -0.702701 0.711485
    outer loop
      vertex 38.6 -2.5 -1.17
      vertex 31.4 -1.69 -0.37
      vertex 31.4 -2.5 -1.17
    endloop
  endfacet
  facet normal 0.0349163 -0.702273 0.711051
    outer loop
      vertex 31.4 -2.5 -1.17
      vertex 31.4 -1.69 -0.37
      vertex 31.2726 -1.69 -0.363744
    endloop
  endfacet
  facet normal 0.610698 -0.702279 -0.365859
    outer loop
      vertex 30.3191 -1.69 3.05224
      vertex 29.6539 -2.5 3.4967
      vertex 29.548 -2.5 3.31993
    endloop
  endfacet
  facet normal 0.711031 -0.702295 -0.0348883
    outer loop
      vertex 30.1063 -1.69 2.45742
      vertex 29.3101 -2.5 2.53584
      vertex 29.3 -2.5 2.33
    endloop
  endfacet
  facet normal 0.643673 -0.702253 0.304183
    outer loop
      vertex 30.2535 -1.69 0.317195
      vertex 30.199 -1.69 0.432521
      vertex 29.548 -2.5 -0.0599261
    endloop
  endfacet
  facet normal 0.424031 -0.702267 0.571856
    outer loop
      vertex 30.6778 -1.69 -0.150914
      vertex 30.5753 -1.69 -0.0749103
      vertex 30.0678 -2.5 -0.693318
    endloop
  endfacet
  facet normal 0.304377 -0.702258 -0.643575
    outer loop
      vertex 30.9025 -1.69 3.53105
      vertex 30.5964 -2.5 4.27014
      vertex 30.4101 -2.5 4.18203
    endloop
  endfacet
  facet normal 0.239825 -0.702263 -0.670306
    outer loop
      vertex 30.9025 -1.69 3.53105
      vertex 31.0226 -1.69 3.57402
      vertex 30.7904 -2.5 4.33956
    endloop
  endfacet
  facet normal -0.690642 -0.702266 -0.17273
    outer loop
      vertex 40.6596 -2.5 2.73968
      vertex 40.6096 -2.5 2.9396
      vertex 39.875 -1.69 2.58361
    endloop
  endfacet
  facet normal -0.527471 -0.702274 -0.478106
    outer loop
      vertex 40.2233 -2.5 3.66223
      vertex 40.0849 -2.5 3.81492
      vertex 39.6049 -1.69 3.1547
    endloop
  endfacet
  facet normal -0.711031 -0.702295 0.0348882
    outer loop
      vertex 40.6899 -2.5 0.724162
      vertex 40.7 -2.5 0.930003
      vertex 39.8937 -1.69 0.802577
    endloop
  endfacet
  facet normal -0.571788 -0.702273 0.424113
    outer loop
      vertex 40.2233 -2.5 -0.402227
      vertex 39.6809 -1.69 0.207759
      vertex 39.6049 -1.69 0.105296
    endloop
  endfacet
  facet normal -0.643571 -0.702273 0.30435
    outer loop
      vertex 40.452 -2.5 -0.0599261
      vertex 40.5401 -2.5 0.126368
      vertex 39.801 -1.69 0.432521
    endloop
  endfacet
  facet normal -0.47817 -0.702281 0.527405
    outer loop
      vertex 40.0849 -2.5 -0.554921
      vertex 39.5192 -1.69 0.0107678
      vertex 39.4247 -1.69 -0.0749103
    endloop
  endfacet
  facet normal -0.527415 -0.702281 0.478158
    outer loop
      vertex 40.0849 -2.5 -0.554921
      vertex 39.6049 -1.69 0.105296
      vertex 39.5192 -1.69 0.0107678
    endloop
  endfacet
  facet normal -0.30437 -0.70226 0.643576
    outer loop
      vertex 39.4036 -2.5 -1.01014
      vertex 39.5899 -2.5 -0.922032
      vertex 39.0975 -1.69 -0.271047
    endloop
  endfacet
  facet normal -0.304459 -0.70227 0.643522
    outer loop
      vertex 39.5899 -2.5 -0.922032
      vertex 39.2128 -1.69 -0.216497
      vertex 39.0975 -1.69 -0.271047
    endloop
  endfacet
  facet normal -0.173005 -0.702271 0.690569
    outer loop
      vertex 39.0097 -2.5 -1.12964
      vertex 39.2096 -2.5 -1.07956
      vertex 38.8536 -1.69 -0.345021
    endloop
  endfacet
  facet normal 0.104475 -0.702271 0.704202
    outer loop
      vertex 31.2726 -1.69 -0.363744
      vertex 31.1464 -1.69 -0.345021
      vertex 30.9903 -2.5 -1.12964
    endloop
  endfacet
  facet normal 0.173005 -0.702271 0.690569
    outer loop
      vertex 30.9903 -2.5 -1.12964
      vertex 31.1464 -1.69 -0.345021
      vertex 30.7904 -2.5 -1.07956
    endloop
  endfacet
  facet normal 0.57178 -0.702275 -0.42412
    outer loop
      vertex 30.3191 -1.69 3.05224
      vertex 30.3951 -1.69 3.1547
      vertex 29.7767 -2.5 3.66223
    endloop
  endfacet
  facet normal 0.711045 -0.702267 0.0351544
    outer loop
      vertex 30.1063 -1.69 0.802577
      vertex 30.1 -1.69 0.930003
      vertex 29.3 -2.5 0.930003
    endloop
  endfacet
  facet normal 0.690643 -0.702266 0.172729
    outer loop
      vertex 29.3904 -2.5 0.320399
      vertex 30.125 -1.69 0.676387
      vertex 29.3404 -2.5 0.52032
    endloop
  endfacet
  facet normal 0.47817 -0.702281 0.527405
    outer loop
      vertex 30.5753 -1.69 -0.0749103
      vertex 30.4808 -1.69 0.0107678
      vertex 29.9151 -2.5 -0.554921
    endloop
  endfacet
  facet normal 0.527479 -0.702272 0.478101
    outer loop
      vertex 29.9151 -2.5 -0.554921
      vertex 30.3951 -1.69 0.105296
      vertex 29.7767 -2.5 -0.402227
    endloop
  endfacet
  facet normal 0.478087 -0.702268 0.527496
    outer loop
      vertex 30.0678 -2.5 -0.693318
      vertex 30.5753 -1.69 -0.0749103
      vertex 29.9151 -2.5 -0.554921
    endloop
  endfacet
  facet normal 0.365916 -0.702281 0.610661
    outer loop
      vertex 30.4101 -2.5 -0.922032
      vertex 30.6778 -1.69 -0.150914
      vertex 30.2333 -2.5 -0.816091
    endloop
  endfacet
  facet normal 0.239856 -0.702261 0.670297
    outer loop
      vertex 30.7904 -2.5 -1.07956
      vertex 30.9025 -1.69 -0.271047
      vertex 30.5964 -2.5 -1.01014
    endloop
  endfacet
  facet normal 0.365913 -0.702282 -0.610662
    outer loop
      vertex 30.6778 -1.69 3.41091
      vertex 30.4101 -2.5 4.18203
      vertex 30.2333 -2.5 4.07609
    endloop
  endfacet
  facet normal 0.104473 -0.702272 -0.704201
    outer loop
      vertex 31.2726 -1.69 3.62374
      vertex 31.1942 -2.5 4.41989
      vertex 30.9903 -2.5 4.38964
    endloop
  endfacet
  facet normal 0.0349306 -0.702273 -0.71105
    outer loop
      vertex 31.2726 -1.69 3.62374
      vertex 31.4 -2.5 4.43
      vertex 31.1942 -2.5 4.41989
    endloop
  endfacet
  facet normal -0.610698 -0.702279 -0.365859
    outer loop
      vertex 40.452 -2.5 3.31993
      vertex 40.3461 -2.5 3.4967
      vertex 39.6809 -1.69 3.05224
    endloop
  endfacet
  facet normal -0.57178 -0.702275 -0.42412
    outer loop
      vertex 39.6809 -1.69 3.05224
      vertex 40.2233 -2.5 3.66223
      vertex 39.6049 -1.69 3.1547
    endloop
  endfacet
  facet normal -0.365913 -0.702282 -0.610662
    outer loop
      vertex 39.7667 -2.5 4.07609
      vertex 39.5899 -2.5 4.18203
      vertex 39.3222 -1.69 3.41091
    endloop
  endfacet
  facet normal -0.424017 -0.702267 -0.571866
    outer loop
      vertex 39.4247 -1.69 3.33491
      vertex 39.9322 -2.5 3.95332
      vertex 39.3222 -1.69 3.41091
    endloop
  endfacet
  facet normal -0.711485 -0.702701 0
    outer loop
      vertex 40.7 -2.5 0.930003
      vertex 39.9 -1.69 2.33
      vertex 39.9 -1.69 0.930003
    endloop
  endfacet
  facet normal -0.711485 -0.702701 0
    outer loop
      vertex 39.9 -1.69 2.33
      vertex 40.7 -2.5 0.930003
      vertex 40.7 -2.5 2.33
    endloop
  endfacet
  facet normal -0.704233 -0.702257 0.10436
    outer loop
      vertex 40.6596 -2.5 0.52032
      vertex 39.8937 -1.69 0.802577
      vertex 39.875 -1.69 0.676387
    endloop
  endfacet
  facet normal -0.704154 -0.70229 0.104669
    outer loop
      vertex 40.6596 -2.5 0.52032
      vertex 40.6899 -2.5 0.724162
      vertex 39.8937 -1.69 0.802577
    endloop
  endfacet
  facet normal -0.610701 -0.702278 0.365855
    outer loop
      vertex 40.3461 -2.5 -0.236699
      vertex 40.452 -2.5 -0.0599261
      vertex 39.6809 -1.69 0.207759
    endloop
  endfacet
  facet normal -0.571745 -0.702279 0.42416
    outer loop
      vertex 40.2233 -2.5 -0.402227
      vertex 40.3461 -2.5 -0.236699
      vertex 39.6809 -1.69 0.207759
    endloop
  endfacet
  facet normal -0.365916 -0.702281 0.610661
    outer loop
      vertex 39.5899 -2.5 -0.922032
      vertex 39.7667 -2.5 -0.816091
      vertex 39.3222 -1.69 -0.150914
    endloop
  endfacet
  facet normal -0.478087 -0.702268 0.527496
    outer loop
      vertex 39.9322 -2.5 -0.693318
      vertex 40.0849 -2.5 -0.554921
      vertex 39.4247 -1.69 -0.0749103
    endloop
  endfacet
  facet normal -0.527479 -0.702272 0.478101
    outer loop
      vertex 40.0849 -2.5 -0.554921
      vertex 40.2233 -2.5 -0.402227
      vertex 39.6049 -1.69 0.105296
    endloop
  endfacet
  facet normal -0.239856 -0.702261 0.670297
    outer loop
      vertex 39.2096 -2.5 -1.07956
      vertex 39.4036 -2.5 -1.01014
      vertex 39.0975 -1.69 -0.271047
    endloop
  endfacet
  facet normal -0.23982 -0.702265 0.670306
    outer loop
      vertex 39.2096 -2.5 -1.07956
      vertex 39.0975 -1.69 -0.271047
      vertex 38.9774 -1.69 -0.314016
    endloop
  endfacet
  facet normal 0.30437 -0.70226 0.643576
    outer loop
      vertex 30.5964 -2.5 -1.01014
      vertex 30.9025 -1.69 -0.271047
      vertex 30.4101 -2.5 -0.922032
    endloop
  endfacet
  facet normal 0.366043 -0.702266 0.610602
    outer loop
      vertex 30.7872 -1.69 -0.216497
      vertex 30.6778 -1.69 -0.150914
      vertex 30.4101 -2.5 -0.922032
    endloop
  endfacet
  facet normal 0.643677 -0.702252 -0.304174
    outer loop
      vertex 30.199 -1.69 2.82748
      vertex 30.2535 -1.69 2.94281
      vertex 29.548 -2.5 3.31993
    endloop
  endfacet
  facet normal 0.527471 -0.702274 -0.478106
    outer loop
      vertex 30.3951 -1.69 3.1547
      vertex 29.9151 -2.5 3.81492
      vertex 29.7767 -2.5 3.66223
    endloop
  endfacet
  facet normal 0.424017 -0.702267 -0.571866
    outer loop
      vertex 30.5753 -1.69 3.33491
      vertex 30.6778 -1.69 3.41091
      vertex 30.0678 -2.5 3.95332
    endloop
  endfacet
  facet normal 0.478092 -0.702269 -0.527491
    outer loop
      vertex 30.5753 -1.69 3.33491
      vertex 30.0678 -2.5 3.95332
      vertex 29.9151 -2.5 3.81492
    endloop
  endfacet
  facet normal 0.478175 -0.702281 -0.527399
    outer loop
      vertex 30.4808 -1.69 3.24923
      vertex 30.5753 -1.69 3.33491
      vertex 29.9151 -2.5 3.81492
    endloop
  endfacet
  facet normal 0.704154 -0.70229 0.104669
    outer loop
      vertex 29.3404 -2.5 0.52032
      vertex 30.1063 -1.69 0.802577
      vertex 29.3101 -2.5 0.724162
    endloop
  endfacet
  facet normal 0.711031 -0.702295 0.0348882
    outer loop
      vertex 29.3101 -2.5 0.724162
      vertex 30.1063 -1.69 0.802577
      vertex 29.3 -2.5 0.930003
    endloop
  endfacet
  facet normal 0.670206 -0.702278 0.240061
    outer loop
      vertex 29.4599 -2.5 0.126368
      vertex 30.199 -1.69 0.432521
      vertex 29.3904 -2.5 0.320399
    endloop
  endfacet
  facet normal 0.643571 -0.702273 0.30435
    outer loop
      vertex 29.548 -2.5 -0.0599261
      vertex 30.199 -1.69 0.432521
      vertex 29.4599 -2.5 0.126368
    endloop
  endfacet
  facet normal 0.690549 -0.702295 0.172987
    outer loop
      vertex 30.156 -1.69 0.552638
      vertex 30.125 -1.69 0.676387
      vertex 29.3904 -2.5 0.320399
    endloop
  endfacet
  facet normal 0.571745 -0.702279 0.42416
    outer loop
      vertex 29.7767 -2.5 -0.402227
      vertex 30.3191 -1.69 0.207759
      vertex 29.6539 -2.5 -0.236699
    endloop
  endfacet
  facet normal 0.610701 -0.702278 0.365855
    outer loop
      vertex 29.6539 -2.5 -0.236699
      vertex 30.3191 -1.69 0.207759
      vertex 29.548 -2.5 -0.0599261
    endloop
  endfacet
  facet normal 0.366073 -0.702264 -0.610587
    outer loop
      vertex 30.6778 -1.69 3.41091
      vertex 30.7872 -1.69 3.4765
      vertex 30.4101 -2.5 4.18203
    endloop
  endfacet
  facet normal 0.30446 -0.702268 -0.643524
    outer loop
      vertex 30.7872 -1.69 3.4765
      vertex 30.9025 -1.69 3.53105
      vertex 30.4101 -2.5 4.18203
    endloop
  endfacet
  facet normal 0.104459 -0.702271 -0.704205
    outer loop
      vertex 31.1464 -1.69 3.60502
      vertex 31.2726 -1.69 3.62374
      vertex 30.9903 -2.5 4.38964
    endloop
  endfacet
  facet normal -0.643677 -0.702252 -0.304174
    outer loop
      vertex 39.801 -1.69 2.82748
      vertex 40.452 -2.5 3.31993
      vertex 39.7465 -1.69 2.94281
    endloop
  endfacet
  facet normal -0.643575 -0.702273 -0.304342
    outer loop
      vertex 40.5401 -2.5 3.13363
      vertex 40.452 -2.5 3.31993
      vertex 39.801 -1.69 2.82748
    endloop
  endfacet
  facet normal -0.527419 -0.702281 -0.478153
    outer loop
      vertex 39.6049 -1.69 3.1547
      vertex 40.0849 -2.5 3.81492
      vertex 39.5192 -1.69 3.24923
    endloop
  endfacet
  facet normal -0.304377 -0.702258 -0.643575
    outer loop
      vertex 39.5899 -2.5 4.18203
      vertex 39.4036 -2.5 4.27014
      vertex 39.0975 -1.69 3.53105
    endloop
  endfacet
  facet normal -0.690643 -0.702266 0.172729
    outer loop
      vertex 40.6096 -2.5 0.320399
      vertex 40.6596 -2.5 0.52032
      vertex 39.875 -1.69 0.676387
    endloop
  endfacet
  facet normal -0.690549 -0.702295 0.172987
    outer loop
      vertex 40.6096 -2.5 0.320399
      vertex 39.875 -1.69 0.676387
      vertex 39.844 -1.69 0.552638
    endloop
  endfacet
  facet normal -0.424031 -0.702267 0.571856
    outer loop
      vertex 39.9322 -2.5 -0.693318
      vertex 39.4247 -1.69 -0.0749103
      vertex 39.3222 -1.69 -0.150914
    endloop
  endfacet
  facet normal -0.366043 -0.702266 0.610602
    outer loop
      vertex 39.5899 -2.5 -0.922032
      vertex 39.3222 -1.69 -0.150914
      vertex 39.2128 -1.69 -0.216497
    endloop
  endfacet
  facet normal -0.104473 -0.70227 0.704203
    outer loop
      vertex 38.8058 -2.5 -1.15989
      vertex 39.0097 -2.5 -1.12964
      vertex 38.7274 -1.69 -0.363744
    endloop
  endfacet
  facet normal -0.0349307 -0.702271 0.711052
    outer loop
      vertex 38.8058 -2.5 -1.15989
      vertex 38.7274 -1.69 -0.363744
      vertex 38.6 -2.5 -1.17
    endloop
  endfacet
  facet normal 0.23982 -0.702265 0.670306
    outer loop
      vertex 31.0226 -1.69 -0.314016
      vertex 30.9025 -1.69 -0.271047
      vertex 30.7904 -2.5 -1.07956
    endloop
  endfacet
  facet normal 0.304459 -0.70227 0.643522
    outer loop
      vertex 30.9025 -1.69 -0.271047
      vertex 30.7872 -1.69 -0.216497
      vertex 30.4101 -2.5 -0.922032
    endloop
  endfacet
  facet normal 0.690642 -0.702266 -0.17273
    outer loop
      vertex 30.125 -1.69 2.58361
      vertex 29.3904 -2.5 2.9396
      vertex 29.3404 -2.5 2.73968
    endloop
  endfacet
  facet normal 0.571747 -0.70228 -0.424156
    outer loop
      vertex 30.3191 -1.69 3.05224
      vertex 29.7767 -2.5 3.66223
      vertex 29.6539 -2.5 3.4967
    endloop
  endfacet
  facet normal 0.527419 -0.702281 -0.478153
    outer loop
      vertex 30.3951 -1.69 3.1547
      vertex 30.4808 -1.69 3.24923
      vertex 29.9151 -2.5 3.81492
    endloop
  endfacet
  facet normal 0.711045 -0.702267 -0.0351561
    outer loop
      vertex 30.1 -1.69 2.33
      vertex 30.1063 -1.69 2.45742
      vertex 29.3 -2.5 2.33
    endloop
  endfacet
  facet normal 0.711485 -0.702701 0
    outer loop
      vertex 29.3 -2.5 2.33
      vertex 30.1 -1.69 0.930003
      vertex 30.1 -1.69 2.33
    endloop
  endfacet
  facet normal 0.711485 -0.702701 0
    outer loop
      vertex 30.1 -1.69 0.930003
      vertex 29.3 -2.5 2.33
      vertex 29.3 -2.5 0.930003
    endloop
  endfacet
  facet normal 0.61062 -0.702258 0.366028
    outer loop
      vertex 30.3191 -1.69 0.207759
      vertex 30.2535 -1.69 0.317195
      vertex 29.548 -2.5 -0.0599261
    endloop
  endfacet
  facet normal 0.571788 -0.702273 0.424113
    outer loop
      vertex 30.3951 -1.69 0.105296
      vertex 30.3191 -1.69 0.207759
      vertex 29.7767 -2.5 -0.402227
    endloop
  endfacet
  facet normal -0.670239 -0.702292 -0.239929
    outer loop
      vertex 39.844 -1.69 2.70736
      vertex 40.6096 -2.5 2.9396
      vertex 39.801 -1.69 2.82748
    endloop
  endfacet
  facet normal -0.610612 -0.702258 -0.366043
    outer loop
      vertex 39.7465 -1.69 2.94281
      vertex 40.452 -2.5 3.31993
      vertex 39.6809 -1.69 3.05224
    endloop
  endfacet
  facet normal -0.478092 -0.702269 -0.527491
    outer loop
      vertex 40.0849 -2.5 3.81492
      vertex 39.9322 -2.5 3.95332
      vertex 39.4247 -1.69 3.33491
    endloop
  endfacet
  facet normal -0.424136 -0.702284 -0.571757
    outer loop
      vertex 39.9322 -2.5 3.95332
      vertex 39.7667 -2.5 4.07609
      vertex 39.3222 -1.69 3.41091
    endloop
  endfacet
  facet normal -0.172928 -0.702263 -0.690596
    outer loop
      vertex 38.9774 -1.69 3.57402
      vertex 39.2096 -2.5 4.33956
      vertex 38.8536 -1.69 3.60502
    endloop
  endfacet
  facet normal -0.239825 -0.702263 -0.670306
    outer loop
      vertex 39.0975 -1.69 3.53105
      vertex 39.2096 -2.5 4.33956
      vertex 38.9774 -1.69 3.57402
    endloop
  endfacet
  facet normal -0.30446 -0.702268 -0.643524
    outer loop
      vertex 39.2128 -1.69 3.4765
      vertex 39.5899 -2.5 4.18203
      vertex 39.0975 -1.69 3.53105
    endloop
  endfacet
  facet normal -0.366073 -0.702264 -0.610587
    outer loop
      vertex 39.3222 -1.69 3.41091
      vertex 39.5899 -2.5 4.18203
      vertex 39.2128 -1.69 3.4765
    endloop
  endfacet
  facet normal -0.643673 -0.702253 0.304183
    outer loop
      vertex 40.452 -2.5 -0.0599261
      vertex 39.801 -1.69 0.432521
      vertex 39.7465 -1.69 0.317195
    endloop
  endfacet
  facet normal -0.61062 -0.702258 0.366028
    outer loop
      vertex 40.452 -2.5 -0.0599261
      vertex 39.7465 -1.69 0.317195
      vertex 39.6809 -1.69 0.207759
    endloop
  endfacet
  facet normal 0.172954 -0.702265 0.690587
    outer loop
      vertex 31.1464 -1.69 -0.345021
      vertex 31.0226 -1.69 -0.314016
      vertex 30.7904 -2.5 -1.07956
    endloop
  endfacet
  facet normal 0.690549 -0.702295 -0.172986
    outer loop
      vertex 30.125 -1.69 2.58361
      vertex 30.156 -1.69 2.70736
      vertex 29.3904 -2.5 2.9396
    endloop
  endfacet
  facet normal 0.610612 -0.702258 -0.366043
    outer loop
      vertex 30.2535 -1.69 2.94281
      vertex 30.3191 -1.69 3.05224
      vertex 29.548 -2.5 3.31993
    endloop
  endfacet
  facet normal 0.704233 -0.702257 -0.10436
    outer loop
      vertex 30.1063 -1.69 2.45742
      vertex 30.125 -1.69 2.58361
      vertex 29.3404 -2.5 2.73968
    endloop
  endfacet
  facet normal 0.527415 -0.702281 0.478158
    outer loop
      vertex 30.4808 -1.69 0.0107678
      vertex 30.3951 -1.69 0.105296
      vertex 29.9151 -2.5 -0.554921
    endloop
  endfacet
  facet normal -0.478175 -0.702281 -0.527399
    outer loop
      vertex 39.5192 -1.69 3.24923
      vertex 40.0849 -2.5 3.81492
      vertex 39.4247 -1.69 3.33491
    endloop
  endfacet
  facet normal -0.704154 -0.702291 -0.10467
    outer loop
      vertex 40.6899 -2.5 2.53584
      vertex 40.6596 -2.5 2.73968
      vertex 39.8937 -1.69 2.45742
    endloop
  endfacet
  facet normal 0.670239 -0.702292 -0.239929
    outer loop
      vertex 30.156 -1.69 2.70736
      vertex 30.199 -1.69 2.82748
      vertex 29.3904 -2.5 2.9396
    endloop
  endfacet
  facet normal -0.711031 -0.702295 -0.0348883
    outer loop
      vertex 40.7 -2.5 2.33
      vertex 40.6899 -2.5 2.53584
      vertex 39.8937 -1.69 2.45742
    endloop
  endfacet
  facet normal -0.711045 -0.702267 -0.0351561
    outer loop
      vertex 39.9 -1.69 2.33
      vertex 40.7 -2.5 2.33
      vertex 39.8937 -1.69 2.45742
    endloop
  endfacet
  facet normal 0.670206 -0.702277 -0.240063
    outer loop
      vertex 30.199 -1.69 2.82748
      vertex 29.4599 -2.5 3.13363
      vertex 29.3904 -2.5 2.9396
    endloop
  endfacet
  facet normal 0.643575 -0.702273 -0.304342
    outer loop
      vertex 30.199 -1.69 2.82748
      vertex 29.548 -2.5 3.31993
      vertex 29.4599 -2.5 3.13363
    endloop
  endfacet
  facet normal -0.595794 -0.803137 0
    outer loop
      vertex 14.2223 13.3259 -7.6
      vertex 14.5376 13.092 -6.6
      vertex 14.2223 13.3259 -6.6
    endloop
  endfacet
  facet normal -0.595794 -0.803137 -0
    outer loop
      vertex 14.5376 13.092 -6.6
      vertex 14.2223 13.3259 -7.6
      vertex 14.5376 13.092 -7.6
    endloop
  endfacet
  facet normal 0.42744 -0.904044 0
    outer loop
      vertex 10.1144 13.5277 -7.6
      vertex 10.4693 13.6955 -6.6
      vertex 10.1144 13.5277 -6.6
    endloop
  endfacet
  facet normal 0.42744 -0.904044 0
    outer loop
      vertex 10.4693 13.6955 -6.6
      vertex 10.1144 13.5277 -7.6
      vertex 10.4693 13.6955 -7.6
    endloop
  endfacet
  facet normal 0.941548 -0.336879 0
    outer loop
      vertex 8.17224 11.1611 -6.6
      vertex 8.30448 11.5307 -7.6
      vertex 8.30448 11.5307 -6.6
    endloop
  endfacet
  facet normal 0.941548 -0.336879 0
    outer loop
      vertex 8.30448 11.5307 -7.6
      vertex 8.17224 11.1611 -6.6
      vertex 8.17224 11.1611 -7.6
    endloop
  endfacet
  facet normal -0.941497 0.337022 0
    outer loop
      vertex 15.6955 8.46927 -7.6
      vertex 15.8278 8.83886 -6.6
      vertex 15.8278 8.83886 -7.6
    endloop
  endfacet
  facet normal -0.941497 0.337022 0
    outer loop
      vertex 15.8278 8.83886 -6.6
      vertex 15.6955 8.46927 -7.6
      vertex 15.6955 8.46927 -6.6
    endloop
  endfacet
  facet normal 0.336879 0.941548 -0
    outer loop
      vertex 10.8389 6.17224 -7.6
      vertex 10.4693 6.30448 -6.6
      vertex 10.8389 6.17224 -6.6
    endloop
  endfacet
  facet normal 0.336879 0.941548 0
    outer loop
      vertex 10.4693 6.30448 -6.6
      vertex 10.8389 6.17224 -7.6
      vertex 10.4693 6.30448 -7.6
    endloop
  endfacet
  facet normal -0.904044 -0.42744 0
    outer loop
      vertex 15.6955 11.5307 -7.6
      vertex 15.5277 11.8856 -6.6
      vertex 15.5277 11.8856 -7.6
    endloop
  endfacet
  facet normal -0.904044 -0.42744 0
    outer loop
      vertex 15.5277 11.8856 -6.6
      vertex 15.6955 11.5307 -7.6
      vertex 15.6955 11.5307 -6.6
    endloop
  endfacet
  facet normal -0.85774 -0.514084 0
    outer loop
      vertex 15.5277 11.8856 -7.6
      vertex 15.3259 12.2223 -6.6
      vertex 15.3259 12.2223 -7.6
    endloop
  endfacet
  facet normal -0.85774 -0.514084 0
    outer loop
      vertex 15.3259 12.2223 -6.6
      vertex 15.5277 11.8856 -7.6
      vertex 15.5277 11.8856 -6.6
    endloop
  endfacet
  facet normal -0.337014 -0.9415 0
    outer loop
      vertex 13.1611 13.8278 -7.6
      vertex 13.5307 13.6955 -6.6
      vertex 13.1611 13.8278 -6.6
    endloop
  endfacet
  facet normal -0.337014 -0.9415 -0
    outer loop
      vertex 13.5307 13.6955 -6.6
      vertex 13.1611 13.8278 -7.6
      vertex 13.5307 13.6955 -7.6
    endloop
  endfacet
  facet normal 0.80321 -0.595695 0
    outer loop
      vertex 8.67412 12.2223 -6.6
      vertex 8.90796 12.5376 -7.6
      vertex 8.90796 12.5376 -6.6
    endloop
  endfacet
  facet normal 0.80321 -0.595695 0
    outer loop
      vertex 8.90796 12.5376 -7.6
      vertex 8.67412 12.2223 -6.6
      vertex 8.67412 12.2223 -7.6
    endloop
  endfacet
  facet normal 0.242835 -0.970068 0
    outer loop
      vertex 10.8389 13.8278 -7.6
      vertex 11.2196 13.9231 -6.6
      vertex 10.8389 13.8278 -6.6
    endloop
  endfacet
  facet normal 0.242835 -0.970068 0
    outer loop
      vertex 11.2196 13.9231 -6.6
      vertex 10.8389 13.8278 -7.6
      vertex 11.2196 13.9231 -7.6
    endloop
  endfacet
  facet normal -0.998791 0.0491664 0
    outer loop
      vertex 15.9807 9.60793 -7.6
      vertex 16 10 -6.6
      vertex 16 10 -7.6
    endloop
  endfacet
  facet normal -0.998791 0.0491664 0
    outer loop
      vertex 16 10 -6.6
      vertex 15.9807 9.60793 -7.6
      vertex 15.9807 9.60793 -6.6
    endloop
  endfacet
  facet normal -0.803128 0.595806 0
    outer loop
      vertex 15.092 7.46243 -7.6
      vertex 15.3259 7.77772 -6.6
      vertex 15.3259 7.77772 -7.6
    endloop
  endfacet
  facet normal -0.803128 0.595806 0
    outer loop
      vertex 15.3259 7.77772 -6.6
      vertex 15.092 7.46243 -7.6
      vertex 15.092 7.46243 -6.6
    endloop
  endfacet
  facet normal 0.049061 0.998796 -0
    outer loop
      vertex 12 6 -7.6
      vertex 11.6079 6.01926 -6.6
      vertex 12 6 -6.6
    endloop
  endfacet
  facet normal 0.049061 0.998796 0
    outer loop
      vertex 11.6079 6.01926 -6.6
      vertex 12 6 -7.6
      vertex 11.6079 6.01926 -7.6
    endloop
  endfacet
  facet normal 0.595708 0.803201 -0
    outer loop
      vertex 9.77772 6.67412 -7.6
      vertex 9.46243 6.90796 -6.6
      vertex 9.77772 6.67412 -6.6
    endloop
  endfacet
  facet normal 0.595708 0.803201 0
    outer loop
      vertex 9.46243 6.90796 -6.6
      vertex 9.77772 6.67412 -7.6
      vertex 9.46243 6.90796 -7.6
    endloop
  endfacet
  facet normal 0.903995 0.427542 0
    outer loop
      vertex 8.47231 8.11441 -6.6
      vertex 8.30448 8.46927 -7.6
      vertex 8.30448 8.46927 -6.6
    endloop
  endfacet
  facet normal 0.903995 0.427542 0
    outer loop
      vertex 8.30448 8.46927 -7.6
      vertex 8.47231 8.11441 -6.6
      vertex 8.47231 8.11441 -7.6
    endloop
  endfacet
  facet normal 0.740964 0.671545 0
    outer loop
      vertex 9.17157 7.17157 -6.6
      vertex 8.90796 7.46243 -7.6
      vertex 8.90796 7.46243 -6.6
    endloop
  endfacet
  facet normal 0.740964 0.671545 0
    outer loop
      vertex 8.90796 7.46243 -7.6
      vertex 9.17157 7.17157 -6.6
      vertex 9.17157 7.17157 -7.6
    endloop
  endfacet
  facet normal -0.989176 -0.146733 0
    outer loop
      vertex 15.9807 10.3921 -7.6
      vertex 15.9231 10.7804 -6.6
      vertex 15.9231 10.7804 -7.6
    endloop
  endfacet
  facet normal -0.989176 -0.146733 0
    outer loop
      vertex 15.9231 10.7804 -6.6
      vertex 15.9807 10.3921 -7.6
      vertex 15.9807 10.3921 -6.6
    endloop
  endfacet
  facet normal -0.970068 -0.242835 0
    outer loop
      vertex 15.9231 10.7804 -7.6
      vertex 15.8278 11.1611 -6.6
      vertex 15.8278 11.1611 -7.6
    endloop
  endfacet
  facet normal -0.970068 -0.242835 0
    outer loop
      vertex 15.8278 11.1611 -6.6
      vertex 15.9231 10.7804 -7.6
      vertex 15.9231 10.7804 -6.6
    endloop
  endfacet
  facet normal -0.9415 -0.337014 0
    outer loop
      vertex 15.8278 11.1611 -7.6
      vertex 15.6955 11.5307 -6.6
      vertex 15.6955 11.5307 -7.6
    endloop
  endfacet
  facet normal -0.9415 -0.337014 0
    outer loop
      vertex 15.6955 11.5307 -6.6
      vertex 15.8278 11.1611 -7.6
      vertex 15.8278 11.1611 -6.6
    endloop
  endfacet
  facet normal -0.740908 -0.671607 0
    outer loop
      vertex 15.092 12.5376 -7.6
      vertex 14.8284 12.8284 -6.6
      vertex 14.8284 12.8284 -7.6
    endloop
  endfacet
  facet normal -0.740908 -0.671607 0
    outer loop
      vertex 14.8284 12.8284 -6.6
      vertex 15.092 12.5376 -7.6
      vertex 15.092 12.5376 -6.6
    endloop
  endfacet
  facet normal -0.803137 -0.595794 0
    outer loop
      vertex 15.3259 12.2223 -7.6
      vertex 15.092 12.5376 -6.6
      vertex 15.092 12.5376 -7.6
    endloop
  endfacet
  facet normal -0.803137 -0.595794 0
    outer loop
      vertex 15.092 12.5376 -6.6
      vertex 15.3259 12.2223 -7.6
      vertex 15.3259 12.2223 -6.6
    endloop
  endfacet
  facet normal -0.671607 -0.740908 0
    outer loop
      vertex 14.5376 13.092 -7.6
      vertex 14.8284 12.8284 -6.6
      vertex 14.5376 13.092 -6.6
    endloop
  endfacet
  facet normal -0.671607 -0.740908 -0
    outer loop
      vertex 14.8284 12.8284 -6.6
      vertex 14.5376 13.092 -7.6
      vertex 14.8284 12.8284 -7.6
    endloop
  endfacet
  facet normal -0.514084 -0.85774 0
    outer loop
      vertex 13.8856 13.5277 -7.6
      vertex 14.2223 13.3259 -6.6
      vertex 13.8856 13.5277 -6.6
    endloop
  endfacet
  facet normal -0.514084 -0.85774 -0
    outer loop
      vertex 14.2223 13.3259 -6.6
      vertex 13.8856 13.5277 -7.6
      vertex 14.2223 13.3259 -7.6
    endloop
  endfacet
  facet normal 0.0491626 -0.998791 0
    outer loop
      vertex 11.6079 13.9807 -7.6
      vertex 12 14 -6.6
      vertex 11.6079 13.9807 -6.6
    endloop
  endfacet
  facet normal 0.0491626 -0.998791 0
    outer loop
      vertex 12 14 -6.6
      vertex 11.6079 13.9807 -7.6
      vertex 12 14 -7.6
    endloop
  endfacet
  facet normal -0.42744 -0.904044 0
    outer loop
      vertex 13.5307 13.6955 -7.6
      vertex 13.8856 13.5277 -6.6
      vertex 13.5307 13.6955 -6.6
    endloop
  endfacet
  facet normal -0.42744 -0.904044 -0
    outer loop
      vertex 13.8856 13.5277 -6.6
      vertex 13.5307 13.6955 -7.6
      vertex 13.8856 13.5277 -7.6
    endloop
  endfacet
  facet normal -0.242835 -0.970068 0
    outer loop
      vertex 12.7804 13.9231 -7.6
      vertex 13.1611 13.8278 -6.6
      vertex 12.7804 13.9231 -6.6
    endloop
  endfacet
  facet normal -0.242835 -0.970068 -0
    outer loop
      vertex 13.1611 13.8278 -6.6
      vertex 12.7804 13.9231 -7.6
      vertex 13.1611 13.8278 -7.6
    endloop
  endfacet
  facet normal -0.146733 -0.989176 0
    outer loop
      vertex 12.3921 13.9807 -7.6
      vertex 12.7804 13.9231 -6.6
      vertex 12.3921 13.9807 -6.6
    endloop
  endfacet
  facet normal -0.146733 -0.989176 -0
    outer loop
      vertex 12.7804 13.9231 -6.6
      vertex 12.3921 13.9807 -7.6
      vertex 12.7804 13.9231 -7.6
    endloop
  endfacet
  facet normal 0.998796 0.0490647 0
    outer loop
      vertex 8.01926 9.60793 -6.6
      vertex 8 10 -7.6
      vertex 8 10 -6.6
    endloop
  endfacet
  facet normal 0.998796 0.0490647 0
    outer loop
      vertex 8 10 -7.6
      vertex 8.01926 9.60793 -6.6
      vertex 8.01926 9.60793 -7.6
    endloop
  endfacet
  facet normal 0.970019 -0.243027 0
    outer loop
      vertex 8.07686 10.7804 -6.6
      vertex 8.17224 11.1611 -7.6
      vertex 8.17224 11.1611 -6.6
    endloop
  endfacet
  facet normal 0.970019 -0.243027 0
    outer loop
      vertex 8.17224 11.1611 -7.6
      vertex 8.07686 10.7804 -6.6
      vertex 8.07686 10.7804 -7.6
    endloop
  endfacet
  facet normal 0.989176 -0.146733 0
    outer loop
      vertex 8.01926 10.3921 -6.6
      vertex 8.07686 10.7804 -7.6
      vertex 8.07686 10.7804 -6.6
    endloop
  endfacet
  facet normal 0.989176 -0.146733 0
    outer loop
      vertex 8.07686 10.7804 -7.6
      vertex 8.01926 10.3921 -6.6
      vertex 8.01926 10.3921 -7.6
    endloop
  endfacet
  facet normal 0.904014 -0.427503 0
    outer loop
      vertex 8.30448 11.5307 -6.6
      vertex 8.47231 11.8856 -7.6
      vertex 8.47231 11.8856 -6.6
    endloop
  endfacet
  facet normal 0.904014 -0.427503 0
    outer loop
      vertex 8.47231 11.8856 -7.6
      vertex 8.30448 11.5307 -6.6
      vertex 8.30448 11.5307 -7.6
    endloop
  endfacet
  facet normal 0.857729 -0.514102 0
    outer loop
      vertex 8.47231 11.8856 -6.6
      vertex 8.67412 12.2223 -7.6
      vertex 8.67412 12.2223 -6.6
    endloop
  endfacet
  facet normal 0.857729 -0.514102 0
    outer loop
      vertex 8.67412 12.2223 -7.6
      vertex 8.47231 11.8856 -6.6
      vertex 8.47231 11.8856 -7.6
    endloop
  endfacet
  facet normal 0.337014 -0.9415 0
    outer loop
      vertex 10.4693 13.6955 -7.6
      vertex 10.8389 13.8278 -6.6
      vertex 10.4693 13.6955 -6.6
    endloop
  endfacet
  facet normal 0.337014 -0.9415 0
    outer loop
      vertex 10.8389 13.8278 -6.6
      vertex 10.4693 13.6955 -7.6
      vertex 10.8389 13.8278 -7.6
    endloop
  endfacet
  facet normal 0.146733 -0.989176 0
    outer loop
      vertex 11.2196 13.9231 -7.6
      vertex 11.6079 13.9807 -6.6
      vertex 11.2196 13.9231 -6.6
    endloop
  endfacet
  facet normal 0.146733 -0.989176 0
    outer loop
      vertex 11.6079 13.9807 -6.6
      vertex 11.2196 13.9231 -7.6
      vertex 11.6079 13.9807 -7.6
    endloop
  endfacet
  facet normal 0.595806 -0.803128 0
    outer loop
      vertex 9.46243 13.092 -7.6
      vertex 9.77772 13.3259 -6.6
      vertex 9.46243 13.092 -6.6
    endloop
  endfacet
  facet normal 0.595806 -0.803128 0
    outer loop
      vertex 9.77772 13.3259 -6.6
      vertex 9.46243 13.092 -7.6
      vertex 9.77772 13.3259 -7.6
    endloop
  endfacet
  facet normal 0.671531 -0.740977 0
    outer loop
      vertex 9.17157 12.8284 -7.6
      vertex 9.46243 13.092 -6.6
      vertex 9.17157 12.8284 -6.6
    endloop
  endfacet
  facet normal 0.671531 -0.740977 0
    outer loop
      vertex 9.46243 13.092 -6.6
      vertex 9.17157 12.8284 -7.6
      vertex 9.46243 13.092 -7.6
    endloop
  endfacet
  facet normal 0.514106 -0.857727 0
    outer loop
      vertex 9.77772 13.3259 -7.6
      vertex 10.1144 13.5277 -6.6
      vertex 9.77772 13.3259 -6.6
    endloop
  endfacet
  facet normal 0.514106 -0.857727 0
    outer loop
      vertex 10.1144 13.5277 -6.6
      vertex 9.77772 13.3259 -7.6
      vertex 10.1144 13.5277 -7.6
    endloop
  endfacet
  facet normal 0.740895 -0.671621 0
    outer loop
      vertex 8.90796 12.5376 -6.6
      vertex 9.17157 12.8284 -7.6
      vertex 9.17157 12.8284 -6.6
    endloop
  endfacet
  facet normal 0.740895 -0.671621 0
    outer loop
      vertex 9.17157 12.8284 -7.6
      vertex 8.90796 12.5376 -6.6
      vertex 8.90796 12.5376 -7.6
    endloop
  endfacet
  facet normal -0.998791 -0.0491626 0
    outer loop
      vertex 16 10 -7.6
      vertex 15.9807 10.3921 -6.6
      vertex 15.9807 10.3921 -7.6
    endloop
  endfacet
  facet normal -0.998791 -0.0491626 0
    outer loop
      vertex 15.9807 10.3921 -6.6
      vertex 16 10 -7.6
      vertex 16 10 -6.6
    endloop
  endfacet
  facet normal -0.146733 0.989176 0
    outer loop
      vertex 12.7804 6.07686 -7.6
      vertex 12.3921 6.01926 -6.6
      vertex 12.7804 6.07686 -6.6
    endloop
  endfacet
  facet normal -0.146733 0.989176 0
    outer loop
      vertex 12.3921 6.01926 -6.6
      vertex 12.7804 6.07686 -7.6
      vertex 12.3921 6.01926 -7.6
    endloop
  endfacet
  facet normal -0.97008 0.242787 0
    outer loop
      vertex 15.8278 8.83886 -7.6
      vertex 15.9231 9.21964 -6.6
      vertex 15.9231 9.21964 -7.6
    endloop
  endfacet
  facet normal -0.97008 0.242787 0
    outer loop
      vertex 15.9231 9.21964 -6.6
      vertex 15.8278 8.83886 -7.6
      vertex 15.8278 8.83886 -6.6
    endloop
  endfacet
  facet normal -0.243027 0.970019 0
    outer loop
      vertex 13.1611 6.17224 -7.6
      vertex 12.7804 6.07686 -6.6
      vertex 13.1611 6.17224 -6.6
    endloop
  endfacet
  facet normal -0.243027 0.970019 0
    outer loop
      vertex 12.7804 6.07686 -6.6
      vertex 13.1611 6.17224 -7.6
      vertex 12.7804 6.07686 -7.6
    endloop
  endfacet
  facet normal -0.336879 0.941548 0
    outer loop
      vertex 13.5307 6.30448 -7.6
      vertex 13.1611 6.17224 -6.6
      vertex 13.5307 6.30448 -6.6
    endloop
  endfacet
  facet normal -0.336879 0.941548 0
    outer loop
      vertex 13.1611 6.17224 -6.6
      vertex 13.5307 6.30448 -7.6
      vertex 13.1611 6.17224 -7.6
    endloop
  endfacet
  facet normal -0.671621 0.740895 0
    outer loop
      vertex 14.8284 7.17157 -7.6
      vertex 14.5376 6.90796 -6.6
      vertex 14.8284 7.17157 -6.6
    endloop
  endfacet
  facet normal -0.671621 0.740895 0
    outer loop
      vertex 14.5376 6.90796 -6.6
      vertex 14.8284 7.17157 -7.6
      vertex 14.5376 6.90796 -7.6
    endloop
  endfacet
  facet normal -0.514102 0.857729 0
    outer loop
      vertex 14.2223 6.67412 -7.6
      vertex 13.8856 6.47231 -6.6
      vertex 14.2223 6.67412 -6.6
    endloop
  endfacet
  facet normal -0.514102 0.857729 0
    outer loop
      vertex 13.8856 6.47231 -6.6
      vertex 14.2223 6.67412 -7.6
      vertex 13.8856 6.47231 -7.6
    endloop
  endfacet
  facet normal -0.904025 0.42748 0
    outer loop
      vertex 15.5277 8.11441 -7.6
      vertex 15.6955 8.46927 -6.6
      vertex 15.6955 8.46927 -7.6
    endloop
  endfacet
  facet normal -0.904025 0.42748 0
    outer loop
      vertex 15.6955 8.46927 -6.6
      vertex 15.5277 8.11441 -7.6
      vertex 15.5277 8.11441 -6.6
    endloop
  endfacet
  facet normal -0.049061 0.998796 0
    outer loop
      vertex 12.3921 6.01926 -7.6
      vertex 12 6 -6.6
      vertex 12.3921 6.01926 -6.6
    endloop
  endfacet
  facet normal -0.049061 0.998796 0
    outer loop
      vertex 12 6 -6.6
      vertex 12.3921 6.01926 -7.6
      vertex 12 6 -7.6
    endloop
  endfacet
  facet normal 0.243027 0.970019 -0
    outer loop
      vertex 11.2196 6.07686 -7.6
      vertex 10.8389 6.17224 -6.6
      vertex 11.2196 6.07686 -6.6
    endloop
  endfacet
  facet normal 0.243027 0.970019 0
    outer loop
      vertex 10.8389 6.17224 -6.6
      vertex 11.2196 6.07686 -7.6
      vertex 10.8389 6.17224 -7.6
    endloop
  endfacet
  facet normal 0.427503 0.904014 -0
    outer loop
      vertex 10.4693 6.30448 -7.6
      vertex 10.1144 6.47231 -6.6
      vertex 10.4693 6.30448 -6.6
    endloop
  endfacet
  facet normal 0.427503 0.904014 0
    outer loop
      vertex 10.1144 6.47231 -6.6
      vertex 10.4693 6.30448 -7.6
      vertex 10.1144 6.47231 -7.6
    endloop
  endfacet
  facet normal 0.989176 0.146737 0
    outer loop
      vertex 8.07686 9.21964 -6.6
      vertex 8.01926 9.60793 -7.6
      vertex 8.01926 9.60793 -6.6
    endloop
  endfacet
  facet normal 0.989176 0.146737 0
    outer loop
      vertex 8.01926 9.60793 -7.6
      vertex 8.07686 9.21964 -6.6
      vertex 8.07686 9.21964 -7.6
    endloop
  endfacet
  facet normal 0.941545 0.336887 0
    outer loop
      vertex 8.30448 8.46927 -6.6
      vertex 8.17224 8.83886 -7.6
      vertex 8.17224 8.83886 -6.6
    endloop
  endfacet
  facet normal 0.941545 0.336887 0
    outer loop
      vertex 8.17224 8.83886 -7.6
      vertex 8.30448 8.46927 -6.6
      vertex 8.30448 8.46927 -7.6
    endloop
  endfacet
  facet normal 0.857722 0.514114 0
    outer loop
      vertex 8.67412 7.77772 -6.6
      vertex 8.47231 8.11441 -7.6
      vertex 8.47231 8.11441 -6.6
    endloop
  endfacet
  facet normal 0.857722 0.514114 0
    outer loop
      vertex 8.47231 8.11441 -7.6
      vertex 8.67412 7.77772 -6.6
      vertex 8.67412 7.77772 -7.6
    endloop
  endfacet
  facet normal -0.0491626 -0.998791 0
    outer loop
      vertex 12 14 -7.6
      vertex 12.3921 13.9807 -6.6
      vertex 12 14 -6.6
    endloop
  endfacet
  facet normal -0.0491626 -0.998791 -0
    outer loop
      vertex 12.3921 13.9807 -6.6
      vertex 12 14 -7.6
      vertex 12.3921 13.9807 -7.6
    endloop
  endfacet
  facet normal 0 0 -1
    outer loop
      vertex 15.9807 9.60793 -6.6
      vertex 15.9807 10.3921 -6.6
      vertex 16 10 -6.6
    endloop
  endfacet
  facet normal 0 0 -1
    outer loop
      vertex 15.9231 9.21964 -6.6
      vertex 15.9807 10.3921 -6.6
      vertex 15.9807 9.60793 -6.6
    endloop
  endfacet
  facet normal 0 0 -1
    outer loop
      vertex 15.9231 9.21964 -6.6
      vertex 15.9231 10.7804 -6.6
      vertex 15.9807 10.3921 -6.6
    endloop
  endfacet
  facet normal 0 0 -1
    outer loop
      vertex 15.8278 8.83886 -6.6
      vertex 15.9231 10.7804 -6.6
      vertex 15.9231 9.21964 -6.6
    endloop
  endfacet
  facet normal 0 0 -1
    outer loop
      vertex 15.8278 8.83886 -6.6
      vertex 15.8278 11.1611 -6.6
      vertex 15.9231 10.7804 -6.6
    endloop
  endfacet
  facet normal 0 0 -1
    outer loop
      vertex 15.6955 8.46927 -6.6
      vertex 15.8278 11.1611 -6.6
      vertex 15.8278 8.83886 -6.6
    endloop
  endfacet
  facet normal 0 0 -1
    outer loop
      vertex 15.6955 8.46927 -6.6
      vertex 15.6955 11.5307 -6.6
      vertex 15.8278 11.1611 -6.6
    endloop
  endfacet
  facet normal 0 0 -1
    outer loop
      vertex 15.5277 8.11441 -6.6
      vertex 15.6955 11.5307 -6.6
      vertex 15.6955 8.46927 -6.6
    endloop
  endfacet
  facet normal 0 0 -1
    outer loop
      vertex 15.5277 8.11441 -6.6
      vertex 15.5277 11.8856 -6.6
      vertex 15.6955 11.5307 -6.6
    endloop
  endfacet
  facet normal 0 0 -1
    outer loop
      vertex 15.3259 7.77772 -6.6
      vertex 15.5277 11.8856 -6.6
      vertex 15.5277 8.11441 -6.6
    endloop
  endfacet
  facet normal 0 0 -1
    outer loop
      vertex 15.3259 7.77772 -6.6
      vertex 15.3259 12.2223 -6.6
      vertex 15.5277 11.8856 -6.6
    endloop
  endfacet
  facet normal 0 0 -1
    outer loop
      vertex 15.092 7.46243 -6.6
      vertex 15.3259 12.2223 -6.6
      vertex 15.3259 7.77772 -6.6
    endloop
  endfacet
  facet normal 0 0 -1
    outer loop
      vertex 15.092 7.46243 -6.6
      vertex 15.092 12.5376 -6.6
      vertex 15.3259 12.2223 -6.6
    endloop
  endfacet
  facet normal 0 0 -1
    outer loop
      vertex 14.8284 7.17157 -6.6
      vertex 15.092 12.5376 -6.6
      vertex 15.092 7.46243 -6.6
    endloop
  endfacet
  facet normal 0 0 -1
    outer loop
      vertex 14.8284 7.17157 -6.6
      vertex 14.8284 12.8284 -6.6
      vertex 15.092 12.5376 -6.6
    endloop
  endfacet
  facet normal 0 0 -1
    outer loop
      vertex 14.5376 6.90796 -6.6
      vertex 14.8284 12.8284 -6.6
      vertex 14.8284 7.17157 -6.6
    endloop
  endfacet
  facet normal 0 0 -1
    outer loop
      vertex 14.5376 6.90796 -6.6
      vertex 14.5376 13.092 -6.6
      vertex 14.8284 12.8284 -6.6
    endloop
  endfacet
  facet normal 0 0 -1
    outer loop
      vertex 14.2223 6.67412 -6.6
      vertex 14.5376 13.092 -6.6
      vertex 14.5376 6.90796 -6.6
    endloop
  endfacet
  facet normal 0 0 -1
    outer loop
      vertex 14.2223 6.67412 -6.6
      vertex 14.2223 13.3259 -6.6
      vertex 14.5376 13.092 -6.6
    endloop
  endfacet
  facet normal 0 0 -1
    outer loop
      vertex 13.8856 6.47231 -6.6
      vertex 14.2223 13.3259 -6.6
      vertex 14.2223 6.67412 -6.6
    endloop
  endfacet
  facet normal 0 0 -1
    outer loop
      vertex 13.8856 6.47231 -6.6
      vertex 13.8856 13.5277 -6.6
      vertex 14.2223 13.3259 -6.6
    endloop
  endfacet
  facet normal 0 0 -1
    outer loop
      vertex 13.5307 6.30448 -6.6
      vertex 13.8856 13.5277 -6.6
      vertex 13.8856 6.47231 -6.6
    endloop
  endfacet
  facet normal 0 0 -1
    outer loop
      vertex 13.5307 6.30448 -6.6
      vertex 13.5307 13.6955 -6.6
      vertex 13.8856 13.5277 -6.6
    endloop
  endfacet
  facet normal 0 0 -1
    outer loop
      vertex 13.1611 6.17224 -6.6
      vertex 13.5307 13.6955 -6.6
      vertex 13.5307 6.30448 -6.6
    endloop
  endfacet
  facet normal 0 0 -1
    outer loop
      vertex 13.1611 6.17224 -6.6
      vertex 13.1611 13.8278 -6.6
      vertex 13.5307 13.6955 -6.6
    endloop
  endfacet
  facet normal 0 0 -1
    outer loop
      vertex 12.7804 6.07686 -6.6
      vertex 13.1611 13.8278 -6.6
      vertex 13.1611 6.17224 -6.6
    endloop
  endfacet
  facet normal 0 0 -1
    outer loop
      vertex 12.7804 6.07686 -6.6
      vertex 12.7804 13.9231 -6.6
      vertex 13.1611 13.8278 -6.6
    endloop
  endfacet
  facet normal 0 0 -1
    outer loop
      vertex 12.3921 6.01926 -6.6
      vertex 12.7804 13.9231 -6.6
      vertex 12.7804 6.07686 -6.6
    endloop
  endfacet
  facet normal 0 0 -1
    outer loop
      vertex 12.3921 6.01926 -6.6
      vertex 12.3921 13.9807 -6.6
      vertex 12.7804 13.9231 -6.6
    endloop
  endfacet
  facet normal 0 0 -1
    outer loop
      vertex 12 6 -6.6
      vertex 12.3921 13.9807 -6.6
      vertex 12.3921 6.01926 -6.6
    endloop
  endfacet
  facet normal 0 0 -1
    outer loop
      vertex 12 6 -6.6
      vertex 12 14 -6.6
      vertex 12.3921 13.9807 -6.6
    endloop
  endfacet
  facet normal 0 0 -1
    outer loop
      vertex 11.6079 6.01926 -6.6
      vertex 12 14 -6.6
      vertex 12 6 -6.6
    endloop
  endfacet
  facet normal 0 0 -1
    outer loop
      vertex 11.6079 6.01926 -6.6
      vertex 11.6079 13.9807 -6.6
      vertex 12 14 -6.6
    endloop
  endfacet
  facet normal 0 0 -1
    outer loop
      vertex 11.2196 6.07686 -6.6
      vertex 11.6079 13.9807 -6.6
      vertex 11.6079 6.01926 -6.6
    endloop
  endfacet
  facet normal 0 0 -1
    outer loop
      vertex 11.2196 6.07686 -6.6
      vertex 11.2196 13.9231 -6.6
      vertex 11.6079 13.9807 -6.6
    endloop
  endfacet
  facet normal 0 0 -1
    outer loop
      vertex 10.8389 6.17224 -6.6
      vertex 11.2196 13.9231 -6.6
      vertex 11.2196 6.07686 -6.6
    endloop
  endfacet
  facet normal 0 0 -1
    outer loop
      vertex 10.8389 6.17224 -6.6
      vertex 10.8389 13.8278 -6.6
      vertex 11.2196 13.9231 -6.6
    endloop
  endfacet
  facet normal 0 0 -1
    outer loop
      vertex 10.4693 6.30448 -6.6
      vertex 10.8389 13.8278 -6.6
      vertex 10.8389 6.17224 -6.6
    endloop
  endfacet
  facet normal 0 0 -1
    outer loop
      vertex 10.4693 6.30448 -6.6
      vertex 10.4693 13.6955 -6.6
      vertex 10.8389 13.8278 -6.6
    endloop
  endfacet
  facet normal 0 0 -1
    outer loop
      vertex 10.1144 6.47231 -6.6
      vertex 10.4693 13.6955 -6.6
      vertex 10.4693 6.30448 -6.6
    endloop
  endfacet
  facet normal 0 0 -1
    outer loop
      vertex 10.1144 6.47231 -6.6
      vertex 10.1144 13.5277 -6.6
      vertex 10.4693 13.6955 -6.6
    endloop
  endfacet
  facet normal 0 0 -1
    outer loop
      vertex 9.77772 6.67412 -6.6
      vertex 10.1144 13.5277 -6.6
      vertex 10.1144 6.47231 -6.6
    endloop
  endfacet
  facet normal 0 0 -1
    outer loop
      vertex 9.77772 6.67412 -6.6
      vertex 9.77772 13.3259 -6.6
      vertex 10.1144 13.5277 -6.6
    endloop
  endfacet
  facet normal 0 0 -1
    outer loop
      vertex 9.46243 6.90796 -6.6
      vertex 9.77772 13.3259 -6.6
      vertex 9.77772 6.67412 -6.6
    endloop
  endfacet
  facet normal 0 0 -1
    outer loop
      vertex 9.46243 6.90796 -6.6
      vertex 9.46243 13.092 -6.6
      vertex 9.77772 13.3259 -6.6
    endloop
  endfacet
  facet normal 0 0 -1
    outer loop
      vertex 9.17157 7.17157 -6.6
      vertex 9.46243 13.092 -6.6
      vertex 9.46243 6.90796 -6.6
    endloop
  endfacet
  facet normal 0 0 -1
    outer loop
      vertex 9.17157 7.17157 -6.6
      vertex 9.17157 12.8284 -6.6
      vertex 9.46243 13.092 -6.6
    endloop
  endfacet
  facet normal 0 0 -1
    outer loop
      vertex 8.90796 7.46243 -6.6
      vertex 9.17157 12.8284 -6.6
      vertex 9.17157 7.17157 -6.6
    endloop
  endfacet
  facet normal 0 0 -1
    outer loop
      vertex 8.90796 7.46243 -6.6
      vertex 8.90796 12.5376 -6.6
      vertex 9.17157 12.8284 -6.6
    endloop
  endfacet
  facet normal 0 0 -1
    outer loop
      vertex 8.67412 7.77772 -6.6
      vertex 8.90796 12.5376 -6.6
      vertex 8.90796 7.46243 -6.6
    endloop
  endfacet
  facet normal 0 0 -1
    outer loop
      vertex 8.67412 7.77772 -6.6
      vertex 8.67412 12.2223 -6.6
      vertex 8.90796 12.5376 -6.6
    endloop
  endfacet
  facet normal 0 0 -1
    outer loop
      vertex 8.47231 8.11441 -6.6
      vertex 8.67412 12.2223 -6.6
      vertex 8.67412 7.77772 -6.6
    endloop
  endfacet
  facet normal 0 0 -1
    outer loop
      vertex 8.47231 8.11441 -6.6
      vertex 8.47231 11.8856 -6.6
      vertex 8.67412 12.2223 -6.6
    endloop
  endfacet
  facet normal 0 0 -1
    outer loop
      vertex 8.30448 8.46927 -6.6
      vertex 8.47231 11.8856 -6.6
      vertex 8.47231 8.11441 -6.6
    endloop
  endfacet
  facet normal 0 0 -1
    outer loop
      vertex 8.30448 8.46927 -6.6
      vertex 8.30448 11.5307 -6.6
      vertex 8.47231 11.8856 -6.6
    endloop
  endfacet
  facet normal 0 0 -1
    outer loop
      vertex 8.17224 8.83886 -6.6
      vertex 8.30448 11.5307 -6.6
      vertex 8.30448 8.46927 -6.6
    endloop
  endfacet
  facet normal 0 0 -1
    outer loop
      vertex 8.17224 8.83886 -6.6
      vertex 8.17224 11.1611 -6.6
      vertex 8.30448 11.5307 -6.6
    endloop
  endfacet
  facet normal 0 0 -1
    outer loop
      vertex 8.07686 9.21964 -6.6
      vertex 8.17224 11.1611 -6.6
      vertex 8.17224 8.83886 -6.6
    endloop
  endfacet
  facet normal 0 0 -1
    outer loop
      vertex 8.07686 9.21964 -6.6
      vertex 8.07686 10.7804 -6.6
      vertex 8.17224 11.1611 -6.6
    endloop
  endfacet
  facet normal 0 0 -1
    outer loop
      vertex 8.01926 9.60793 -6.6
      vertex 8.07686 10.7804 -6.6
      vertex 8.07686 9.21964 -6.6
    endloop
  endfacet
  facet normal 0 0 -1
    outer loop
      vertex 8.01926 9.60793 -6.6
      vertex 8.01926 10.3921 -6.6
      vertex 8.07686 10.7804 -6.6
    endloop
  endfacet
  facet normal 0 -0 -1
    outer loop
      vertex 8.01926 10.3921 -6.6
      vertex 8.01926 9.60793 -6.6
      vertex 8 10 -6.6
    endloop
  endfacet
  facet normal 0.998796 -0.049061 0
    outer loop
      vertex 8 10 -6.6
      vertex 8.01926 10.3921 -7.6
      vertex 8.01926 10.3921 -6.6
    endloop
  endfacet
  facet normal 0.998796 -0.049061 0
    outer loop
      vertex 8.01926 10.3921 -7.6
      vertex 8 10 -6.6
      vertex 8 10 -7.6
    endloop
  endfacet
  facet normal -0.989176 0.146737 0
    outer loop
      vertex 15.9231 9.21964 -7.6
      vertex 15.9807 9.60793 -6.6
      vertex 15.9807 9.60793 -7.6
    endloop
  endfacet
  facet normal -0.989176 0.146737 0
    outer loop
      vertex 15.9807 9.60793 -6.6
      vertex 15.9231 9.21964 -7.6
      vertex 15.9231 9.21964 -6.6
    endloop
  endfacet
  facet normal -0.427503 0.904014 0
    outer loop
      vertex 13.8856 6.47231 -7.6
      vertex 13.5307 6.30448 -6.6
      vertex 13.8856 6.47231 -6.6
    endloop
  endfacet
  facet normal -0.427503 0.904014 0
    outer loop
      vertex 13.5307 6.30448 -6.6
      vertex 13.8856 6.47231 -7.6
      vertex 13.5307 6.30448 -7.6
    endloop
  endfacet
  facet normal -0.740977 0.671531 0
    outer loop
      vertex 14.8284 7.17157 -7.6
      vertex 15.092 7.46243 -6.6
      vertex 15.092 7.46243 -7.6
    endloop
  endfacet
  facet normal -0.740977 0.671531 0
    outer loop
      vertex 15.092 7.46243 -6.6
      vertex 14.8284 7.17157 -7.6
      vertex 14.8284 7.17157 -6.6
    endloop
  endfacet
  facet normal -0.595695 0.80321 0
    outer loop
      vertex 14.5376 6.90796 -7.6
      vertex 14.2223 6.67412 -6.6
      vertex 14.5376 6.90796 -6.6
    endloop
  endfacet
  facet normal -0.595695 0.80321 0
    outer loop
      vertex 14.2223 6.67412 -6.6
      vertex 14.5376 6.90796 -7.6
      vertex 14.2223 6.67412 -7.6
    endloop
  endfacet
  facet normal -0.857733 0.514095 0
    outer loop
      vertex 15.3259 7.77772 -7.6
      vertex 15.5277 8.11441 -6.6
      vertex 15.5277 8.11441 -7.6
    endloop
  endfacet
  facet normal -0.857733 0.514095 0
    outer loop
      vertex 15.5277 8.11441 -6.6
      vertex 15.3259 7.77772 -7.6
      vertex 15.3259 7.77772 -6.6
    endloop
  endfacet
  facet normal 0.146733 0.989176 -0
    outer loop
      vertex 11.6079 6.01926 -7.6
      vertex 11.2196 6.07686 -6.6
      vertex 11.6079 6.01926 -6.6
    endloop
  endfacet
  facet normal 0.146733 0.989176 0
    outer loop
      vertex 11.2196 6.07686 -6.6
      vertex 11.6079 6.01926 -7.6
      vertex 11.2196 6.07686 -7.6
    endloop
  endfacet
  facet normal 0.514125 0.857715 -0
    outer loop
      vertex 10.1144 6.47231 -7.6
      vertex 9.77772 6.67412 -6.6
      vertex 10.1144 6.47231 -6.6
    endloop
  endfacet
  facet normal 0.514125 0.857715 0
    outer loop
      vertex 9.77772 6.67412 -6.6
      vertex 10.1144 6.47231 -7.6
      vertex 9.77772 6.67412 -7.6
    endloop
  endfacet
  facet normal 0.970032 0.242979 0
    outer loop
      vertex 8.17224 8.83886 -6.6
      vertex 8.07686 9.21964 -7.6
      vertex 8.07686 9.21964 -6.6
    endloop
  endfacet
  facet normal 0.970032 0.242979 0
    outer loop
      vertex 8.07686 9.21964 -7.6
      vertex 8.17224 8.83886 -6.6
      vertex 8.17224 8.83886 -7.6
    endloop
  endfacet
  facet normal 0.803201 0.595708 0
    outer loop
      vertex 8.90796 7.46243 -6.6
      vertex 8.67412 7.77772 -7.6
      vertex 8.67412 7.77772 -6.6
    endloop
  endfacet
  facet normal 0.803201 0.595708 0
    outer loop
      vertex 8.67412 7.77772 -7.6
      vertex 8.90796 7.46243 -6.6
      vertex 8.90796 7.46243 -7.6
    endloop
  endfacet
  facet normal 0.671545 0.740964 -0
    outer loop
      vertex 9.46243 6.90796 -7.6
      vertex 9.17157 7.17157 -6.6
      vertex 9.46243 6.90796 -6.6
    endloop
  endfacet
  facet normal 0.671545 0.740964 0
    outer loop
      vertex 9.17157 7.17157 -6.6
      vertex 9.46243 6.90796 -7.6
      vertex 9.17157 7.17157 -7.6
    endloop
  endfacet
  facet normal -0.595794 -0.803137 0
    outer loop
      vertex 60.2223 13.3259 -7.6
      vertex 60.5376 13.092 -6.6
      vertex 60.2223 13.3259 -6.6
    endloop
  endfacet
  facet normal -0.595794 -0.803137 -0
    outer loop
      vertex 60.5376 13.092 -6.6
      vertex 60.2223 13.3259 -7.6
      vertex 60.5376 13.092 -7.6
    endloop
  endfacet
  facet normal 0.42744 -0.904044 0
    outer loop
      vertex 56.1144 13.5277 -7.6
      vertex 56.4693 13.6955 -6.6
      vertex 56.1144 13.5277 -6.6
    endloop
  endfacet
  facet normal 0.42744 -0.904044 0
    outer loop
      vertex 56.4693 13.6955 -6.6
      vertex 56.1144 13.5277 -7.6
      vertex 56.4693 13.6955 -7.6
    endloop
  endfacet
  facet normal 0.9415 -0.337014 0
    outer loop
      vertex 54.1722 11.1611 -6.6
      vertex 54.3045 11.5307 -7.6
      vertex 54.3045 11.5307 -6.6
    endloop
  endfacet
  facet normal 0.9415 -0.337014 0
    outer loop
      vertex 54.3045 11.5307 -7.6
      vertex 54.1722 11.1611 -6.6
      vertex 54.1722 11.1611 -7.6
    endloop
  endfacet
  facet normal 0.336879 0.941548 -0
    outer loop
      vertex 56.8389 6.17224 -7.6
      vertex 56.4693 6.30448 -6.6
      vertex 56.8389 6.17224 -6.6
    endloop
  endfacet
  facet normal 0.336879 0.941548 0
    outer loop
      vertex 56.4693 6.30448 -6.6
      vertex 56.8389 6.17224 -7.6
      vertex 56.4693 6.30448 -7.6
    endloop
  endfacet
  facet normal -0.904044 -0.42744 0
    outer loop
      vertex 61.6955 11.5307 -7.6
      vertex 61.5277 11.8856 -6.6
      vertex 61.5277 11.8856 -7.6
    endloop
  endfacet
  facet normal -0.904044 -0.42744 0
    outer loop
      vertex 61.5277 11.8856 -6.6
      vertex 61.6955 11.5307 -7.6
      vertex 61.6955 11.5307 -6.6
    endloop
  endfacet
  facet normal -0.85774 -0.514084 0
    outer loop
      vertex 61.5277 11.8856 -7.6
      vertex 61.3259 12.2223 -6.6
      vertex 61.3259 12.2223 -7.6
    endloop
  endfacet
  facet normal -0.85774 -0.514084 0
    outer loop
      vertex 61.3259 12.2223 -6.6
      vertex 61.5277 11.8856 -7.6
      vertex 61.5277 11.8856 -6.6
    endloop
  endfacet
  facet normal -0.337014 -0.9415 0
    outer loop
      vertex 59.1611 13.8278 -7.6
      vertex 59.5307 13.6955 -6.6
      vertex 59.1611 13.8278 -6.6
    endloop
  endfacet
  facet normal -0.337014 -0.9415 -0
    outer loop
      vertex 59.5307 13.6955 -6.6
      vertex 59.1611 13.8278 -7.6
      vertex 59.5307 13.6955 -7.6
    endloop
  endfacet
  facet normal -0.0491626 -0.998791 0
    outer loop
      vertex 58 14 -7.6
      vertex 58.3921 13.9807 -6.6
      vertex 58 14 -6.6
    endloop
  endfacet
  facet normal -0.0491626 -0.998791 -0
    outer loop
      vertex 58.3921 13.9807 -6.6
      vertex 58 14 -7.6
      vertex 58.3921 13.9807 -7.6
    endloop
  endfacet
  facet normal 0.998791 -0.0491626 0
    outer loop
      vertex 54 10 -6.6
      vertex 54.0193 10.3921 -7.6
      vertex 54.0193 10.3921 -6.6
    endloop
  endfacet
  facet normal 0.998791 -0.0491626 0
    outer loop
      vertex 54.0193 10.3921 -7.6
      vertex 54 10 -6.6
      vertex 54 10 -7.6
    endloop
  endfacet
  facet normal 0.803137 -0.595794 0
    outer loop
      vertex 54.6741 12.2223 -6.6
      vertex 54.908 12.5376 -7.6
      vertex 54.908 12.5376 -6.6
    endloop
  endfacet
  facet normal 0.803137 -0.595794 0
    outer loop
      vertex 54.908 12.5376 -7.6
      vertex 54.6741 12.2223 -6.6
      vertex 54.6741 12.2223 -7.6
    endloop
  endfacet
  facet normal 0.242835 -0.970068 0
    outer loop
      vertex 56.8389 13.8278 -7.6
      vertex 57.2196 13.9231 -6.6
      vertex 56.8389 13.8278 -6.6
    endloop
  endfacet
  facet normal 0.242835 -0.970068 0
    outer loop
      vertex 57.2196 13.9231 -6.6
      vertex 56.8389 13.8278 -7.6
      vertex 57.2196 13.9231 -7.6
    endloop
  endfacet
  facet normal -0.998791 0.0491664 0
    outer loop
      vertex 61.9807 9.60793 -7.6
      vertex 62 10 -6.6
      vertex 62 10 -7.6
    endloop
  endfacet
  facet normal -0.998791 0.0491664 0
    outer loop
      vertex 62 10 -6.6
      vertex 61.9807 9.60793 -7.6
      vertex 61.9807 9.60793 -6.6
    endloop
  endfacet
  facet normal -0.803128 0.595806 0
    outer loop
      vertex 61.092 7.46243 -7.6
      vertex 61.3259 7.77772 -6.6
      vertex 61.3259 7.77772 -7.6
    endloop
  endfacet
  facet normal -0.803128 0.595806 0
    outer loop
      vertex 61.3259 7.77772 -6.6
      vertex 61.092 7.46243 -7.6
      vertex 61.092 7.46243 -6.6
    endloop
  endfacet
  facet normal 0.049061 0.998796 -0
    outer loop
      vertex 58 6 -7.6
      vertex 57.6079 6.01926 -6.6
      vertex 58 6 -6.6
    endloop
  endfacet
  facet normal 0.049061 0.998796 0
    outer loop
      vertex 57.6079 6.01926 -6.6
      vertex 58 6 -7.6
      vertex 57.6079 6.01926 -7.6
    endloop
  endfacet
  facet normal 0.595695 0.80321 -0
    outer loop
      vertex 55.7777 6.67412 -7.6
      vertex 55.4624 6.90796 -6.6
      vertex 55.7777 6.67412 -6.6
    endloop
  endfacet
  facet normal 0.595695 0.80321 0
    outer loop
      vertex 55.4624 6.90796 -6.6
      vertex 55.7777 6.67412 -7.6
      vertex 55.4624 6.90796 -7.6
    endloop
  endfacet
  facet normal 0.904025 0.42748 0
    outer loop
      vertex 54.4723 8.11441 -6.6
      vertex 54.3045 8.46927 -7.6
      vertex 54.3045 8.46927 -6.6
    endloop
  endfacet
  facet normal 0.904025 0.42748 0
    outer loop
      vertex 54.3045 8.46927 -7.6
      vertex 54.4723 8.11441 -6.6
      vertex 54.4723 8.11441 -7.6
    endloop
  endfacet
  facet normal -0.989176 -0.146733 0
    outer loop
      vertex 61.9807 10.3921 -7.6
      vertex 61.9231 10.7804 -6.6
      vertex 61.9231 10.7804 -7.6
    endloop
  endfacet
  facet normal -0.989176 -0.146733 0
    outer loop
      vertex 61.9231 10.7804 -6.6
      vertex 61.9807 10.3921 -7.6
      vertex 61.9807 10.3921 -6.6
    endloop
  endfacet
  facet normal -0.970068 -0.242835 0
    outer loop
      vertex 61.9231 10.7804 -7.6
      vertex 61.8278 11.1611 -6.6
      vertex 61.8278 11.1611 -7.6
    endloop
  endfacet
  facet normal -0.970068 -0.242835 0
    outer loop
      vertex 61.8278 11.1611 -6.6
      vertex 61.9231 10.7804 -7.6
      vertex 61.9231 10.7804 -6.6
    endloop
  endfacet
  facet normal -0.9415 -0.337014 0
    outer loop
      vertex 61.8278 11.1611 -7.6
      vertex 61.6955 11.5307 -6.6
      vertex 61.6955 11.5307 -7.6
    endloop
  endfacet
  facet normal -0.9415 -0.337014 0
    outer loop
      vertex 61.6955 11.5307 -6.6
      vertex 61.8278 11.1611 -7.6
      vertex 61.8278 11.1611 -6.6
    endloop
  endfacet
  facet normal -0.740908 -0.671607 0
    outer loop
      vertex 61.092 12.5376 -7.6
      vertex 60.8284 12.8284 -6.6
      vertex 60.8284 12.8284 -7.6
    endloop
  endfacet
  facet normal -0.740908 -0.671607 0
    outer loop
      vertex 60.8284 12.8284 -6.6
      vertex 61.092 12.5376 -7.6
      vertex 61.092 12.5376 -6.6
    endloop
  endfacet
  facet normal -0.803137 -0.595794 0
    outer loop
      vertex 61.3259 12.2223 -7.6
      vertex 61.092 12.5376 -6.6
      vertex 61.092 12.5376 -7.6
    endloop
  endfacet
  facet normal -0.803137 -0.595794 0
    outer loop
      vertex 61.092 12.5376 -6.6
      vertex 61.3259 12.2223 -7.6
      vertex 61.3259 12.2223 -6.6
    endloop
  endfacet
  facet normal -0.671607 -0.740908 0
    outer loop
      vertex 60.5376 13.092 -7.6
      vertex 60.8284 12.8284 -6.6
      vertex 60.5376 13.092 -6.6
    endloop
  endfacet
  facet normal -0.671607 -0.740908 -0
    outer loop
      vertex 60.8284 12.8284 -6.6
      vertex 60.5376 13.092 -7.6
      vertex 60.8284 12.8284 -7.6
    endloop
  endfacet
  facet normal -0.514084 -0.85774 0
    outer loop
      vertex 59.8856 13.5277 -7.6
      vertex 60.2223 13.3259 -6.6
      vertex 59.8856 13.5277 -6.6
    endloop
  endfacet
  facet normal -0.514084 -0.85774 -0
    outer loop
      vertex 60.2223 13.3259 -6.6
      vertex 59.8856 13.5277 -7.6
      vertex 60.2223 13.3259 -7.6
    endloop
  endfacet
  facet normal 0.0491626 -0.998791 0
    outer loop
      vertex 57.6079 13.9807 -7.6
      vertex 58 14 -6.6
      vertex 57.6079 13.9807 -6.6
    endloop
  endfacet
  facet normal 0.0491626 -0.998791 0
    outer loop
      vertex 58 14 -6.6
      vertex 57.6079 13.9807 -7.6
      vertex 58 14 -7.6
    endloop
  endfacet
  facet normal -0.42744 -0.904044 0
    outer loop
      vertex 59.5307 13.6955 -7.6
      vertex 59.8856 13.5277 -6.6
      vertex 59.5307 13.6955 -6.6
    endloop
  endfacet
  facet normal -0.42744 -0.904044 -0
    outer loop
      vertex 59.8856 13.5277 -6.6
      vertex 59.5307 13.6955 -7.6
      vertex 59.8856 13.5277 -7.6
    endloop
  endfacet
  facet normal -0.242835 -0.970068 0
    outer loop
      vertex 58.7804 13.9231 -7.6
      vertex 59.1611 13.8278 -6.6
      vertex 58.7804 13.9231 -6.6
    endloop
  endfacet
  facet normal -0.242835 -0.970068 -0
    outer loop
      vertex 59.1611 13.8278 -6.6
      vertex 58.7804 13.9231 -7.6
      vertex 59.1611 13.8278 -7.6
    endloop
  endfacet
  facet normal -0.146733 -0.989176 0
    outer loop
      vertex 58.3921 13.9807 -7.6
      vertex 58.7804 13.9231 -6.6
      vertex 58.3921 13.9807 -6.6
    endloop
  endfacet
  facet normal -0.146733 -0.989176 -0
    outer loop
      vertex 58.7804 13.9231 -6.6
      vertex 58.3921 13.9807 -7.6
      vertex 58.7804 13.9231 -7.6
    endloop
  endfacet
  facet normal 0 0 -1
    outer loop
      vertex 61.9807 9.60793 -6.6
      vertex 61.9807 10.3921 -6.6
      vertex 62 10 -6.6
    endloop
  endfacet
  facet normal 0 0 -1
    outer loop
      vertex 61.9231 9.21964 -6.6
      vertex 61.9807 10.3921 -6.6
      vertex 61.9807 9.60793 -6.6
    endloop
  endfacet
  facet normal 0 0 -1
    outer loop
      vertex 61.9231 9.21964 -6.6
      vertex 61.9231 10.7804 -6.6
      vertex 61.9807 10.3921 -6.6
    endloop
  endfacet
  facet normal 0 0 -1
    outer loop
      vertex 61.8278 8.83886 -6.6
      vertex 61.9231 10.7804 -6.6
      vertex 61.9231 9.21964 -6.6
    endloop
  endfacet
  facet normal 0 0 -1
    outer loop
      vertex 61.8278 8.83886 -6.6
      vertex 61.8278 11.1611 -6.6
      vertex 61.9231 10.7804 -6.6
    endloop
  endfacet
  facet normal 0 0 -1
    outer loop
      vertex 61.6955 8.46927 -6.6
      vertex 61.8278 11.1611 -6.6
      vertex 61.8278 8.83886 -6.6
    endloop
  endfacet
  facet normal 0 0 -1
    outer loop
      vertex 61.6955 8.46927 -6.6
      vertex 61.6955 11.5307 -6.6
      vertex 61.8278 11.1611 -6.6
    endloop
  endfacet
  facet normal 0 0 -1
    outer loop
      vertex 61.5277 8.11441 -6.6
      vertex 61.6955 11.5307 -6.6
      vertex 61.6955 8.46927 -6.6
    endloop
  endfacet
  facet normal 0 0 -1
    outer loop
      vertex 61.5277 8.11441 -6.6
      vertex 61.5277 11.8856 -6.6
      vertex 61.6955 11.5307 -6.6
    endloop
  endfacet
  facet normal 0 0 -1
    outer loop
      vertex 61.3259 7.77772 -6.6
      vertex 61.5277 11.8856 -6.6
      vertex 61.5277 8.11441 -6.6
    endloop
  endfacet
  facet normal 0 0 -1
    outer loop
      vertex 61.3259 7.77772 -6.6
      vertex 61.3259 12.2223 -6.6
      vertex 61.5277 11.8856 -6.6
    endloop
  endfacet
  facet normal 0 0 -1
    outer loop
      vertex 61.092 7.46243 -6.6
      vertex 61.3259 12.2223 -6.6
      vertex 61.3259 7.77772 -6.6
    endloop
  endfacet
  facet normal 0 0 -1
    outer loop
      vertex 61.092 7.46243 -6.6
      vertex 61.092 12.5376 -6.6
      vertex 61.3259 12.2223 -6.6
    endloop
  endfacet
  facet normal 0 0 -1
    outer loop
      vertex 60.8284 7.17157 -6.6
      vertex 61.092 12.5376 -6.6
      vertex 61.092 7.46243 -6.6
    endloop
  endfacet
  facet normal 0 0 -1
    outer loop
      vertex 60.8284 7.17157 -6.6
      vertex 60.8284 12.8284 -6.6
      vertex 61.092 12.5376 -6.6
    endloop
  endfacet
  facet normal 0 0 -1
    outer loop
      vertex 60.5376 6.90796 -6.6
      vertex 60.8284 12.8284 -6.6
      vertex 60.8284 7.17157 -6.6
    endloop
  endfacet
  facet normal 0 0 -1
    outer loop
      vertex 60.5376 6.90796 -6.6
      vertex 60.5376 13.092 -6.6
      vertex 60.8284 12.8284 -6.6
    endloop
  endfacet
  facet normal 0 0 -1
    outer loop
      vertex 60.2223 6.67412 -6.6
      vertex 60.5376 13.092 -6.6
      vertex 60.5376 6.90796 -6.6
    endloop
  endfacet
  facet normal 0 0 -1
    outer loop
      vertex 60.2223 6.67412 -6.6
      vertex 60.2223 13.3259 -6.6
      vertex 60.5376 13.092 -6.6
    endloop
  endfacet
  facet normal 0 0 -1
    outer loop
      vertex 59.8856 6.47231 -6.6
      vertex 60.2223 13.3259 -6.6
      vertex 60.2223 6.67412 -6.6
    endloop
  endfacet
  facet normal 0 0 -1
    outer loop
      vertex 59.8856 6.47231 -6.6
      vertex 59.8856 13.5277 -6.6
      vertex 60.2223 13.3259 -6.6
    endloop
  endfacet
  facet normal 0 0 -1
    outer loop
      vertex 59.5307 6.30448 -6.6
      vertex 59.8856 13.5277 -6.6
      vertex 59.8856 6.47231 -6.6
    endloop
  endfacet
  facet normal 0 0 -1
    outer loop
      vertex 59.5307 6.30448 -6.6
      vertex 59.5307 13.6955 -6.6
      vertex 59.8856 13.5277 -6.6
    endloop
  endfacet
  facet normal 0 0 -1
    outer loop
      vertex 59.1611 6.17224 -6.6
      vertex 59.5307 13.6955 -6.6
      vertex 59.5307 6.30448 -6.6
    endloop
  endfacet
  facet normal 0 0 -1
    outer loop
      vertex 59.1611 6.17224 -6.6
      vertex 59.1611 13.8278 -6.6
      vertex 59.5307 13.6955 -6.6
    endloop
  endfacet
  facet normal 0 0 -1
    outer loop
      vertex 58.7804 6.07686 -6.6
      vertex 59.1611 13.8278 -6.6
      vertex 59.1611 6.17224 -6.6
    endloop
  endfacet
  facet normal 0 0 -1
    outer loop
      vertex 58.7804 6.07686 -6.6
      vertex 58.7804 13.9231 -6.6
      vertex 59.1611 13.8278 -6.6
    endloop
  endfacet
  facet normal 0 0 -1
    outer loop
      vertex 58.3921 6.01926 -6.6
      vertex 58.7804 13.9231 -6.6
      vertex 58.7804 6.07686 -6.6
    endloop
  endfacet
  facet normal 0 0 -1
    outer loop
      vertex 58.3921 6.01926 -6.6
      vertex 58.3921 13.9807 -6.6
      vertex 58.7804 13.9231 -6.6
    endloop
  endfacet
  facet normal 0 0 -1
    outer loop
      vertex 58 6 -6.6
      vertex 58.3921 13.9807 -6.6
      vertex 58.3921 6.01926 -6.6
    endloop
  endfacet
  facet normal 0 0 -1
    outer loop
      vertex 58 6 -6.6
      vertex 58 14 -6.6
      vertex 58.3921 13.9807 -6.6
    endloop
  endfacet
  facet normal 0 0 -1
    outer loop
      vertex 57.6079 6.01926 -6.6
      vertex 58 14 -6.6
      vertex 58 6 -6.6
    endloop
  endfacet
  facet normal 0 0 -1
    outer loop
      vertex 57.6079 6.01926 -6.6
      vertex 57.6079 13.9807 -6.6
      vertex 58 14 -6.6
    endloop
  endfacet
  facet normal 0 0 -1
    outer loop
      vertex 57.2196 6.07686 -6.6
      vertex 57.6079 13.9807 -6.6
      vertex 57.6079 6.01926 -6.6
    endloop
  endfacet
  facet normal 0 0 -1
    outer loop
      vertex 57.2196 6.07686 -6.6
      vertex 57.2196 13.9231 -6.6
      vertex 57.6079 13.9807 -6.6
    endloop
  endfacet
  facet normal 0 0 -1
    outer loop
      vertex 56.8389 6.17224 -6.6
      vertex 57.2196 13.9231 -6.6
      vertex 57.2196 6.07686 -6.6
    endloop
  endfacet
  facet normal 0 0 -1
    outer loop
      vertex 56.8389 6.17224 -6.6
      vertex 56.8389 13.8278 -6.6
      vertex 57.2196 13.9231 -6.6
    endloop
  endfacet
  facet normal 0 0 -1
    outer loop
      vertex 56.4693 6.30448 -6.6
      vertex 56.8389 13.8278 -6.6
      vertex 56.8389 6.17224 -6.6
    endloop
  endfacet
  facet normal 0 0 -1
    outer loop
      vertex 56.4693 6.30448 -6.6
      vertex 56.4693 13.6955 -6.6
      vertex 56.8389 13.8278 -6.6
    endloop
  endfacet
  facet normal 0 0 -1
    outer loop
      vertex 56.1144 6.47231 -6.6
      vertex 56.4693 13.6955 -6.6
      vertex 56.4693 6.30448 -6.6
    endloop
  endfacet
  facet normal 0 0 -1
    outer loop
      vertex 56.1144 6.47231 -6.6
      vertex 56.1144 13.5277 -6.6
      vertex 56.4693 13.6955 -6.6
    endloop
  endfacet
  facet normal 0 0 -1
    outer loop
      vertex 55.7777 6.67412 -6.6
      vertex 56.1144 13.5277 -6.6
      vertex 56.1144 6.47231 -6.6
    endloop
  endfacet
  facet normal 0 0 -1
    outer loop
      vertex 55.7777 6.67412 -6.6
      vertex 55.7777 13.3259 -6.6
      vertex 56.1144 13.5277 -6.6
    endloop
  endfacet
  facet normal 0 0 -1
    outer loop
      vertex 55.4624 6.90796 -6.6
      vertex 55.7777 13.3259 -6.6
      vertex 55.7777 6.67412 -6.6
    endloop
  endfacet
  facet normal 0 0 -1
    outer loop
      vertex 55.4624 6.90796 -6.6
      vertex 55.4624 13.092 -6.6
      vertex 55.7777 13.3259 -6.6
    endloop
  endfacet
  facet normal 0 0 -1
    outer loop
      vertex 55.1716 7.17157 -6.6
      vertex 55.4624 13.092 -6.6
      vertex 55.4624 6.90796 -6.6
    endloop
  endfacet
  facet normal 0 0 -1
    outer loop
      vertex 55.1716 7.17157 -6.6
      vertex 55.1716 12.8284 -6.6
      vertex 55.4624 13.092 -6.6
    endloop
  endfacet
  facet normal 0 0 -1
    outer loop
      vertex 54.908 7.46243 -6.6
      vertex 55.1716 12.8284 -6.6
      vertex 55.1716 7.17157 -6.6
    endloop
  endfacet
  facet normal 0 0 -1
    outer loop
      vertex 54.908 7.46243 -6.6
      vertex 54.908 12.5376 -6.6
      vertex 55.1716 12.8284 -6.6
    endloop
  endfacet
  facet normal 0 0 -1
    outer loop
      vertex 54.6741 7.77772 -6.6
      vertex 54.908 12.5376 -6.6
      vertex 54.908 7.46243 -6.6
    endloop
  endfacet
  facet normal 0 0 -1
    outer loop
      vertex 54.6741 7.77772 -6.6
      vertex 54.6741 12.2223 -6.6
      vertex 54.908 12.5376 -6.6
    endloop
  endfacet
  facet normal 0 0 -1
    outer loop
      vertex 54.4723 8.11441 -6.6
      vertex 54.6741 12.2223 -6.6
      vertex 54.6741 7.77772 -6.6
    endloop
  endfacet
  facet normal 0 0 -1
    outer loop
      vertex 54.4723 8.11441 -6.6
      vertex 54.4723 11.8856 -6.6
      vertex 54.6741 12.2223 -6.6
    endloop
  endfacet
  facet normal 0 0 -1
    outer loop
      vertex 54.3045 8.46927 -6.6
      vertex 54.4723 11.8856 -6.6
      vertex 54.4723 8.11441 -6.6
    endloop
  endfacet
  facet normal 0 0 -1
    outer loop
      vertex 54.3045 8.46927 -6.6
      vertex 54.3045 11.5307 -6.6
      vertex 54.4723 11.8856 -6.6
    endloop
  endfacet
  facet normal 0 0 -1
    outer loop
      vertex 54.1722 8.83886 -6.6
      vertex 54.3045 11.5307 -6.6
      vertex 54.3045 8.46927 -6.6
    endloop
  endfacet
  facet normal 0 0 -1
    outer loop
      vertex 54.1722 8.83886 -6.6
      vertex 54.1722 11.1611 -6.6
      vertex 54.3045 11.5307 -6.6
    endloop
  endfacet
  facet normal 0 0 -1
    outer loop
      vertex 54.0769 9.21964 -6.6
      vertex 54.1722 11.1611 -6.6
      vertex 54.1722 8.83886 -6.6
    endloop
  endfacet
  facet normal 0 0 -1
    outer loop
      vertex 54.0769 9.21964 -6.6
      vertex 54.0769 10.7804 -6.6
      vertex 54.1722 11.1611 -6.6
    endloop
  endfacet
  facet normal 0 0 -1
    outer loop
      vertex 54.0193 9.60793 -6.6
      vertex 54.0769 10.7804 -6.6
      vertex 54.0769 9.21964 -6.6
    endloop
  endfacet
  facet normal 0 0 -1
    outer loop
      vertex 54.0193 9.60793 -6.6
      vertex 54.0193 10.3921 -6.6
      vertex 54.0769 10.7804 -6.6
    endloop
  endfacet
  facet normal 0 -0 -1
    outer loop
      vertex 54.0193 10.3921 -6.6
      vertex 54.0193 9.60793 -6.6
      vertex 54 10 -6.6
    endloop
  endfacet
  facet normal 0.970068 -0.242835 0
    outer loop
      vertex 54.0769 10.7804 -6.6
      vertex 54.1722 11.1611 -7.6
      vertex 54.1722 11.1611 -6.6
    endloop
  endfacet
  facet normal 0.970068 -0.242835 0
    outer loop
      vertex 54.1722 11.1611 -7.6
      vertex 54.0769 10.7804 -6.6
      vertex 54.0769 10.7804 -7.6
    endloop
  endfacet
  facet normal 0.989176 -0.146733 0
    outer loop
      vertex 54.0193 10.3921 -6.6
      vertex 54.0769 10.7804 -7.6
      vertex 54.0769 10.7804 -6.6
    endloop
  endfacet
  facet normal 0.989176 -0.146733 0
    outer loop
      vertex 54.0769 10.7804 -7.6
      vertex 54.0193 10.3921 -6.6
      vertex 54.0193 10.3921 -7.6
    endloop
  endfacet
  facet normal 0.904044 -0.42744 0
    outer loop
      vertex 54.3045 11.5307 -6.6
      vertex 54.4723 11.8856 -7.6
      vertex 54.4723 11.8856 -6.6
    endloop
  endfacet
  facet normal 0.904044 -0.42744 0
    outer loop
      vertex 54.4723 11.8856 -7.6
      vertex 54.3045 11.5307 -6.6
      vertex 54.3045 11.5307 -7.6
    endloop
  endfacet
  facet normal 0.85774 -0.514084 0
    outer loop
      vertex 54.4723 11.8856 -6.6
      vertex 54.6741 12.2223 -7.6
      vertex 54.6741 12.2223 -6.6
    endloop
  endfacet
  facet normal 0.85774 -0.514084 0
    outer loop
      vertex 54.6741 12.2223 -7.6
      vertex 54.4723 11.8856 -6.6
      vertex 54.4723 11.8856 -7.6
    endloop
  endfacet
  facet normal 0.337014 -0.9415 0
    outer loop
      vertex 56.4693 13.6955 -7.6
      vertex 56.8389 13.8278 -6.6
      vertex 56.4693 13.6955 -6.6
    endloop
  endfacet
  facet normal 0.337014 -0.9415 0
    outer loop
      vertex 56.8389 13.8278 -6.6
      vertex 56.4693 13.6955 -7.6
      vertex 56.8389 13.8278 -7.6
    endloop
  endfacet
  facet normal 0.146733 -0.989176 0
    outer loop
      vertex 57.2196 13.9231 -7.6
      vertex 57.6079 13.9807 -6.6
      vertex 57.2196 13.9231 -6.6
    endloop
  endfacet
  facet normal 0.146733 -0.989176 0
    outer loop
      vertex 57.6079 13.9807 -6.6
      vertex 57.2196 13.9231 -7.6
      vertex 57.6079 13.9807 -7.6
    endloop
  endfacet
  facet normal 0.595794 -0.803137 0
    outer loop
      vertex 55.4624 13.092 -7.6
      vertex 55.7777 13.3259 -6.6
      vertex 55.4624 13.092 -6.6
    endloop
  endfacet
  facet normal 0.595794 -0.803137 0
    outer loop
      vertex 55.7777 13.3259 -6.6
      vertex 55.4624 13.092 -7.6
      vertex 55.7777 13.3259 -7.6
    endloop
  endfacet
  facet normal 0.671607 -0.740908 0
    outer loop
      vertex 55.1716 12.8284 -7.6
      vertex 55.4624 13.092 -6.6
      vertex 55.1716 12.8284 -6.6
    endloop
  endfacet
  facet normal 0.671607 -0.740908 0
    outer loop
      vertex 55.4624 13.092 -6.6
      vertex 55.1716 12.8284 -7.6
      vertex 55.4624 13.092 -7.6
    endloop
  endfacet
  facet normal 0.514084 -0.85774 0
    outer loop
      vertex 55.7777 13.3259 -7.6
      vertex 56.1144 13.5277 -6.6
      vertex 55.7777 13.3259 -6.6
    endloop
  endfacet
  facet normal 0.514084 -0.85774 0
    outer loop
      vertex 56.1144 13.5277 -6.6
      vertex 55.7777 13.3259 -7.6
      vertex 56.1144 13.5277 -7.6
    endloop
  endfacet
  facet normal 0.740908 -0.671607 0
    outer loop
      vertex 54.908 12.5376 -6.6
      vertex 55.1716 12.8284 -7.6
      vertex 55.1716 12.8284 -6.6
    endloop
  endfacet
  facet normal 0.740908 -0.671607 0
    outer loop
      vertex 55.1716 12.8284 -7.6
      vertex 54.908 12.5376 -6.6
      vertex 54.908 12.5376 -7.6
    endloop
  endfacet
  facet normal -0.998791 -0.0491626 0
    outer loop
      vertex 62 10 -7.6
      vertex 61.9807 10.3921 -6.6
      vertex 61.9807 10.3921 -7.6
    endloop
  endfacet
  facet normal -0.998791 -0.0491626 0
    outer loop
      vertex 61.9807 10.3921 -6.6
      vertex 62 10 -7.6
      vertex 62 10 -6.6
    endloop
  endfacet
  facet normal -0.146733 0.989176 0
    outer loop
      vertex 58.7804 6.07686 -7.6
      vertex 58.3921 6.01926 -6.6
      vertex 58.7804 6.07686 -6.6
    endloop
  endfacet
  facet normal -0.146733 0.989176 0
    outer loop
      vertex 58.3921 6.01926 -6.6
      vertex 58.7804 6.07686 -7.6
      vertex 58.3921 6.01926 -7.6
    endloop
  endfacet
  facet normal -0.336879 0.941548 0
    outer loop
      vertex 59.5307 6.30448 -7.6
      vertex 59.1611 6.17224 -6.6
      vertex 59.5307 6.30448 -6.6
    endloop
  endfacet
  facet normal -0.336879 0.941548 0
    outer loop
      vertex 59.1611 6.17224 -6.6
      vertex 59.5307 6.30448 -7.6
      vertex 59.1611 6.17224 -7.6
    endloop
  endfacet
  facet normal -0.671621 0.740895 0
    outer loop
      vertex 60.8284 7.17157 -7.6
      vertex 60.5376 6.90796 -6.6
      vertex 60.8284 7.17157 -6.6
    endloop
  endfacet
  facet normal -0.671621 0.740895 0
    outer loop
      vertex 60.5376 6.90796 -6.6
      vertex 60.8284 7.17157 -7.6
      vertex 60.5376 6.90796 -7.6
    endloop
  endfacet
  facet normal -0.514102 0.857729 0
    outer loop
      vertex 60.2223 6.67412 -7.6
      vertex 59.8856 6.47231 -6.6
      vertex 60.2223 6.67412 -6.6
    endloop
  endfacet
  facet normal -0.514102 0.857729 0
    outer loop
      vertex 59.8856 6.47231 -6.6
      vertex 60.2223 6.67412 -7.6
      vertex 59.8856 6.47231 -7.6
    endloop
  endfacet
  facet normal -0.904025 0.42748 0
    outer loop
      vertex 61.5277 8.11441 -7.6
      vertex 61.6955 8.46927 -6.6
      vertex 61.6955 8.46927 -7.6
    endloop
  endfacet
  facet normal -0.904025 0.42748 0
    outer loop
      vertex 61.6955 8.46927 -6.6
      vertex 61.5277 8.11441 -7.6
      vertex 61.5277 8.11441 -6.6
    endloop
  endfacet
  facet normal -0.049061 0.998796 0
    outer loop
      vertex 58.3921 6.01926 -7.6
      vertex 58 6 -6.6
      vertex 58.3921 6.01926 -6.6
    endloop
  endfacet
  facet normal -0.049061 0.998796 0
    outer loop
      vertex 58 6 -6.6
      vertex 58.3921 6.01926 -7.6
      vertex 58 6 -7.6
    endloop
  endfacet
  facet normal 0.243027 0.970019 -0
    outer loop
      vertex 57.2196 6.07686 -7.6
      vertex 56.8389 6.17224 -6.6
      vertex 57.2196 6.07686 -6.6
    endloop
  endfacet
  facet normal 0.243027 0.970019 0
    outer loop
      vertex 56.8389 6.17224 -6.6
      vertex 57.2196 6.07686 -7.6
      vertex 56.8389 6.17224 -7.6
    endloop
  endfacet
  facet normal 0.427503 0.904014 -0
    outer loop
      vertex 56.4693 6.30448 -7.6
      vertex 56.1144 6.47231 -6.6
      vertex 56.4693 6.30448 -6.6
    endloop
  endfacet
  facet normal 0.427503 0.904014 0
    outer loop
      vertex 56.1144 6.47231 -6.6
      vertex 56.4693 6.30448 -7.6
      vertex 56.1144 6.47231 -7.6
    endloop
  endfacet
  facet normal 0.989176 0.146737 0
    outer loop
      vertex 54.0769 9.21964 -6.6
      vertex 54.0193 9.60793 -7.6
      vertex 54.0193 9.60793 -6.6
    endloop
  endfacet
  facet normal 0.989176 0.146737 0
    outer loop
      vertex 54.0193 9.60793 -7.6
      vertex 54.0769 9.21964 -6.6
      vertex 54.0769 9.21964 -7.6
    endloop
  endfacet
  facet normal 0.941497 0.337022 0
    outer loop
      vertex 54.3045 8.46927 -6.6
      vertex 54.1722 8.83886 -7.6
      vertex 54.1722 8.83886 -6.6
    endloop
  endfacet
  facet normal 0.941497 0.337022 0
    outer loop
      vertex 54.1722 8.83886 -7.6
      vertex 54.3045 8.46927 -6.6
      vertex 54.3045 8.46927 -7.6
    endloop
  endfacet
  facet normal 0.97008 0.242787 0
    outer loop
      vertex 54.1722 8.83886 -6.6
      vertex 54.0769 9.21964 -7.6
      vertex 54.0769 9.21964 -6.6
    endloop
  endfacet
  facet normal 0.97008 0.242787 0
    outer loop
      vertex 54.0769 9.21964 -7.6
      vertex 54.1722 8.83886 -6.6
      vertex 54.1722 8.83886 -7.6
    endloop
  endfacet
  facet normal 0.740977 0.671531 0
    outer loop
      vertex 55.1716 7.17157 -6.6
      vertex 54.908 7.46243 -7.6
      vertex 54.908 7.46243 -6.6
    endloop
  endfacet
  facet normal 0.740977 0.671531 0
    outer loop
      vertex 54.908 7.46243 -7.6
      vertex 55.1716 7.17157 -6.6
      vertex 55.1716 7.17157 -7.6
    endloop
  endfacet
  facet normal 0.857733 0.514095 0
    outer loop
      vertex 54.6741 7.77772 -6.6
      vertex 54.4723 8.11441 -7.6
      vertex 54.4723 8.11441 -6.6
    endloop
  endfacet
  facet normal 0.857733 0.514095 0
    outer loop
      vertex 54.4723 8.11441 -7.6
      vertex 54.6741 7.77772 -6.6
      vertex 54.6741 7.77772 -7.6
    endloop
  endfacet
  facet normal 0.671621 0.740895 -0
    outer loop
      vertex 55.4624 6.90796 -7.6
      vertex 55.1716 7.17157 -6.6
      vertex 55.4624 6.90796 -6.6
    endloop
  endfacet
  facet normal 0.671621 0.740895 0
    outer loop
      vertex 55.1716 7.17157 -6.6
      vertex 55.4624 6.90796 -7.6
      vertex 55.1716 7.17157 -7.6
    endloop
  endfacet
  facet normal 0.998791 0.0491664 0
    outer loop
      vertex 54.0193 9.60793 -6.6
      vertex 54 10 -7.6
      vertex 54 10 -6.6
    endloop
  endfacet
  facet normal 0.998791 0.0491664 0
    outer loop
      vertex 54 10 -7.6
      vertex 54.0193 9.60793 -6.6
      vertex 54.0193 9.60793 -7.6
    endloop
  endfacet
  facet normal -0.989176 0.146737 0
    outer loop
      vertex 61.9231 9.21964 -7.6
      vertex 61.9807 9.60793 -6.6
      vertex 61.9807 9.60793 -7.6
    endloop
  endfacet
  facet normal -0.989176 0.146737 0
    outer loop
      vertex 61.9807 9.60793 -6.6
      vertex 61.9231 9.21964 -7.6
      vertex 61.9231 9.21964 -6.6
    endloop
  endfacet
  facet normal -0.97008 0.242787 0
    outer loop
      vertex 61.8278 8.83886 -7.6
      vertex 61.9231 9.21964 -6.6
      vertex 61.9231 9.21964 -7.6
    endloop
  endfacet
  facet normal -0.97008 0.242787 0
    outer loop
      vertex 61.9231 9.21964 -6.6
      vertex 61.8278 8.83886 -7.6
      vertex 61.8278 8.83886 -6.6
    endloop
  endfacet
  facet normal -0.243027 0.970019 0
    outer loop
      vertex 59.1611 6.17224 -7.6
      vertex 58.7804 6.07686 -6.6
      vertex 59.1611 6.17224 -6.6
    endloop
  endfacet
  facet normal -0.243027 0.970019 0
    outer loop
      vertex 58.7804 6.07686 -6.6
      vertex 59.1611 6.17224 -7.6
      vertex 58.7804 6.07686 -7.6
    endloop
  endfacet
  facet normal -0.427503 0.904014 0
    outer loop
      vertex 59.8856 6.47231 -7.6
      vertex 59.5307 6.30448 -6.6
      vertex 59.8856 6.47231 -6.6
    endloop
  endfacet
  facet normal -0.427503 0.904014 0
    outer loop
      vertex 59.5307 6.30448 -6.6
      vertex 59.8856 6.47231 -7.6
      vertex 59.5307 6.30448 -7.6
    endloop
  endfacet
  facet normal -0.740977 0.671531 0
    outer loop
      vertex 60.8284 7.17157 -7.6
      vertex 61.092 7.46243 -6.6
      vertex 61.092 7.46243 -7.6
    endloop
  endfacet
  facet normal -0.740977 0.671531 0
    outer loop
      vertex 61.092 7.46243 -6.6
      vertex 60.8284 7.17157 -7.6
      vertex 60.8284 7.17157 -6.6
    endloop
  endfacet
  facet normal -0.595695 0.80321 0
    outer loop
      vertex 60.5376 6.90796 -7.6
      vertex 60.2223 6.67412 -6.6
      vertex 60.5376 6.90796 -6.6
    endloop
  endfacet
  facet normal -0.595695 0.80321 0
    outer loop
      vertex 60.2223 6.67412 -6.6
      vertex 60.5376 6.90796 -7.6
      vertex 60.2223 6.67412 -7.6
    endloop
  endfacet
  facet normal -0.941497 0.337022 0
    outer loop
      vertex 61.6955 8.46927 -7.6
      vertex 61.8278 8.83886 -6.6
      vertex 61.8278 8.83886 -7.6
    endloop
  endfacet
  facet normal -0.941497 0.337022 0
    outer loop
      vertex 61.8278 8.83886 -6.6
      vertex 61.6955 8.46927 -7.6
      vertex 61.6955 8.46927 -6.6
    endloop
  endfacet
  facet normal -0.857733 0.514095 0
    outer loop
      vertex 61.3259 7.77772 -7.6
      vertex 61.5277 8.11441 -6.6
      vertex 61.5277 8.11441 -7.6
    endloop
  endfacet
  facet normal -0.857733 0.514095 0
    outer loop
      vertex 61.5277 8.11441 -6.6
      vertex 61.3259 7.77772 -7.6
      vertex 61.3259 7.77772 -6.6
    endloop
  endfacet
  facet normal 0.146733 0.989176 -0
    outer loop
      vertex 57.6079 6.01926 -7.6
      vertex 57.2196 6.07686 -6.6
      vertex 57.6079 6.01926 -6.6
    endloop
  endfacet
  facet normal 0.146733 0.989176 0
    outer loop
      vertex 57.2196 6.07686 -6.6
      vertex 57.6079 6.01926 -7.6
      vertex 57.2196 6.07686 -7.6
    endloop
  endfacet
  facet normal 0.514102 0.857729 -0
    outer loop
      vertex 56.1144 6.47231 -7.6
      vertex 55.7777 6.67412 -6.6
      vertex 56.1144 6.47231 -6.6
    endloop
  endfacet
  facet normal 0.514102 0.857729 0
    outer loop
      vertex 55.7777 6.67412 -6.6
      vertex 56.1144 6.47231 -7.6
      vertex 55.7777 6.67412 -7.6
    endloop
  endfacet
  facet normal 0.803128 0.595806 0
    outer loop
      vertex 54.908 7.46243 -6.6
      vertex 54.6741 7.77772 -7.6
      vertex 54.6741 7.77772 -6.6
    endloop
  endfacet
  facet normal 0.803128 0.595806 0
    outer loop
      vertex 54.6741 7.77772 -7.6
      vertex 54.908 7.46243 -6.6
      vertex 54.908 7.46243 -7.6
    endloop
  endfacet
  facet normal -0.595794 -0.803137 0
    outer loop
      vertex 14.2223 44.3259 -7.6
      vertex 14.5376 44.092 -6.6
      vertex 14.2223 44.3259 -6.6
    endloop
  endfacet
  facet normal -0.595794 -0.803137 -0
    outer loop
      vertex 14.5376 44.092 -6.6
      vertex 14.2223 44.3259 -7.6
      vertex 14.5376 44.092 -7.6
    endloop
  endfacet
  facet normal 0.42744 -0.904044 0
    outer loop
      vertex 10.1144 44.5277 -7.6
      vertex 10.4693 44.6955 -6.6
      vertex 10.1144 44.5277 -6.6
    endloop
  endfacet
  facet normal 0.42744 -0.904044 0
    outer loop
      vertex 10.4693 44.6955 -6.6
      vertex 10.1144 44.5277 -7.6
      vertex 10.4693 44.6955 -7.6
    endloop
  endfacet
  facet normal 0.941548 -0.336879 0
    outer loop
      vertex 8.17224 42.1611 -6.6
      vertex 8.30448 42.5307 -7.6
      vertex 8.30448 42.5307 -6.6
    endloop
  endfacet
  facet normal 0.941548 -0.336879 0
    outer loop
      vertex 8.30448 42.5307 -7.6
      vertex 8.17224 42.1611 -6.6
      vertex 8.17224 42.1611 -7.6
    endloop
  endfacet
  facet normal -0.904044 -0.42744 0
    outer loop
      vertex 15.6955 42.5307 -7.6
      vertex 15.5277 42.8856 -6.6
      vertex 15.5277 42.8856 -7.6
    endloop
  endfacet
  facet normal -0.904044 -0.42744 0
    outer loop
      vertex 15.5277 42.8856 -6.6
      vertex 15.6955 42.5307 -7.6
      vertex 15.6955 42.5307 -6.6
    endloop
  endfacet
  facet normal -0.85774 -0.514084 0
    outer loop
      vertex 15.5277 42.8856 -7.6
      vertex 15.3259 43.2223 -6.6
      vertex 15.3259 43.2223 -7.6
    endloop
  endfacet
  facet normal -0.85774 -0.514084 0
    outer loop
      vertex 15.3259 43.2223 -6.6
      vertex 15.5277 42.8856 -7.6
      vertex 15.5277 42.8856 -6.6
    endloop
  endfacet
  facet normal -0.337014 -0.9415 0
    outer loop
      vertex 13.1611 44.8278 -7.6
      vertex 13.5307 44.6955 -6.6
      vertex 13.1611 44.8278 -6.6
    endloop
  endfacet
  facet normal -0.337014 -0.9415 -0
    outer loop
      vertex 13.5307 44.6955 -6.6
      vertex 13.1611 44.8278 -7.6
      vertex 13.5307 44.6955 -7.6
    endloop
  endfacet
  facet normal -0.0491626 -0.998791 0
    outer loop
      vertex 12 45 -7.6
      vertex 12.3921 44.9807 -6.6
      vertex 12 45 -6.6
    endloop
  endfacet
  facet normal -0.0491626 -0.998791 -0
    outer loop
      vertex 12.3921 44.9807 -6.6
      vertex 12 45 -7.6
      vertex 12.3921 44.9807 -7.6
    endloop
  endfacet
  facet normal 0.998796 -0.049061 0
    outer loop
      vertex 8 41 -6.6
      vertex 8.01926 41.3921 -7.6
      vertex 8.01926 41.3921 -6.6
    endloop
  endfacet
  facet normal 0.998796 -0.049061 0
    outer loop
      vertex 8.01926 41.3921 -7.6
      vertex 8 41 -6.6
      vertex 8 41 -7.6
    endloop
  endfacet
  facet normal 0.80321 -0.595695 0
    outer loop
      vertex 8.67412 43.2223 -6.6
      vertex 8.90796 43.5376 -7.6
      vertex 8.90796 43.5376 -6.6
    endloop
  endfacet
  facet normal 0.80321 -0.595695 0
    outer loop
      vertex 8.90796 43.5376 -7.6
      vertex 8.67412 43.2223 -6.6
      vertex 8.67412 43.2223 -7.6
    endloop
  endfacet
  facet normal 0.242835 -0.970068 0
    outer loop
      vertex 10.8389 44.8278 -7.6
      vertex 11.2196 44.9231 -6.6
      vertex 10.8389 44.8278 -6.6
    endloop
  endfacet
  facet normal 0.242835 -0.970068 0
    outer loop
      vertex 11.2196 44.9231 -6.6
      vertex 10.8389 44.8278 -7.6
      vertex 11.2196 44.9231 -7.6
    endloop
  endfacet
  facet normal -0.998791 0.0491626 0
    outer loop
      vertex 15.9807 40.6079 -7.6
      vertex 16 41 -6.6
      vertex 16 41 -7.6
    endloop
  endfacet
  facet normal -0.998791 0.0491626 0
    outer loop
      vertex 16 41 -6.6
      vertex 15.9807 40.6079 -7.6
      vertex 15.9807 40.6079 -6.6
    endloop
  endfacet
  facet normal -0.803137 0.595794 0
    outer loop
      vertex 15.092 38.4624 -7.6
      vertex 15.3259 38.7777 -6.6
      vertex 15.3259 38.7777 -7.6
    endloop
  endfacet
  facet normal -0.803137 0.595794 0
    outer loop
      vertex 15.3259 38.7777 -6.6
      vertex 15.092 38.4624 -7.6
      vertex 15.092 38.4624 -6.6
    endloop
  endfacet
  facet normal 0.0491626 0.998791 -0
    outer loop
      vertex 12 37 -7.6
      vertex 11.6079 37.0193 -6.6
      vertex 12 37 -6.6
    endloop
  endfacet
  facet normal 0.0491626 0.998791 0
    outer loop
      vertex 11.6079 37.0193 -6.6
      vertex 12 37 -7.6
      vertex 11.6079 37.0193 -7.6
    endloop
  endfacet
  facet normal 0.595806 0.803128 -0
    outer loop
      vertex 9.77772 37.6741 -7.6
      vertex 9.46243 37.908 -6.6
      vertex 9.77772 37.6741 -6.6
    endloop
  endfacet
  facet normal 0.595806 0.803128 0
    outer loop
      vertex 9.46243 37.908 -6.6
      vertex 9.77772 37.6741 -7.6
      vertex 9.46243 37.908 -7.6
    endloop
  endfacet
  facet normal 0.904014 0.427503 0
    outer loop
      vertex 8.47231 39.1144 -6.6
      vertex 8.30448 39.4693 -7.6
      vertex 8.30448 39.4693 -6.6
    endloop
  endfacet
  facet normal 0.904014 0.427503 0
    outer loop
      vertex 8.30448 39.4693 -7.6
      vertex 8.47231 39.1144 -6.6
      vertex 8.47231 39.1144 -7.6
    endloop
  endfacet
  facet normal -0.989176 -0.146733 0
    outer loop
      vertex 15.9807 41.3921 -7.6
      vertex 15.9231 41.7804 -6.6
      vertex 15.9231 41.7804 -7.6
    endloop
  endfacet
  facet normal -0.989176 -0.146733 0
    outer loop
      vertex 15.9231 41.7804 -6.6
      vertex 15.9807 41.3921 -7.6
      vertex 15.9807 41.3921 -6.6
    endloop
  endfacet
  facet normal -0.970068 -0.242835 0
    outer loop
      vertex 15.9231 41.7804 -7.6
      vertex 15.8278 42.1611 -6.6
      vertex 15.8278 42.1611 -7.6
    endloop
  endfacet
  facet normal -0.970068 -0.242835 0
    outer loop
      vertex 15.8278 42.1611 -6.6
      vertex 15.9231 41.7804 -7.6
      vertex 15.9231 41.7804 -6.6
    endloop
  endfacet
  facet normal -0.9415 -0.337014 0
    outer loop
      vertex 15.8278 42.1611 -7.6
      vertex 15.6955 42.5307 -6.6
      vertex 15.6955 42.5307 -7.6
    endloop
  endfacet
  facet normal -0.9415 -0.337014 0
    outer loop
      vertex 15.6955 42.5307 -6.6
      vertex 15.8278 42.1611 -7.6
      vertex 15.8278 42.1611 -6.6
    endloop
  endfacet
  facet normal -0.740908 -0.671607 0
    outer loop
      vertex 15.092 43.5376 -7.6
      vertex 14.8284 43.8284 -6.6
      vertex 14.8284 43.8284 -7.6
    endloop
  endfacet
  facet normal -0.740908 -0.671607 0
    outer loop
      vertex 14.8284 43.8284 -6.6
      vertex 15.092 43.5376 -7.6
      vertex 15.092 43.5376 -6.6
    endloop
  endfacet
  facet normal -0.803137 -0.595794 0
    outer loop
      vertex 15.3259 43.2223 -7.6
      vertex 15.092 43.5376 -6.6
      vertex 15.092 43.5376 -7.6
    endloop
  endfacet
  facet normal -0.803137 -0.595794 0
    outer loop
      vertex 15.092 43.5376 -6.6
      vertex 15.3259 43.2223 -7.6
      vertex 15.3259 43.2223 -6.6
    endloop
  endfacet
  facet normal -0.671607 -0.740908 0
    outer loop
      vertex 14.5376 44.092 -7.6
      vertex 14.8284 43.8284 -6.6
      vertex 14.5376 44.092 -6.6
    endloop
  endfacet
  facet normal -0.671607 -0.740908 -0
    outer loop
      vertex 14.8284 43.8284 -6.6
      vertex 14.5376 44.092 -7.6
      vertex 14.8284 43.8284 -7.6
    endloop
  endfacet
  facet normal -0.514084 -0.85774 0
    outer loop
      vertex 13.8856 44.5277 -7.6
      vertex 14.2223 44.3259 -6.6
      vertex 13.8856 44.5277 -6.6
    endloop
  endfacet
  facet normal -0.514084 -0.85774 -0
    outer loop
      vertex 14.2223 44.3259 -6.6
      vertex 13.8856 44.5277 -7.6
      vertex 14.2223 44.3259 -7.6
    endloop
  endfacet
  facet normal 0.0491626 -0.998791 0
    outer loop
      vertex 11.6079 44.9807 -7.6
      vertex 12 45 -6.6
      vertex 11.6079 44.9807 -6.6
    endloop
  endfacet
  facet normal 0.0491626 -0.998791 0
    outer loop
      vertex 12 45 -6.6
      vertex 11.6079 44.9807 -7.6
      vertex 12 45 -7.6
    endloop
  endfacet
  facet normal -0.42744 -0.904044 0
    outer loop
      vertex 13.5307 44.6955 -7.6
      vertex 13.8856 44.5277 -6.6
      vertex 13.5307 44.6955 -6.6
    endloop
  endfacet
  facet normal -0.42744 -0.904044 -0
    outer loop
      vertex 13.8856 44.5277 -6.6
      vertex 13.5307 44.6955 -7.6
      vertex 13.8856 44.5277 -7.6
    endloop
  endfacet
  facet normal -0.242835 -0.970068 0
    outer loop
      vertex 12.7804 44.9231 -7.6
      vertex 13.1611 44.8278 -6.6
      vertex 12.7804 44.9231 -6.6
    endloop
  endfacet
  facet normal -0.242835 -0.970068 -0
    outer loop
      vertex 13.1611 44.8278 -6.6
      vertex 12.7804 44.9231 -7.6
      vertex 13.1611 44.8278 -7.6
    endloop
  endfacet
  facet normal -0.146733 -0.989176 0
    outer loop
      vertex 12.3921 44.9807 -7.6
      vertex 12.7804 44.9231 -6.6
      vertex 12.3921 44.9807 -6.6
    endloop
  endfacet
  facet normal -0.146733 -0.989176 -0
    outer loop
      vertex 12.7804 44.9231 -6.6
      vertex 12.3921 44.9807 -7.6
      vertex 12.7804 44.9231 -7.6
    endloop
  endfacet
  facet normal 0 0 -1
    outer loop
      vertex 15.9807 40.6079 -6.6
      vertex 15.9807 41.3921 -6.6
      vertex 16 41 -6.6
    endloop
  endfacet
  facet normal 0 0 -1
    outer loop
      vertex 15.9231 40.2196 -6.6
      vertex 15.9807 41.3921 -6.6
      vertex 15.9807 40.6079 -6.6
    endloop
  endfacet
  facet normal 0 0 -1
    outer loop
      vertex 15.9231 40.2196 -6.6
      vertex 15.9231 41.7804 -6.6
      vertex 15.9807 41.3921 -6.6
    endloop
  endfacet
  facet normal 0 0 -1
    outer loop
      vertex 15.8278 39.8389 -6.6
      vertex 15.9231 41.7804 -6.6
      vertex 15.9231 40.2196 -6.6
    endloop
  endfacet
  facet normal 0 0 -1
    outer loop
      vertex 15.8278 39.8389 -6.6
      vertex 15.8278 42.1611 -6.6
      vertex 15.9231 41.7804 -6.6
    endloop
  endfacet
  facet normal 0 0 -1
    outer loop
      vertex 15.6955 39.4693 -6.6
      vertex 15.8278 42.1611 -6.6
      vertex 15.8278 39.8389 -6.6
    endloop
  endfacet
  facet normal 0 0 -1
    outer loop
      vertex 15.6955 39.4693 -6.6
      vertex 15.6955 42.5307 -6.6
      vertex 15.8278 42.1611 -6.6
    endloop
  endfacet
  facet normal 0 0 -1
    outer loop
      vertex 15.5277 39.1144 -6.6
      vertex 15.6955 42.5307 -6.6
      vertex 15.6955 39.4693 -6.6
    endloop
  endfacet
  facet normal 0 0 -1
    outer loop
      vertex 15.5277 39.1144 -6.6
      vertex 15.5277 42.8856 -6.6
      vertex 15.6955 42.5307 -6.6
    endloop
  endfacet
  facet normal 0 0 -1
    outer loop
      vertex 15.3259 38.7777 -6.6
      vertex 15.5277 42.8856 -6.6
      vertex 15.5277 39.1144 -6.6
    endloop
  endfacet
  facet normal 0 0 -1
    outer loop
      vertex 15.3259 38.7777 -6.6
      vertex 15.3259 43.2223 -6.6
      vertex 15.5277 42.8856 -6.6
    endloop
  endfacet
  facet normal 0 0 -1
    outer loop
      vertex 15.092 38.4624 -6.6
      vertex 15.3259 43.2223 -6.6
      vertex 15.3259 38.7777 -6.6
    endloop
  endfacet
  facet normal 0 0 -1
    outer loop
      vertex 15.092 38.4624 -6.6
      vertex 15.092 43.5376 -6.6
      vertex 15.3259 43.2223 -6.6
    endloop
  endfacet
  facet normal 0 0 -1
    outer loop
      vertex 14.8284 38.1716 -6.6
      vertex 15.092 43.5376 -6.6
      vertex 15.092 38.4624 -6.6
    endloop
  endfacet
  facet normal 0 0 -1
    outer loop
      vertex 14.8284 38.1716 -6.6
      vertex 14.8284 43.8284 -6.6
      vertex 15.092 43.5376 -6.6
    endloop
  endfacet
  facet normal 0 0 -1
    outer loop
      vertex 14.5376 37.908 -6.6
      vertex 14.8284 43.8284 -6.6
      vertex 14.8284 38.1716 -6.6
    endloop
  endfacet
  facet normal 0 0 -1
    outer loop
      vertex 14.5376 37.908 -6.6
      vertex 14.5376 44.092 -6.6
      vertex 14.8284 43.8284 -6.6
    endloop
  endfacet
  facet normal 0 0 -1
    outer loop
      vertex 14.2223 37.6741 -6.6
      vertex 14.5376 44.092 -6.6
      vertex 14.5376 37.908 -6.6
    endloop
  endfacet
  facet normal 0 0 -1
    outer loop
      vertex 14.2223 37.6741 -6.6
      vertex 14.2223 44.3259 -6.6
      vertex 14.5376 44.092 -6.6
    endloop
  endfacet
  facet normal 0 0 -1
    outer loop
      vertex 13.8856 37.4723 -6.6
      vertex 14.2223 44.3259 -6.6
      vertex 14.2223 37.6741 -6.6
    endloop
  endfacet
  facet normal 0 0 -1
    outer loop
      vertex 13.8856 37.4723 -6.6
      vertex 13.8856 44.5277 -6.6
      vertex 14.2223 44.3259 -6.6
    endloop
  endfacet
  facet normal 0 0 -1
    outer loop
      vertex 13.5307 37.3045 -6.6
      vertex 13.8856 44.5277 -6.6
      vertex 13.8856 37.4723 -6.6
    endloop
  endfacet
  facet normal 0 0 -1
    outer loop
      vertex 13.5307 37.3045 -6.6
      vertex 13.5307 44.6955 -6.6
      vertex 13.8856 44.5277 -6.6
    endloop
  endfacet
  facet normal 0 0 -1
    outer loop
      vertex 13.1611 37.1722 -6.6
      vertex 13.5307 44.6955 -6.6
      vertex 13.5307 37.3045 -6.6
    endloop
  endfacet
  facet normal 0 0 -1
    outer loop
      vertex 13.1611 37.1722 -6.6
      vertex 13.1611 44.8278 -6.6
      vertex 13.5307 44.6955 -6.6
    endloop
  endfacet
  facet normal 0 0 -1
    outer loop
      vertex 12.7804 37.0769 -6.6
      vertex 13.1611 44.8278 -6.6
      vertex 13.1611 37.1722 -6.6
    endloop
  endfacet
  facet normal 0 0 -1
    outer loop
      vertex 12.7804 37.0769 -6.6
      vertex 12.7804 44.9231 -6.6
      vertex 13.1611 44.8278 -6.6
    endloop
  endfacet
  facet normal 0 0 -1
    outer loop
      vertex 12.3921 37.0193 -6.6
      vertex 12.7804 44.9231 -6.6
      vertex 12.7804 37.0769 -6.6
    endloop
  endfacet
  facet normal 0 0 -1
    outer loop
      vertex 12.3921 37.0193 -6.6
      vertex 12.3921 44.9807 -6.6
      vertex 12.7804 44.9231 -6.6
    endloop
  endfacet
  facet normal 0 0 -1
    outer loop
      vertex 12 37 -6.6
      vertex 12.3921 44.9807 -6.6
      vertex 12.3921 37.0193 -6.6
    endloop
  endfacet
  facet normal 0 0 -1
    outer loop
      vertex 12 37 -6.6
      vertex 12 45 -6.6
      vertex 12.3921 44.9807 -6.6
    endloop
  endfacet
  facet normal 0 0 -1
    outer loop
      vertex 11.6079 37.0193 -6.6
      vertex 12 45 -6.6
      vertex 12 37 -6.6
    endloop
  endfacet
  facet normal 0 0 -1
    outer loop
      vertex 11.6079 37.0193 -6.6
      vertex 11.6079 44.9807 -6.6
      vertex 12 45 -6.6
    endloop
  endfacet
  facet normal 0 0 -1
    outer loop
      vertex 11.2196 37.0769 -6.6
      vertex 11.6079 44.9807 -6.6
      vertex 11.6079 37.0193 -6.6
    endloop
  endfacet
  facet normal 0 0 -1
    outer loop
      vertex 11.2196 37.0769 -6.6
      vertex 11.2196 44.9231 -6.6
      vertex 11.6079 44.9807 -6.6
    endloop
  endfacet
  facet normal 0 0 -1
    outer loop
      vertex 10.8389 37.1722 -6.6
      vertex 11.2196 44.9231 -6.6
      vertex 11.2196 37.0769 -6.6
    endloop
  endfacet
  facet normal 0 0 -1
    outer loop
      vertex 10.8389 37.1722 -6.6
      vertex 10.8389 44.8278 -6.6
      vertex 11.2196 44.9231 -6.6
    endloop
  endfacet
  facet normal 0 0 -1
    outer loop
      vertex 10.4693 37.3045 -6.6
      vertex 10.8389 44.8278 -6.6
      vertex 10.8389 37.1722 -6.6
    endloop
  endfacet
  facet normal 0 0 -1
    outer loop
      vertex 10.4693 37.3045 -6.6
      vertex 10.4693 44.6955 -6.6
      vertex 10.8389 44.8278 -6.6
    endloop
  endfacet
  facet normal 0 0 -1
    outer loop
      vertex 10.1144 37.4723 -6.6
      vertex 10.4693 44.6955 -6.6
      vertex 10.4693 37.3045 -6.6
    endloop
  endfacet
  facet normal 0 0 -1
    outer loop
      vertex 10.1144 37.4723 -6.6
      vertex 10.1144 44.5277 -6.6
      vertex 10.4693 44.6955 -6.6
    endloop
  endfacet
  facet normal 0 0 -1
    outer loop
      vertex 9.77772 37.6741 -6.6
      vertex 10.1144 44.5277 -6.6
      vertex 10.1144 37.4723 -6.6
    endloop
  endfacet
  facet normal 0 0 -1
    outer loop
      vertex 9.77772 37.6741 -6.6
      vertex 9.77772 44.3259 -6.6
      vertex 10.1144 44.5277 -6.6
    endloop
  endfacet
  facet normal 0 0 -1
    outer loop
      vertex 9.46243 37.908 -6.6
      vertex 9.77772 44.3259 -6.6
      vertex 9.77772 37.6741 -6.6
    endloop
  endfacet
  facet normal 0 0 -1
    outer loop
      vertex 9.46243 37.908 -6.6
      vertex 9.46243 44.092 -6.6
      vertex 9.77772 44.3259 -6.6
    endloop
  endfacet
  facet normal 0 0 -1
    outer loop
      vertex 9.17157 38.1716 -6.6
      vertex 9.46243 44.092 -6.6
      vertex 9.46243 37.908 -6.6
    endloop
  endfacet
  facet normal 0 0 -1
    outer loop
      vertex 9.17157 38.1716 -6.6
      vertex 9.17157 43.8284 -6.6
      vertex 9.46243 44.092 -6.6
    endloop
  endfacet
  facet normal 0 0 -1
    outer loop
      vertex 8.90796 38.4624 -6.6
      vertex 9.17157 43.8284 -6.6
      vertex 9.17157 38.1716 -6.6
    endloop
  endfacet
  facet normal 0 0 -1
    outer loop
      vertex 8.90796 38.4624 -6.6
      vertex 8.90796 43.5376 -6.6
      vertex 9.17157 43.8284 -6.6
    endloop
  endfacet
  facet normal 0 0 -1
    outer loop
      vertex 8.67412 38.7777 -6.6
      vertex 8.90796 43.5376 -6.6
      vertex 8.90796 38.4624 -6.6
    endloop
  endfacet
  facet normal 0 0 -1
    outer loop
      vertex 8.67412 38.7777 -6.6
      vertex 8.67412 43.2223 -6.6
      vertex 8.90796 43.5376 -6.6
    endloop
  endfacet
  facet normal 0 0 -1
    outer loop
      vertex 8.47231 39.1144 -6.6
      vertex 8.67412 43.2223 -6.6
      vertex 8.67412 38.7777 -6.6
    endloop
  endfacet
  facet normal 0 0 -1
    outer loop
      vertex 8.47231 39.1144 -6.6
      vertex 8.47231 42.8856 -6.6
      vertex 8.67412 43.2223 -6.6
    endloop
  endfacet
  facet normal 0 0 -1
    outer loop
      vertex 8.30448 39.4693 -6.6
      vertex 8.47231 42.8856 -6.6
      vertex 8.47231 39.1144 -6.6
    endloop
  endfacet
  facet normal 0 0 -1
    outer loop
      vertex 8.30448 39.4693 -6.6
      vertex 8.30448 42.5307 -6.6
      vertex 8.47231 42.8856 -6.6
    endloop
  endfacet
  facet normal 0 0 -1
    outer loop
      vertex 8.17224 39.8389 -6.6
      vertex 8.30448 42.5307 -6.6
      vertex 8.30448 39.4693 -6.6
    endloop
  endfacet
  facet normal 0 0 -1
    outer loop
      vertex 8.17224 39.8389 -6.6
      vertex 8.17224 42.1611 -6.6
      vertex 8.30448 42.5307 -6.6
    endloop
  endfacet
  facet normal 0 0 -1
    outer loop
      vertex 8.07686 40.2196 -6.6
      vertex 8.17224 42.1611 -6.6
      vertex 8.17224 39.8389 -6.6
    endloop
  endfacet
  facet normal 0 0 -1
    outer loop
      vertex 8.07686 40.2196 -6.6
      vertex 8.07686 41.7804 -6.6
      vertex 8.17224 42.1611 -6.6
    endloop
  endfacet
  facet normal 0 0 -1
    outer loop
      vertex 8.01926 40.6079 -6.6
      vertex 8.07686 41.7804 -6.6
      vertex 8.07686 40.2196 -6.6
    endloop
  endfacet
  facet normal 0 0 -1
    outer loop
      vertex 8.01926 40.6079 -6.6
      vertex 8.01926 41.3921 -6.6
      vertex 8.07686 41.7804 -6.6
    endloop
  endfacet
  facet normal 0 -0 -1
    outer loop
      vertex 8.01926 41.3921 -6.6
      vertex 8.01926 40.6079 -6.6
      vertex 8 41 -6.6
    endloop
  endfacet
  facet normal 0.970019 -0.243027 0
    outer loop
      vertex 8.07686 41.7804 -6.6
      vertex 8.17224 42.1611 -7.6
      vertex 8.17224 42.1611 -6.6
    endloop
  endfacet
  facet normal 0.970019 -0.243027 0
    outer loop
      vertex 8.17224 42.1611 -7.6
      vertex 8.07686 41.7804 -6.6
      vertex 8.07686 41.7804 -7.6
    endloop
  endfacet
  facet normal 0.989176 -0.146733 0
    outer loop
      vertex 8.01926 41.3921 -6.6
      vertex 8.07686 41.7804 -7.6
      vertex 8.07686 41.7804 -6.6
    endloop
  endfacet
  facet normal 0.989176 -0.146733 0
    outer loop
      vertex 8.07686 41.7804 -7.6
      vertex 8.01926 41.3921 -6.6
      vertex 8.01926 41.3921 -7.6
    endloop
  endfacet
  facet normal 0.904014 -0.427503 0
    outer loop
      vertex 8.30448 42.5307 -6.6
      vertex 8.47231 42.8856 -7.6
      vertex 8.47231 42.8856 -6.6
    endloop
  endfacet
  facet normal 0.904014 -0.427503 0
    outer loop
      vertex 8.47231 42.8856 -7.6
      vertex 8.30448 42.5307 -6.6
      vertex 8.30448 42.5307 -7.6
    endloop
  endfacet
  facet normal 0.857729 -0.514102 0
    outer loop
      vertex 8.47231 42.8856 -6.6
      vertex 8.67412 43.2223 -7.6
      vertex 8.67412 43.2223 -6.6
    endloop
  endfacet
  facet normal 0.857729 -0.514102 0
    outer loop
      vertex 8.67412 43.2223 -7.6
      vertex 8.47231 42.8856 -6.6
      vertex 8.47231 42.8856 -7.6
    endloop
  endfacet
  facet normal 0.337014 -0.9415 0
    outer loop
      vertex 10.4693 44.6955 -7.6
      vertex 10.8389 44.8278 -6.6
      vertex 10.4693 44.6955 -6.6
    endloop
  endfacet
  facet normal 0.337014 -0.9415 0
    outer loop
      vertex 10.8389 44.8278 -6.6
      vertex 10.4693 44.6955 -7.6
      vertex 10.8389 44.8278 -7.6
    endloop
  endfacet
  facet normal 0.146733 -0.989176 0
    outer loop
      vertex 11.2196 44.9231 -7.6
      vertex 11.6079 44.9807 -6.6
      vertex 11.2196 44.9231 -6.6
    endloop
  endfacet
  facet normal 0.146733 -0.989176 0
    outer loop
      vertex 11.6079 44.9807 -6.6
      vertex 11.2196 44.9231 -7.6
      vertex 11.6079 44.9807 -7.6
    endloop
  endfacet
  facet normal 0.595806 -0.803128 0
    outer loop
      vertex 9.46243 44.092 -7.6
      vertex 9.77772 44.3259 -6.6
      vertex 9.46243 44.092 -6.6
    endloop
  endfacet
  facet normal 0.595806 -0.803128 0
    outer loop
      vertex 9.77772 44.3259 -6.6
      vertex 9.46243 44.092 -7.6
      vertex 9.77772 44.3259 -7.6
    endloop
  endfacet
  facet normal 0.671531 -0.740977 0
    outer loop
      vertex 9.17157 43.8284 -7.6
      vertex 9.46243 44.092 -6.6
      vertex 9.17157 43.8284 -6.6
    endloop
  endfacet
  facet normal 0.671531 -0.740977 0
    outer loop
      vertex 9.46243 44.092 -6.6
      vertex 9.17157 43.8284 -7.6
      vertex 9.46243 44.092 -7.6
    endloop
  endfacet
  facet normal 0.514106 -0.857727 0
    outer loop
      vertex 9.77772 44.3259 -7.6
      vertex 10.1144 44.5277 -6.6
      vertex 9.77772 44.3259 -6.6
    endloop
  endfacet
  facet normal 0.514106 -0.857727 0
    outer loop
      vertex 10.1144 44.5277 -6.6
      vertex 9.77772 44.3259 -7.6
      vertex 10.1144 44.5277 -7.6
    endloop
  endfacet
  facet normal 0.740895 -0.671621 0
    outer loop
      vertex 8.90796 43.5376 -6.6
      vertex 9.17157 43.8284 -7.6
      vertex 9.17157 43.8284 -6.6
    endloop
  endfacet
  facet normal 0.740895 -0.671621 0
    outer loop
      vertex 9.17157 43.8284 -7.6
      vertex 8.90796 43.5376 -6.6
      vertex 8.90796 43.5376 -7.6
    endloop
  endfacet
  facet normal -0.998791 -0.0491626 0
    outer loop
      vertex 16 41 -7.6
      vertex 15.9807 41.3921 -6.6
      vertex 15.9807 41.3921 -7.6
    endloop
  endfacet
  facet normal -0.998791 -0.0491626 0
    outer loop
      vertex 15.9807 41.3921 -6.6
      vertex 16 41 -7.6
      vertex 16 41 -6.6
    endloop
  endfacet
  facet normal -0.146733 0.989176 0
    outer loop
      vertex 12.7804 37.0769 -7.6
      vertex 12.3921 37.0193 -6.6
      vertex 12.7804 37.0769 -6.6
    endloop
  endfacet
  facet normal -0.146733 0.989176 0
    outer loop
      vertex 12.3921 37.0193 -6.6
      vertex 12.7804 37.0769 -7.6
      vertex 12.3921 37.0193 -7.6
    endloop
  endfacet
  facet normal -0.337014 0.9415 0
    outer loop
      vertex 13.5307 37.3045 -7.6
      vertex 13.1611 37.1722 -6.6
      vertex 13.5307 37.3045 -6.6
    endloop
  endfacet
  facet normal -0.337014 0.9415 0
    outer loop
      vertex 13.1611 37.1722 -6.6
      vertex 13.5307 37.3045 -7.6
      vertex 13.1611 37.1722 -7.6
    endloop
  endfacet
  facet normal -0.671607 0.740908 0
    outer loop
      vertex 14.8284 38.1716 -7.6
      vertex 14.5376 37.908 -6.6
      vertex 14.8284 38.1716 -6.6
    endloop
  endfacet
  facet normal -0.671607 0.740908 0
    outer loop
      vertex 14.5376 37.908 -6.6
      vertex 14.8284 38.1716 -7.6
      vertex 14.5376 37.908 -7.6
    endloop
  endfacet
  facet normal -0.514084 0.85774 0
    outer loop
      vertex 14.2223 37.6741 -7.6
      vertex 13.8856 37.4723 -6.6
      vertex 14.2223 37.6741 -6.6
    endloop
  endfacet
  facet normal -0.514084 0.85774 0
    outer loop
      vertex 13.8856 37.4723 -6.6
      vertex 14.2223 37.6741 -7.6
      vertex 13.8856 37.4723 -7.6
    endloop
  endfacet
  facet normal -0.904044 0.42744 0
    outer loop
      vertex 15.5277 39.1144 -7.6
      vertex 15.6955 39.4693 -6.6
      vertex 15.6955 39.4693 -7.6
    endloop
  endfacet
  facet normal -0.904044 0.42744 0
    outer loop
      vertex 15.6955 39.4693 -6.6
      vertex 15.5277 39.1144 -7.6
      vertex 15.5277 39.1144 -6.6
    endloop
  endfacet
  facet normal -0.0491626 0.998791 0
    outer loop
      vertex 12.3921 37.0193 -7.6
      vertex 12 37 -6.6
      vertex 12.3921 37.0193 -6.6
    endloop
  endfacet
  facet normal -0.0491626 0.998791 0
    outer loop
      vertex 12 37 -6.6
      vertex 12.3921 37.0193 -7.6
      vertex 12 37 -7.6
    endloop
  endfacet
  facet normal 0.242835 0.970068 -0
    outer loop
      vertex 11.2196 37.0769 -7.6
      vertex 10.8389 37.1722 -6.6
      vertex 11.2196 37.0769 -6.6
    endloop
  endfacet
  facet normal 0.242835 0.970068 0
    outer loop
      vertex 10.8389 37.1722 -6.6
      vertex 11.2196 37.0769 -7.6
      vertex 10.8389 37.1722 -7.6
    endloop
  endfacet
  facet normal 0.42744 0.904044 -0
    outer loop
      vertex 10.4693 37.3045 -7.6
      vertex 10.1144 37.4723 -6.6
      vertex 10.4693 37.3045 -6.6
    endloop
  endfacet
  facet normal 0.42744 0.904044 0
    outer loop
      vertex 10.1144 37.4723 -6.6
      vertex 10.4693 37.3045 -7.6
      vertex 10.1144 37.4723 -7.6
    endloop
  endfacet
  facet normal 0.989176 0.146733 0
    outer loop
      vertex 8.07686 40.2196 -6.6
      vertex 8.01926 40.6079 -7.6
      vertex 8.01926 40.6079 -6.6
    endloop
  endfacet
  facet normal 0.989176 0.146733 0
    outer loop
      vertex 8.01926 40.6079 -7.6
      vertex 8.07686 40.2196 -6.6
      vertex 8.07686 40.2196 -7.6
    endloop
  endfacet
  facet normal 0.941548 0.336879 0
    outer loop
      vertex 8.30448 39.4693 -6.6
      vertex 8.17224 39.8389 -7.6
      vertex 8.17224 39.8389 -6.6
    endloop
  endfacet
  facet normal 0.941548 0.336879 0
    outer loop
      vertex 8.17224 39.8389 -7.6
      vertex 8.30448 39.4693 -6.6
      vertex 8.30448 39.4693 -7.6
    endloop
  endfacet
  facet normal 0.970019 0.243027 0
    outer loop
      vertex 8.17224 39.8389 -6.6
      vertex 8.07686 40.2196 -7.6
      vertex 8.07686 40.2196 -6.6
    endloop
  endfacet
  facet normal 0.970019 0.243027 0
    outer loop
      vertex 8.07686 40.2196 -7.6
      vertex 8.17224 39.8389 -6.6
      vertex 8.17224 39.8389 -7.6
    endloop
  endfacet
  facet normal 0.740895 0.671621 0
    outer loop
      vertex 9.17157 38.1716 -6.6
      vertex 8.90796 38.4624 -7.6
      vertex 8.90796 38.4624 -6.6
    endloop
  endfacet
  facet normal 0.740895 0.671621 0
    outer loop
      vertex 8.90796 38.4624 -7.6
      vertex 9.17157 38.1716 -6.6
      vertex 9.17157 38.1716 -7.6
    endloop
  endfacet
  facet normal 0.857729 0.514102 0
    outer loop
      vertex 8.67412 38.7777 -6.6
      vertex 8.47231 39.1144 -7.6
      vertex 8.47231 39.1144 -6.6
    endloop
  endfacet
  facet normal 0.857729 0.514102 0
    outer loop
      vertex 8.47231 39.1144 -7.6
      vertex 8.67412 38.7777 -6.6
      vertex 8.67412 38.7777 -7.6
    endloop
  endfacet
  facet normal 0.671531 0.740977 -0
    outer loop
      vertex 9.46243 37.908 -7.6
      vertex 9.17157 38.1716 -6.6
      vertex 9.46243 37.908 -6.6
    endloop
  endfacet
  facet normal 0.671531 0.740977 0
    outer loop
      vertex 9.17157 38.1716 -6.6
      vertex 9.46243 37.908 -7.6
      vertex 9.17157 38.1716 -7.6
    endloop
  endfacet
  facet normal 0.998796 0.049061 0
    outer loop
      vertex 8.01926 40.6079 -6.6
      vertex 8 41 -7.6
      vertex 8 41 -6.6
    endloop
  endfacet
  facet normal 0.998796 0.049061 0
    outer loop
      vertex 8 41 -7.6
      vertex 8.01926 40.6079 -6.6
      vertex 8.01926 40.6079 -7.6
    endloop
  endfacet
  facet normal -0.989176 0.146733 0
    outer loop
      vertex 15.9231 40.2196 -7.6
      vertex 15.9807 40.6079 -6.6
      vertex 15.9807 40.6079 -7.6
    endloop
  endfacet
  facet normal -0.989176 0.146733 0
    outer loop
      vertex 15.9807 40.6079 -6.6
      vertex 15.9231 40.2196 -7.6
      vertex 15.9231 40.2196 -6.6
    endloop
  endfacet
  facet normal -0.970068 0.242835 0
    outer loop
      vertex 15.8278 39.8389 -7.6
      vertex 15.9231 40.2196 -6.6
      vertex 15.9231 40.2196 -7.6
    endloop
  endfacet
  facet normal -0.970068 0.242835 0
    outer loop
      vertex 15.9231 40.2196 -6.6
      vertex 15.8278 39.8389 -7.6
      vertex 15.8278 39.8389 -6.6
    endloop
  endfacet
  facet normal -0.242835 0.970068 0
    outer loop
      vertex 13.1611 37.1722 -7.6
      vertex 12.7804 37.0769 -6.6
      vertex 13.1611 37.1722 -6.6
    endloop
  endfacet
  facet normal -0.242835 0.970068 0
    outer loop
      vertex 12.7804 37.0769 -6.6
      vertex 13.1611 37.1722 -7.6
      vertex 12.7804 37.0769 -7.6
    endloop
  endfacet
  facet normal -0.42744 0.904044 0
    outer loop
      vertex 13.8856 37.4723 -7.6
      vertex 13.5307 37.3045 -6.6
      vertex 13.8856 37.4723 -6.6
    endloop
  endfacet
  facet normal -0.42744 0.904044 0
    outer loop
      vertex 13.5307 37.3045 -6.6
      vertex 13.8856 37.4723 -7.6
      vertex 13.5307 37.3045 -7.6
    endloop
  endfacet
  facet normal -0.740908 0.671607 0
    outer loop
      vertex 14.8284 38.1716 -7.6
      vertex 15.092 38.4624 -6.6
      vertex 15.092 38.4624 -7.6
    endloop
  endfacet
  facet normal -0.740908 0.671607 0
    outer loop
      vertex 15.092 38.4624 -6.6
      vertex 14.8284 38.1716 -7.6
      vertex 14.8284 38.1716 -6.6
    endloop
  endfacet
  facet normal -0.595794 0.803137 0
    outer loop
      vertex 14.5376 37.908 -7.6
      vertex 14.2223 37.6741 -6.6
      vertex 14.5376 37.908 -6.6
    endloop
  endfacet
  facet normal -0.595794 0.803137 0
    outer loop
      vertex 14.2223 37.6741 -6.6
      vertex 14.5376 37.908 -7.6
      vertex 14.2223 37.6741 -7.6
    endloop
  endfacet
  facet normal -0.9415 0.337014 0
    outer loop
      vertex 15.6955 39.4693 -7.6
      vertex 15.8278 39.8389 -6.6
      vertex 15.8278 39.8389 -7.6
    endloop
  endfacet
  facet normal -0.9415 0.337014 0
    outer loop
      vertex 15.8278 39.8389 -6.6
      vertex 15.6955 39.4693 -7.6
      vertex 15.6955 39.4693 -6.6
    endloop
  endfacet
  facet normal -0.85774 0.514084 0
    outer loop
      vertex 15.3259 38.7777 -7.6
      vertex 15.5277 39.1144 -6.6
      vertex 15.5277 39.1144 -7.6
    endloop
  endfacet
  facet normal -0.85774 0.514084 0
    outer loop
      vertex 15.5277 39.1144 -6.6
      vertex 15.3259 38.7777 -7.6
      vertex 15.3259 38.7777 -6.6
    endloop
  endfacet
  facet normal 0.146733 0.989176 -0
    outer loop
      vertex 11.6079 37.0193 -7.6
      vertex 11.2196 37.0769 -6.6
      vertex 11.6079 37.0193 -6.6
    endloop
  endfacet
  facet normal 0.146733 0.989176 0
    outer loop
      vertex 11.2196 37.0769 -6.6
      vertex 11.6079 37.0193 -7.6
      vertex 11.2196 37.0769 -7.6
    endloop
  endfacet
  facet normal 0.337014 0.9415 -0
    outer loop
      vertex 10.8389 37.1722 -7.6
      vertex 10.4693 37.3045 -6.6
      vertex 10.8389 37.1722 -6.6
    endloop
  endfacet
  facet normal 0.337014 0.9415 0
    outer loop
      vertex 10.4693 37.3045 -6.6
      vertex 10.8389 37.1722 -7.6
      vertex 10.4693 37.3045 -7.6
    endloop
  endfacet
  facet normal 0.514106 0.857727 -0
    outer loop
      vertex 10.1144 37.4723 -7.6
      vertex 9.77772 37.6741 -6.6
      vertex 10.1144 37.4723 -6.6
    endloop
  endfacet
  facet normal 0.514106 0.857727 0
    outer loop
      vertex 9.77772 37.6741 -6.6
      vertex 10.1144 37.4723 -7.6
      vertex 9.77772 37.6741 -7.6
    endloop
  endfacet
  facet normal 0.80321 0.595695 0
    outer loop
      vertex 8.90796 38.4624 -6.6
      vertex 8.67412 38.7777 -7.6
      vertex 8.67412 38.7777 -6.6
    endloop
  endfacet
  facet normal 0.80321 0.595695 0
    outer loop
      vertex 8.67412 38.7777 -7.6
      vertex 8.90796 38.4624 -6.6
      vertex 8.90796 38.4624 -7.6
    endloop
  endfacet
  facet normal -0.970068 -0.242835 0
    outer loop
      vertex 61.9231 41.7804 -7.6
      vertex 61.8278 42.1611 -6.6
      vertex 61.8278 42.1611 -7.6
    endloop
  endfacet
  facet normal -0.970068 -0.242835 0
    outer loop
      vertex 61.8278 42.1611 -6.6
      vertex 61.9231 41.7804 -7.6
      vertex 61.9231 41.7804 -6.6
    endloop
  endfacet
  facet normal -0.998791 -0.0491626 0
    outer loop
      vertex 62 41 -7.6
      vertex 61.9807 41.3921 -6.6
      vertex 61.9807 41.3921 -7.6
    endloop
  endfacet
  facet normal -0.998791 -0.0491626 0
    outer loop
      vertex 61.9807 41.3921 -6.6
      vertex 62 41 -7.6
      vertex 62 41 -6.6
    endloop
  endfacet
  facet normal 0.0491626 -0.998791 0
    outer loop
      vertex 57.6079 44.9807 -7.6
      vertex 58 45 -6.6
      vertex 57.6079 44.9807 -6.6
    endloop
  endfacet
  facet normal 0.0491626 -0.998791 0
    outer loop
      vertex 58 45 -6.6
      vertex 57.6079 44.9807 -7.6
      vertex 58 45 -7.6
    endloop
  endfacet
  facet normal -0.671607 -0.740908 0
    outer loop
      vertex 60.5376 44.092 -7.6
      vertex 60.8284 43.8284 -6.6
      vertex 60.5376 44.092 -6.6
    endloop
  endfacet
  facet normal -0.671607 -0.740908 -0
    outer loop
      vertex 60.8284 43.8284 -6.6
      vertex 60.5376 44.092 -7.6
      vertex 60.8284 43.8284 -7.6
    endloop
  endfacet
  facet normal 0.740908 -0.671607 0
    outer loop
      vertex 54.908 43.5376 -6.6
      vertex 55.1716 43.8284 -7.6
      vertex 55.1716 43.8284 -6.6
    endloop
  endfacet
  facet normal 0.740908 -0.671607 0
    outer loop
      vertex 55.1716 43.8284 -7.6
      vertex 54.908 43.5376 -6.6
      vertex 54.908 43.5376 -7.6
    endloop
  endfacet
  facet normal 0.42744 -0.904044 0
    outer loop
      vertex 56.1144 44.5277 -7.6
      vertex 56.4693 44.6955 -6.6
      vertex 56.1144 44.5277 -6.6
    endloop
  endfacet
  facet normal 0.42744 -0.904044 0
    outer loop
      vertex 56.4693 44.6955 -6.6
      vertex 56.1144 44.5277 -7.6
      vertex 56.4693 44.6955 -7.6
    endloop
  endfacet
  facet normal 0.740908 0.671607 0
    outer loop
      vertex 55.1716 38.1716 -6.6
      vertex 54.908 38.4624 -7.6
      vertex 54.908 38.4624 -6.6
    endloop
  endfacet
  facet normal 0.740908 0.671607 0
    outer loop
      vertex 54.908 38.4624 -7.6
      vertex 55.1716 38.1716 -6.6
      vertex 55.1716 38.1716 -7.6
    endloop
  endfacet
  facet normal -0.9415 -0.337014 0
    outer loop
      vertex 61.8278 42.1611 -7.6
      vertex 61.6955 42.5307 -6.6
      vertex 61.6955 42.5307 -7.6
    endloop
  endfacet
  facet normal -0.9415 -0.337014 0
    outer loop
      vertex 61.6955 42.5307 -6.6
      vertex 61.8278 42.1611 -7.6
      vertex 61.8278 42.1611 -6.6
    endloop
  endfacet
  facet normal -0.337014 -0.9415 0
    outer loop
      vertex 59.1611 44.8278 -7.6
      vertex 59.5307 44.6955 -6.6
      vertex 59.1611 44.8278 -6.6
    endloop
  endfacet
  facet normal -0.337014 -0.9415 -0
    outer loop
      vertex 59.5307 44.6955 -6.6
      vertex 59.1611 44.8278 -7.6
      vertex 59.5307 44.6955 -7.6
    endloop
  endfacet
  facet normal 0.904044 -0.42744 0
    outer loop
      vertex 54.3045 42.5307 -6.6
      vertex 54.4723 42.8856 -7.6
      vertex 54.4723 42.8856 -6.6
    endloop
  endfacet
  facet normal 0.904044 -0.42744 0
    outer loop
      vertex 54.4723 42.8856 -7.6
      vertex 54.3045 42.5307 -6.6
      vertex 54.3045 42.5307 -7.6
    endloop
  endfacet
  facet normal 0.85774 -0.514084 0
    outer loop
      vertex 54.4723 42.8856 -6.6
      vertex 54.6741 43.2223 -7.6
      vertex 54.6741 43.2223 -6.6
    endloop
  endfacet
  facet normal 0.85774 -0.514084 0
    outer loop
      vertex 54.6741 43.2223 -7.6
      vertex 54.4723 42.8856 -6.6
      vertex 54.4723 42.8856 -7.6
    endloop
  endfacet
  facet normal 0.998791 0.0491626 0
    outer loop
      vertex 54.0193 40.6079 -6.6
      vertex 54 41 -7.6
      vertex 54 41 -6.6
    endloop
  endfacet
  facet normal 0.998791 0.0491626 0
    outer loop
      vertex 54 41 -7.6
      vertex 54.0193 40.6079 -6.6
      vertex 54.0193 40.6079 -7.6
    endloop
  endfacet
  facet normal -0.904044 0.42744 0
    outer loop
      vertex 61.5277 39.1144 -7.6
      vertex 61.6955 39.4693 -6.6
      vertex 61.6955 39.4693 -7.6
    endloop
  endfacet
  facet normal -0.904044 0.42744 0
    outer loop
      vertex 61.6955 39.4693 -6.6
      vertex 61.5277 39.1144 -7.6
      vertex 61.5277 39.1144 -6.6
    endloop
  endfacet
  facet normal -0.337014 0.9415 0
    outer loop
      vertex 59.5307 37.3045 -7.6
      vertex 59.1611 37.1722 -6.6
      vertex 59.5307 37.3045 -6.6
    endloop
  endfacet
  facet normal -0.337014 0.9415 0
    outer loop
      vertex 59.1611 37.1722 -6.6
      vertex 59.5307 37.3045 -7.6
      vertex 59.1611 37.1722 -7.6
    endloop
  endfacet
  facet normal -0.740908 0.671607 0
    outer loop
      vertex 60.8284 38.1716 -7.6
      vertex 61.092 38.4624 -6.6
      vertex 61.092 38.4624 -7.6
    endloop
  endfacet
  facet normal -0.740908 0.671607 0
    outer loop
      vertex 61.092 38.4624 -6.6
      vertex 60.8284 38.1716 -7.6
      vertex 60.8284 38.1716 -6.6
    endloop
  endfacet
  facet normal -0.970068 0.242835 0
    outer loop
      vertex 61.8278 39.8389 -7.6
      vertex 61.9231 40.2196 -6.6
      vertex 61.9231 40.2196 -7.6
    endloop
  endfacet
  facet normal -0.970068 0.242835 0
    outer loop
      vertex 61.9231 40.2196 -6.6
      vertex 61.8278 39.8389 -7.6
      vertex 61.8278 39.8389 -6.6
    endloop
  endfacet
  facet normal 0.242835 0.970068 -0
    outer loop
      vertex 57.2196 37.0769 -7.6
      vertex 56.8389 37.1722 -6.6
      vertex 57.2196 37.0769 -6.6
    endloop
  endfacet
  facet normal 0.242835 0.970068 0
    outer loop
      vertex 56.8389 37.1722 -6.6
      vertex 57.2196 37.0769 -7.6
      vertex 56.8389 37.1722 -7.6
    endloop
  endfacet
  facet normal 0.42744 0.904044 -0
    outer loop
      vertex 56.4693 37.3045 -7.6
      vertex 56.1144 37.4723 -6.6
      vertex 56.4693 37.3045 -6.6
    endloop
  endfacet
  facet normal 0.42744 0.904044 0
    outer loop
      vertex 56.1144 37.4723 -6.6
      vertex 56.4693 37.3045 -7.6
      vertex 56.1144 37.4723 -7.6
    endloop
  endfacet
  facet normal -0.904044 -0.42744 0
    outer loop
      vertex 61.6955 42.5307 -7.6
      vertex 61.5277 42.8856 -6.6
      vertex 61.5277 42.8856 -7.6
    endloop
  endfacet
  facet normal -0.904044 -0.42744 0
    outer loop
      vertex 61.5277 42.8856 -6.6
      vertex 61.6955 42.5307 -7.6
      vertex 61.6955 42.5307 -6.6
    endloop
  endfacet
  facet normal -0.85774 -0.514084 0
    outer loop
      vertex 61.5277 42.8856 -7.6
      vertex 61.3259 43.2223 -6.6
      vertex 61.3259 43.2223 -7.6
    endloop
  endfacet
  facet normal -0.85774 -0.514084 0
    outer loop
      vertex 61.3259 43.2223 -6.6
      vertex 61.5277 42.8856 -7.6
      vertex 61.5277 42.8856 -6.6
    endloop
  endfacet
  facet normal -0.803137 -0.595794 0
    outer loop
      vertex 61.3259 43.2223 -7.6
      vertex 61.092 43.5376 -6.6
      vertex 61.092 43.5376 -7.6
    endloop
  endfacet
  facet normal -0.803137 -0.595794 0
    outer loop
      vertex 61.092 43.5376 -6.6
      vertex 61.3259 43.2223 -7.6
      vertex 61.3259 43.2223 -6.6
    endloop
  endfacet
  facet normal -0.242835 -0.970068 0
    outer loop
      vertex 58.7804 44.9231 -7.6
      vertex 59.1611 44.8278 -6.6
      vertex 58.7804 44.9231 -6.6
    endloop
  endfacet
  facet normal -0.242835 -0.970068 -0
    outer loop
      vertex 59.1611 44.8278 -6.6
      vertex 58.7804 44.9231 -7.6
      vertex 59.1611 44.8278 -7.6
    endloop
  endfacet
  facet normal -0.146733 -0.989176 0
    outer loop
      vertex 58.3921 44.9807 -7.6
      vertex 58.7804 44.9231 -6.6
      vertex 58.3921 44.9807 -6.6
    endloop
  endfacet
  facet normal -0.146733 -0.989176 -0
    outer loop
      vertex 58.7804 44.9231 -6.6
      vertex 58.3921 44.9807 -7.6
      vertex 58.7804 44.9231 -7.6
    endloop
  endfacet
  facet normal -0.595794 -0.803137 0
    outer loop
      vertex 60.2223 44.3259 -7.6
      vertex 60.5376 44.092 -6.6
      vertex 60.2223 44.3259 -6.6
    endloop
  endfacet
  facet normal -0.595794 -0.803137 -0
    outer loop
      vertex 60.5376 44.092 -6.6
      vertex 60.2223 44.3259 -7.6
      vertex 60.5376 44.092 -7.6
    endloop
  endfacet
  facet normal -0.514084 -0.85774 0
    outer loop
      vertex 59.8856 44.5277 -7.6
      vertex 60.2223 44.3259 -6.6
      vertex 59.8856 44.5277 -6.6
    endloop
  endfacet
  facet normal -0.514084 -0.85774 -0
    outer loop
      vertex 60.2223 44.3259 -6.6
      vertex 59.8856 44.5277 -7.6
      vertex 60.2223 44.3259 -7.6
    endloop
  endfacet
  facet normal 0.9415 -0.337014 0
    outer loop
      vertex 54.1722 42.1611 -6.6
      vertex 54.3045 42.5307 -7.6
      vertex 54.3045 42.5307 -6.6
    endloop
  endfacet
  facet normal 0.9415 -0.337014 0
    outer loop
      vertex 54.3045 42.5307 -7.6
      vertex 54.1722 42.1611 -6.6
      vertex 54.1722 42.1611 -7.6
    endloop
  endfacet
  facet normal 0.989176 -0.146733 0
    outer loop
      vertex 54.0193 41.3921 -6.6
      vertex 54.0769 41.7804 -7.6
      vertex 54.0769 41.7804 -6.6
    endloop
  endfacet
  facet normal 0.989176 -0.146733 0
    outer loop
      vertex 54.0769 41.7804 -7.6
      vertex 54.0193 41.3921 -6.6
      vertex 54.0193 41.3921 -7.6
    endloop
  endfacet
  facet normal 0.595794 -0.803137 0
    outer loop
      vertex 55.4624 44.092 -7.6
      vertex 55.7777 44.3259 -6.6
      vertex 55.4624 44.092 -6.6
    endloop
  endfacet
  facet normal 0.595794 -0.803137 0
    outer loop
      vertex 55.7777 44.3259 -6.6
      vertex 55.4624 44.092 -7.6
      vertex 55.7777 44.3259 -7.6
    endloop
  endfacet
  facet normal 0.146733 -0.989176 0
    outer loop
      vertex 57.2196 44.9231 -7.6
      vertex 57.6079 44.9807 -6.6
      vertex 57.2196 44.9231 -6.6
    endloop
  endfacet
  facet normal 0.146733 -0.989176 0
    outer loop
      vertex 57.6079 44.9807 -6.6
      vertex 57.2196 44.9231 -7.6
      vertex 57.6079 44.9807 -7.6
    endloop
  endfacet
  facet normal 0.242835 -0.970068 0
    outer loop
      vertex 56.8389 44.8278 -7.6
      vertex 57.2196 44.9231 -6.6
      vertex 56.8389 44.8278 -6.6
    endloop
  endfacet
  facet normal 0.242835 -0.970068 0
    outer loop
      vertex 57.2196 44.9231 -6.6
      vertex 56.8389 44.8278 -7.6
      vertex 57.2196 44.9231 -7.6
    endloop
  endfacet
  facet normal -0.146733 0.989176 0
    outer loop
      vertex 58.7804 37.0769 -7.6
      vertex 58.3921 37.0193 -6.6
      vertex 58.7804 37.0769 -6.6
    endloop
  endfacet
  facet normal -0.146733 0.989176 0
    outer loop
      vertex 58.3921 37.0193 -6.6
      vertex 58.7804 37.0769 -7.6
      vertex 58.3921 37.0193 -7.6
    endloop
  endfacet
  facet normal -0.242835 0.970068 0
    outer loop
      vertex 59.1611 37.1722 -7.6
      vertex 58.7804 37.0769 -6.6
      vertex 59.1611 37.1722 -6.6
    endloop
  endfacet
  facet normal -0.242835 0.970068 0
    outer loop
      vertex 58.7804 37.0769 -6.6
      vertex 59.1611 37.1722 -7.6
      vertex 58.7804 37.0769 -7.6
    endloop
  endfacet
  facet normal -0.514084 0.85774 0
    outer loop
      vertex 60.2223 37.6741 -7.6
      vertex 59.8856 37.4723 -6.6
      vertex 60.2223 37.6741 -6.6
    endloop
  endfacet
  facet normal -0.514084 0.85774 0
    outer loop
      vertex 59.8856 37.4723 -6.6
      vertex 60.2223 37.6741 -7.6
      vertex 59.8856 37.4723 -7.6
    endloop
  endfacet
  facet normal -0.671607 0.740908 0
    outer loop
      vertex 60.8284 38.1716 -7.6
      vertex 60.5376 37.908 -6.6
      vertex 60.8284 38.1716 -6.6
    endloop
  endfacet
  facet normal -0.671607 0.740908 0
    outer loop
      vertex 60.5376 37.908 -6.6
      vertex 60.8284 38.1716 -7.6
      vertex 60.5376 37.908 -7.6
    endloop
  endfacet
  facet normal -0.595794 0.803137 0
    outer loop
      vertex 60.5376 37.908 -7.6
      vertex 60.2223 37.6741 -6.6
      vertex 60.5376 37.908 -6.6
    endloop
  endfacet
  facet normal -0.595794 0.803137 0
    outer loop
      vertex 60.2223 37.6741 -6.6
      vertex 60.5376 37.908 -7.6
      vertex 60.2223 37.6741 -7.6
    endloop
  endfacet
  facet normal -0.803137 0.595794 0
    outer loop
      vertex 61.092 38.4624 -7.6
      vertex 61.3259 38.7777 -6.6
      vertex 61.3259 38.7777 -7.6
    endloop
  endfacet
  facet normal -0.803137 0.595794 0
    outer loop
      vertex 61.3259 38.7777 -6.6
      vertex 61.092 38.4624 -7.6
      vertex 61.092 38.4624 -6.6
    endloop
  endfacet
  facet normal -0.85774 0.514084 0
    outer loop
      vertex 61.3259 38.7777 -7.6
      vertex 61.5277 39.1144 -6.6
      vertex 61.5277 39.1144 -7.6
    endloop
  endfacet
  facet normal -0.85774 0.514084 0
    outer loop
      vertex 61.5277 39.1144 -6.6
      vertex 61.3259 38.7777 -7.6
      vertex 61.3259 38.7777 -6.6
    endloop
  endfacet
  facet normal 0.0491626 0.998791 -0
    outer loop
      vertex 58 37 -7.6
      vertex 57.6079 37.0193 -6.6
      vertex 58 37 -6.6
    endloop
  endfacet
  facet normal 0.0491626 0.998791 0
    outer loop
      vertex 57.6079 37.0193 -6.6
      vertex 58 37 -7.6
      vertex 57.6079 37.0193 -7.6
    endloop
  endfacet
  facet normal 0.595794 0.803137 -0
    outer loop
      vertex 55.7777 37.6741 -7.6
      vertex 55.4624 37.908 -6.6
      vertex 55.7777 37.6741 -6.6
    endloop
  endfacet
  facet normal 0.595794 0.803137 0
    outer loop
      vertex 55.4624 37.908 -6.6
      vertex 55.7777 37.6741 -7.6
      vertex 55.4624 37.908 -7.6
    endloop
  endfacet
  facet normal 0.337014 0.9415 -0
    outer loop
      vertex 56.8389 37.1722 -7.6
      vertex 56.4693 37.3045 -6.6
      vertex 56.8389 37.1722 -6.6
    endloop
  endfacet
  facet normal 0.337014 0.9415 0
    outer loop
      vertex 56.4693 37.3045 -6.6
      vertex 56.8389 37.1722 -7.6
      vertex 56.4693 37.3045 -7.6
    endloop
  endfacet
  facet normal -0.0491626 0.998791 0
    outer loop
      vertex 58.3921 37.0193 -7.6
      vertex 58 37 -6.6
      vertex 58.3921 37.0193 -6.6
    endloop
  endfacet
  facet normal -0.0491626 0.998791 0
    outer loop
      vertex 58 37 -6.6
      vertex 58.3921 37.0193 -7.6
      vertex 58 37 -7.6
    endloop
  endfacet
  facet normal 0.514084 0.85774 -0
    outer loop
      vertex 56.1144 37.4723 -7.6
      vertex 55.7777 37.6741 -6.6
      vertex 56.1144 37.4723 -6.6
    endloop
  endfacet
  facet normal 0.514084 0.85774 0
    outer loop
      vertex 55.7777 37.6741 -6.6
      vertex 56.1144 37.4723 -7.6
      vertex 55.7777 37.6741 -7.6
    endloop
  endfacet
  facet normal 0.671607 0.740908 -0
    outer loop
      vertex 55.4624 37.908 -7.6
      vertex 55.1716 38.1716 -6.6
      vertex 55.4624 37.908 -6.6
    endloop
  endfacet
  facet normal 0.671607 0.740908 0
    outer loop
      vertex 55.1716 38.1716 -6.6
      vertex 55.4624 37.908 -7.6
      vertex 55.1716 38.1716 -7.6
    endloop
  endfacet
  facet normal 0.85774 0.514084 0
    outer loop
      vertex 54.6741 38.7777 -6.6
      vertex 54.4723 39.1144 -7.6
      vertex 54.4723 39.1144 -6.6
    endloop
  endfacet
  facet normal 0.85774 0.514084 0
    outer loop
      vertex 54.4723 39.1144 -7.6
      vertex 54.6741 38.7777 -6.6
      vertex 54.6741 38.7777 -7.6
    endloop
  endfacet
  facet normal 0.9415 0.337014 0
    outer loop
      vertex 54.3045 39.4693 -6.6
      vertex 54.1722 39.8389 -7.6
      vertex 54.1722 39.8389 -6.6
    endloop
  endfacet
  facet normal 0.9415 0.337014 0
    outer loop
      vertex 54.1722 39.8389 -7.6
      vertex 54.3045 39.4693 -6.6
      vertex 54.3045 39.4693 -7.6
    endloop
  endfacet
  facet normal 0.989176 0.146733 0
    outer loop
      vertex 54.0769 40.2196 -6.6
      vertex 54.0193 40.6079 -7.6
      vertex 54.0193 40.6079 -6.6
    endloop
  endfacet
  facet normal 0.989176 0.146733 0
    outer loop
      vertex 54.0193 40.6079 -7.6
      vertex 54.0769 40.2196 -6.6
      vertex 54.0769 40.2196 -7.6
    endloop
  endfacet
  facet normal 0.904044 0.42744 0
    outer loop
      vertex 54.4723 39.1144 -6.6
      vertex 54.3045 39.4693 -7.6
      vertex 54.3045 39.4693 -6.6
    endloop
  endfacet
  facet normal 0.904044 0.42744 0
    outer loop
      vertex 54.3045 39.4693 -7.6
      vertex 54.4723 39.1144 -6.6
      vertex 54.4723 39.1144 -7.6
    endloop
  endfacet
  facet normal -0.989176 -0.146733 0
    outer loop
      vertex 61.9807 41.3921 -7.6
      vertex 61.9231 41.7804 -6.6
      vertex 61.9231 41.7804 -7.6
    endloop
  endfacet
  facet normal -0.989176 -0.146733 0
    outer loop
      vertex 61.9231 41.7804 -6.6
      vertex 61.9807 41.3921 -7.6
      vertex 61.9807 41.3921 -6.6
    endloop
  endfacet
  facet normal -0.740908 -0.671607 0
    outer loop
      vertex 61.092 43.5376 -7.6
      vertex 60.8284 43.8284 -6.6
      vertex 60.8284 43.8284 -7.6
    endloop
  endfacet
  facet normal -0.740908 -0.671607 0
    outer loop
      vertex 60.8284 43.8284 -6.6
      vertex 61.092 43.5376 -7.6
      vertex 61.092 43.5376 -6.6
    endloop
  endfacet
  facet normal -0.0491626 -0.998791 0
    outer loop
      vertex 58 45 -7.6
      vertex 58.3921 44.9807 -6.6
      vertex 58 45 -6.6
    endloop
  endfacet
  facet normal -0.0491626 -0.998791 -0
    outer loop
      vertex 58.3921 44.9807 -6.6
      vertex 58 45 -7.6
      vertex 58.3921 44.9807 -7.6
    endloop
  endfacet
  facet normal -0.42744 -0.904044 0
    outer loop
      vertex 59.5307 44.6955 -7.6
      vertex 59.8856 44.5277 -6.6
      vertex 59.5307 44.6955 -6.6
    endloop
  endfacet
  facet normal -0.42744 -0.904044 -0
    outer loop
      vertex 59.8856 44.5277 -6.6
      vertex 59.5307 44.6955 -7.6
      vertex 59.8856 44.5277 -7.6
    endloop
  endfacet
  facet normal 0.803137 -0.595794 0
    outer loop
      vertex 54.6741 43.2223 -6.6
      vertex 54.908 43.5376 -7.6
      vertex 54.908 43.5376 -6.6
    endloop
  endfacet
  facet normal 0.803137 -0.595794 0
    outer loop
      vertex 54.908 43.5376 -7.6
      vertex 54.6741 43.2223 -6.6
      vertex 54.6741 43.2223 -7.6
    endloop
  endfacet
  facet normal 0 0 -1
    outer loop
      vertex 61.9807 40.6079 -6.6
      vertex 61.9807 41.3921 -6.6
      vertex 62 41 -6.6
    endloop
  endfacet
  facet normal 0 0 -1
    outer loop
      vertex 61.9231 40.2196 -6.6
      vertex 61.9807 41.3921 -6.6
      vertex 61.9807 40.6079 -6.6
    endloop
  endfacet
  facet normal 0 0 -1
    outer loop
      vertex 61.9231 40.2196 -6.6
      vertex 61.9231 41.7804 -6.6
      vertex 61.9807 41.3921 -6.6
    endloop
  endfacet
  facet normal 0 0 -1
    outer loop
      vertex 61.8278 39.8389 -6.6
      vertex 61.9231 41.7804 -6.6
      vertex 61.9231 40.2196 -6.6
    endloop
  endfacet
  facet normal 0 0 -1
    outer loop
      vertex 61.8278 39.8389 -6.6
      vertex 61.8278 42.1611 -6.6
      vertex 61.9231 41.7804 -6.6
    endloop
  endfacet
  facet normal 0 0 -1
    outer loop
      vertex 61.6955 39.4693 -6.6
      vertex 61.8278 42.1611 -6.6
      vertex 61.8278 39.8389 -6.6
    endloop
  endfacet
  facet normal 0 0 -1
    outer loop
      vertex 61.6955 39.4693 -6.6
      vertex 61.6955 42.5307 -6.6
      vertex 61.8278 42.1611 -6.6
    endloop
  endfacet
  facet normal 0 0 -1
    outer loop
      vertex 61.5277 39.1144 -6.6
      vertex 61.6955 42.5307 -6.6
      vertex 61.6955 39.4693 -6.6
    endloop
  endfacet
  facet normal 0 0 -1
    outer loop
      vertex 61.5277 39.1144 -6.6
      vertex 61.5277 42.8856 -6.6
      vertex 61.6955 42.5307 -6.6
    endloop
  endfacet
  facet normal 0 0 -1
    outer loop
      vertex 61.3259 38.7777 -6.6
      vertex 61.5277 42.8856 -6.6
      vertex 61.5277 39.1144 -6.6
    endloop
  endfacet
  facet normal 0 0 -1
    outer loop
      vertex 61.3259 38.7777 -6.6
      vertex 61.3259 43.2223 -6.6
      vertex 61.5277 42.8856 -6.6
    endloop
  endfacet
  facet normal 0 0 -1
    outer loop
      vertex 61.092 38.4624 -6.6
      vertex 61.3259 43.2223 -6.6
      vertex 61.3259 38.7777 -6.6
    endloop
  endfacet
  facet normal 0 0 -1
    outer loop
      vertex 61.092 38.4624 -6.6
      vertex 61.092 43.5376 -6.6
      vertex 61.3259 43.2223 -6.6
    endloop
  endfacet
  facet normal 0 0 -1
    outer loop
      vertex 60.8284 38.1716 -6.6
      vertex 61.092 43.5376 -6.6
      vertex 61.092 38.4624 -6.6
    endloop
  endfacet
  facet normal 0 0 -1
    outer loop
      vertex 60.8284 38.1716 -6.6
      vertex 60.8284 43.8284 -6.6
      vertex 61.092 43.5376 -6.6
    endloop
  endfacet
  facet normal 0 0 -1
    outer loop
      vertex 60.5376 37.908 -6.6
      vertex 60.8284 43.8284 -6.6
      vertex 60.8284 38.1716 -6.6
    endloop
  endfacet
  facet normal 0 0 -1
    outer loop
      vertex 60.5376 37.908 -6.6
      vertex 60.5376 44.092 -6.6
      vertex 60.8284 43.8284 -6.6
    endloop
  endfacet
  facet normal 0 0 -1
    outer loop
      vertex 60.2223 37.6741 -6.6
      vertex 60.5376 44.092 -6.6
      vertex 60.5376 37.908 -6.6
    endloop
  endfacet
  facet normal 0 0 -1
    outer loop
      vertex 60.2223 37.6741 -6.6
      vertex 60.2223 44.3259 -6.6
      vertex 60.5376 44.092 -6.6
    endloop
  endfacet
  facet normal 0 0 -1
    outer loop
      vertex 59.8856 37.4723 -6.6
      vertex 60.2223 44.3259 -6.6
      vertex 60.2223 37.6741 -6.6
    endloop
  endfacet
  facet normal 0 0 -1
    outer loop
      vertex 59.8856 37.4723 -6.6
      vertex 59.8856 44.5277 -6.6
      vertex 60.2223 44.3259 -6.6
    endloop
  endfacet
  facet normal 0 0 -1
    outer loop
      vertex 59.5307 37.3045 -6.6
      vertex 59.8856 44.5277 -6.6
      vertex 59.8856 37.4723 -6.6
    endloop
  endfacet
  facet normal 0 0 -1
    outer loop
      vertex 59.5307 37.3045 -6.6
      vertex 59.5307 44.6955 -6.6
      vertex 59.8856 44.5277 -6.6
    endloop
  endfacet
  facet normal 0 0 -1
    outer loop
      vertex 59.1611 37.1722 -6.6
      vertex 59.5307 44.6955 -6.6
      vertex 59.5307 37.3045 -6.6
    endloop
  endfacet
  facet normal 0 0 -1
    outer loop
      vertex 59.1611 37.1722 -6.6
      vertex 59.1611 44.8278 -6.6
      vertex 59.5307 44.6955 -6.6
    endloop
  endfacet
  facet normal 0 0 -1
    outer loop
      vertex 58.7804 37.0769 -6.6
      vertex 59.1611 44.8278 -6.6
      vertex 59.1611 37.1722 -6.6
    endloop
  endfacet
  facet normal 0 0 -1
    outer loop
      vertex 58.7804 37.0769 -6.6
      vertex 58.7804 44.9231 -6.6
      vertex 59.1611 44.8278 -6.6
    endloop
  endfacet
  facet normal 0 0 -1
    outer loop
      vertex 58.3921 37.0193 -6.6
      vertex 58.7804 44.9231 -6.6
      vertex 58.7804 37.0769 -6.6
    endloop
  endfacet
  facet normal 0 0 -1
    outer loop
      vertex 58.3921 37.0193 -6.6
      vertex 58.3921 44.9807 -6.6
      vertex 58.7804 44.9231 -6.6
    endloop
  endfacet
  facet normal 0 0 -1
    outer loop
      vertex 58 37 -6.6
      vertex 58.3921 44.9807 -6.6
      vertex 58.3921 37.0193 -6.6
    endloop
  endfacet
  facet normal 0 0 -1
    outer loop
      vertex 58 37 -6.6
      vertex 58 45 -6.6
      vertex 58.3921 44.9807 -6.6
    endloop
  endfacet
  facet normal 0 0 -1
    outer loop
      vertex 57.6079 37.0193 -6.6
      vertex 58 45 -6.6
      vertex 58 37 -6.6
    endloop
  endfacet
  facet normal 0 0 -1
    outer loop
      vertex 57.6079 37.0193 -6.6
      vertex 57.6079 44.9807 -6.6
      vertex 58 45 -6.6
    endloop
  endfacet
  facet normal 0 0 -1
    outer loop
      vertex 57.2196 37.0769 -6.6
      vertex 57.6079 44.9807 -6.6
      vertex 57.6079 37.0193 -6.6
    endloop
  endfacet
  facet normal 0 0 -1
    outer loop
      vertex 57.2196 37.0769 -6.6
      vertex 57.2196 44.9231 -6.6
      vertex 57.6079 44.9807 -6.6
    endloop
  endfacet
  facet normal 0 0 -1
    outer loop
      vertex 56.8389 37.1722 -6.6
      vertex 57.2196 44.9231 -6.6
      vertex 57.2196 37.0769 -6.6
    endloop
  endfacet
  facet normal 0 0 -1
    outer loop
      vertex 56.8389 37.1722 -6.6
      vertex 56.8389 44.8278 -6.6
      vertex 57.2196 44.9231 -6.6
    endloop
  endfacet
  facet normal 0 0 -1
    outer loop
      vertex 56.4693 37.3045 -6.6
      vertex 56.8389 44.8278 -6.6
      vertex 56.8389 37.1722 -6.6
    endloop
  endfacet
  facet normal 0 0 -1
    outer loop
      vertex 56.4693 37.3045 -6.6
      vertex 56.4693 44.6955 -6.6
      vertex 56.8389 44.8278 -6.6
    endloop
  endfacet
  facet normal 0 0 -1
    outer loop
      vertex 56.1144 37.4723 -6.6
      vertex 56.4693 44.6955 -6.6
      vertex 56.4693 37.3045 -6.6
    endloop
  endfacet
  facet normal 0 0 -1
    outer loop
      vertex 56.1144 37.4723 -6.6
      vertex 56.1144 44.5277 -6.6
      vertex 56.4693 44.6955 -6.6
    endloop
  endfacet
  facet normal 0 0 -1
    outer loop
      vertex 55.7777 37.6741 -6.6
      vertex 56.1144 44.5277 -6.6
      vertex 56.1144 37.4723 -6.6
    endloop
  endfacet
  facet normal 0 0 -1
    outer loop
      vertex 55.7777 37.6741 -6.6
      vertex 55.7777 44.3259 -6.6
      vertex 56.1144 44.5277 -6.6
    endloop
  endfacet
  facet normal 0 0 -1
    outer loop
      vertex 55.4624 37.908 -6.6
      vertex 55.7777 44.3259 -6.6
      vertex 55.7777 37.6741 -6.6
    endloop
  endfacet
  facet normal 0 0 -1
    outer loop
      vertex 55.4624 37.908 -6.6
      vertex 55.4624 44.092 -6.6
      vertex 55.7777 44.3259 -6.6
    endloop
  endfacet
  facet normal 0 0 -1
    outer loop
      vertex 55.1716 38.1716 -6.6
      vertex 55.4624 44.092 -6.6
      vertex 55.4624 37.908 -6.6
    endloop
  endfacet
  facet normal 0 0 -1
    outer loop
      vertex 55.1716 38.1716 -6.6
      vertex 55.1716 43.8284 -6.6
      vertex 55.4624 44.092 -6.6
    endloop
  endfacet
  facet normal 0 0 -1
    outer loop
      vertex 54.908 38.4624 -6.6
      vertex 55.1716 43.8284 -6.6
      vertex 55.1716 38.1716 -6.6
    endloop
  endfacet
  facet normal 0 0 -1
    outer loop
      vertex 54.908 38.4624 -6.6
      vertex 54.908 43.5376 -6.6
      vertex 55.1716 43.8284 -6.6
    endloop
  endfacet
  facet normal 0 0 -1
    outer loop
      vertex 54.6741 38.7777 -6.6
      vertex 54.908 43.5376 -6.6
      vertex 54.908 38.4624 -6.6
    endloop
  endfacet
  facet normal 0 0 -1
    outer loop
      vertex 54.6741 38.7777 -6.6
      vertex 54.6741 43.2223 -6.6
      vertex 54.908 43.5376 -6.6
    endloop
  endfacet
  facet normal 0 0 -1
    outer loop
      vertex 54.4723 39.1144 -6.6
      vertex 54.6741 43.2223 -6.6
      vertex 54.6741 38.7777 -6.6
    endloop
  endfacet
  facet normal 0 0 -1
    outer loop
      vertex 54.4723 39.1144 -6.6
      vertex 54.4723 42.8856 -6.6
      vertex 54.6741 43.2223 -6.6
    endloop
  endfacet
  facet normal 0 0 -1
    outer loop
      vertex 54.3045 39.4693 -6.6
      vertex 54.4723 42.8856 -6.6
      vertex 54.4723 39.1144 -6.6
    endloop
  endfacet
  facet normal 0 0 -1
    outer loop
      vertex 54.3045 39.4693 -6.6
      vertex 54.3045 42.5307 -6.6
      vertex 54.4723 42.8856 -6.6
    endloop
  endfacet
  facet normal 0 0 -1
    outer loop
      vertex 54.1722 39.8389 -6.6
      vertex 54.3045 42.5307 -6.6
      vertex 54.3045 39.4693 -6.6
    endloop
  endfacet
  facet normal 0 0 -1
    outer loop
      vertex 54.1722 39.8389 -6.6
      vertex 54.1722 42.1611 -6.6
      vertex 54.3045 42.5307 -6.6
    endloop
  endfacet
  facet normal 0 0 -1
    outer loop
      vertex 54.0769 40.2196 -6.6
      vertex 54.1722 42.1611 -6.6
      vertex 54.1722 39.8389 -6.6
    endloop
  endfacet
  facet normal 0 0 -1
    outer loop
      vertex 54.0769 40.2196 -6.6
      vertex 54.0769 41.7804 -6.6
      vertex 54.1722 42.1611 -6.6
    endloop
  endfacet
  facet normal 0 0 -1
    outer loop
      vertex 54.0193 40.6079 -6.6
      vertex 54.0769 41.7804 -6.6
      vertex 54.0769 40.2196 -6.6
    endloop
  endfacet
  facet normal 0 0 -1
    outer loop
      vertex 54.0193 40.6079 -6.6
      vertex 54.0193 41.3921 -6.6
      vertex 54.0769 41.7804 -6.6
    endloop
  endfacet
  facet normal 0 -0 -1
    outer loop
      vertex 54.0193 41.3921 -6.6
      vertex 54.0193 40.6079 -6.6
      vertex 54 41 -6.6
    endloop
  endfacet
  facet normal 0.998791 -0.0491626 0
    outer loop
      vertex 54 41 -6.6
      vertex 54.0193 41.3921 -7.6
      vertex 54.0193 41.3921 -6.6
    endloop
  endfacet
  facet normal 0.998791 -0.0491626 0
    outer loop
      vertex 54.0193 41.3921 -7.6
      vertex 54 41 -6.6
      vertex 54 41 -7.6
    endloop
  endfacet
  facet normal 0.970068 -0.242835 0
    outer loop
      vertex 54.0769 41.7804 -6.6
      vertex 54.1722 42.1611 -7.6
      vertex 54.1722 42.1611 -6.6
    endloop
  endfacet
  facet normal 0.970068 -0.242835 0
    outer loop
      vertex 54.1722 42.1611 -7.6
      vertex 54.0769 41.7804 -6.6
      vertex 54.0769 41.7804 -7.6
    endloop
  endfacet
  facet normal 0.671607 -0.740908 0
    outer loop
      vertex 55.1716 43.8284 -7.6
      vertex 55.4624 44.092 -6.6
      vertex 55.1716 43.8284 -6.6
    endloop
  endfacet
  facet normal 0.671607 -0.740908 0
    outer loop
      vertex 55.4624 44.092 -6.6
      vertex 55.1716 43.8284 -7.6
      vertex 55.4624 44.092 -7.6
    endloop
  endfacet
  facet normal 0.514084 -0.85774 0
    outer loop
      vertex 55.7777 44.3259 -7.6
      vertex 56.1144 44.5277 -6.6
      vertex 55.7777 44.3259 -6.6
    endloop
  endfacet
  facet normal 0.514084 -0.85774 0
    outer loop
      vertex 56.1144 44.5277 -6.6
      vertex 55.7777 44.3259 -7.6
      vertex 56.1144 44.5277 -7.6
    endloop
  endfacet
  facet normal 0.337014 -0.9415 0
    outer loop
      vertex 56.4693 44.6955 -7.6
      vertex 56.8389 44.8278 -6.6
      vertex 56.4693 44.6955 -6.6
    endloop
  endfacet
  facet normal 0.337014 -0.9415 0
    outer loop
      vertex 56.8389 44.8278 -6.6
      vertex 56.4693 44.6955 -7.6
      vertex 56.8389 44.8278 -7.6
    endloop
  endfacet
  facet normal -0.42744 0.904044 0
    outer loop
      vertex 59.8856 37.4723 -7.6
      vertex 59.5307 37.3045 -6.6
      vertex 59.8856 37.4723 -6.6
    endloop
  endfacet
  facet normal -0.42744 0.904044 0
    outer loop
      vertex 59.5307 37.3045 -6.6
      vertex 59.8856 37.4723 -7.6
      vertex 59.5307 37.3045 -7.6
    endloop
  endfacet
  facet normal -0.9415 0.337014 0
    outer loop
      vertex 61.6955 39.4693 -7.6
      vertex 61.8278 39.8389 -6.6
      vertex 61.8278 39.8389 -7.6
    endloop
  endfacet
  facet normal -0.9415 0.337014 0
    outer loop
      vertex 61.8278 39.8389 -6.6
      vertex 61.6955 39.4693 -7.6
      vertex 61.6955 39.4693 -6.6
    endloop
  endfacet
  facet normal -0.989176 0.146733 0
    outer loop
      vertex 61.9231 40.2196 -7.6
      vertex 61.9807 40.6079 -6.6
      vertex 61.9807 40.6079 -7.6
    endloop
  endfacet
  facet normal -0.989176 0.146733 0
    outer loop
      vertex 61.9807 40.6079 -6.6
      vertex 61.9231 40.2196 -7.6
      vertex 61.9231 40.2196 -6.6
    endloop
  endfacet
  facet normal -0.998791 0.0491626 0
    outer loop
      vertex 61.9807 40.6079 -7.6
      vertex 62 41 -6.6
      vertex 62 41 -7.6
    endloop
  endfacet
  facet normal -0.998791 0.0491626 0
    outer loop
      vertex 62 41 -6.6
      vertex 61.9807 40.6079 -7.6
      vertex 61.9807 40.6079 -6.6
    endloop
  endfacet
  facet normal 0.146733 0.989176 -0
    outer loop
      vertex 57.6079 37.0193 -7.6
      vertex 57.2196 37.0769 -6.6
      vertex 57.6079 37.0193 -6.6
    endloop
  endfacet
  facet normal 0.146733 0.989176 0
    outer loop
      vertex 57.2196 37.0769 -6.6
      vertex 57.6079 37.0193 -7.6
      vertex 57.2196 37.0769 -7.6
    endloop
  endfacet
  facet normal 0.803137 0.595794 0
    outer loop
      vertex 54.908 38.4624 -6.6
      vertex 54.6741 38.7777 -7.6
      vertex 54.6741 38.7777 -6.6
    endloop
  endfacet
  facet normal 0.803137 0.595794 0
    outer loop
      vertex 54.6741 38.7777 -7.6
      vertex 54.908 38.4624 -6.6
      vertex 54.908 38.4624 -7.6
    endloop
  endfacet
  facet normal 0.970068 0.242835 0
    outer loop
      vertex 54.1722 39.8389 -6.6
      vertex 54.0769 40.2196 -7.6
      vertex 54.0769 40.2196 -6.6
    endloop
  endfacet
  facet normal 0.970068 0.242835 0
    outer loop
      vertex 54.0769 40.2196 -7.6
      vertex 54.1722 39.8389 -6.6
      vertex 54.1722 39.8389 -7.6
    endloop
  endfacet
endsolid OpenSCAD_Model
